time,event,object,scene,location
2014-11-07T20:06:52.706Z,App Started,iPad2,5,,
2014-11-07T20:06:52.723Z,Character Selected,monster2,,
2014-11-07T20:07:23.750Z,Touch start,static,Table,{330, 716}
2014-11-07T20:07:23.898Z,Touch move,static,Table,{339, 711}
2014-11-07T20:07:23.915Z,Touch move,static,Table,{340, 711}
2014-11-07T20:07:23.932Z,Touch move,static,Table,{342, 711}
2014-11-07T20:07:23.948Z,Touch move,static,Table,{343, 711}
2014-11-07T20:07:23.964Z,Touch move,static,Table,{344, 711}
2014-11-07T20:07:23.981Z,Touch move,static,Table,{345, 711}
2014-11-07T20:07:24.048Z,Touch move,static,Table,{345, 712}
2014-11-07T20:07:24.064Z,Touch end,static,Table,{343, 714}
2014-11-07T20:07:28.599Z,Touch start,static,Table,{311, 767}
2014-11-07T20:07:28.706Z,Touch move,static,Table,{315, 773}
2014-11-07T20:07:28.722Z,Touch move,static,Table,{315, 777}
2014-11-07T20:07:28.739Z,Touch move,static,Table,{316, 783}
2014-11-07T20:07:28.755Z,Touch move,static,Table,{317, 794}
2014-11-07T20:07:28.773Z,Touch move,static,Table,{319, 806}
2014-11-07T20:07:28.789Z,Touch move,static,Table,{319, 822}
2014-11-07T20:07:28.805Z,Touch move,static,Table,{320, 840}
2014-11-07T20:07:28.822Z,Touch move,static,Table,{320, 858}
2014-11-07T20:07:28.839Z,Touch move,static,Table,{320, 878}
2014-11-07T20:07:28.856Z,Touch move,static,Table,{320, 897}
2014-11-07T20:07:28.872Z,Touch move,static,Table,{320, 914}
2014-11-07T20:07:28.888Z,Touch move,static,Table,{320, 933}
2014-11-07T20:07:28.905Z,Touch move,static,Table,{320, 952}
2014-11-07T20:07:28.922Z,Touch move,static,Table,{320, 975}
2014-11-07T20:07:28.940Z,Touch move,static,Table,{320, 1002}
2014-11-07T20:07:28.956Z,Touch move,static,Table,{317, 1017}
2014-11-07T20:07:28.972Z,Touch end,static,Table,{315, 1023}
2014-11-07T20:07:36.606Z,Touch start,salt,Table,{790, 197}
2014-11-07T20:07:36.622Z,Touch move,salt,Table,{143, 765}
2014-11-07T20:07:36.639Z,Touch move,salt,Table,{143, 763}
2014-11-07T20:07:36.658Z,Touch start,static,Table,{403, 718}
2014-11-07T20:07:36.658Z,Touch move,salt,Table,{142, 762}
2014-11-07T20:07:36.672Z,Touch move,salt,Table,{139, 759}
2014-11-07T20:07:36.673Z,Touch move,static,Table,{402, 718}
2014-11-07T20:07:36.688Z,Touch move,salt,Table,{135, 755}
2014-11-07T20:07:36.688Z,Touch move,static,Table,{401, 714}
2014-11-07T20:07:36.707Z,Touch move,salt,Table,{127, 747}
2014-11-07T20:07:36.707Z,Touch move,static,Table,{399, 705}
2014-11-07T20:07:36.722Z,Touch move,salt,Table,{119, 739}
2014-11-07T20:07:36.722Z,Touch end,static,Table,{399, 705}
2014-11-07T20:07:36.739Z,Touch move,salt,Table,{108, 730}
2014-11-07T20:07:36.755Z,Touch move,salt,Table,{99, 720}
2014-11-07T20:07:36.771Z,Touch end,salt,Table,{720, 194.5}
2014-11-07T20:07:36.839Z,Touch start,static,Table,{349, 610}
2014-11-07T20:07:36.855Z,Touch move,static,Table,{347, 603}
2014-11-07T20:07:36.872Z,Touch move,static,Table,{346, 592}
2014-11-07T20:07:36.888Z,Touch move,static,Table,{343, 585}
2014-11-07T20:07:36.905Z,Touch move,static,Table,{340, 579}
2014-11-07T20:07:36.922Z,Touch move,static,Table,{338, 574}
2014-11-07T20:07:36.938Z,Touch move,static,Table,{337, 572}
2014-11-07T20:07:36.954Z,Touch move,static,Table,{335, 570}
2014-11-07T20:07:36.971Z,Touch move,static,Table,{334, 570}
2014-11-07T20:07:36.988Z,Touch move,static,Table,{331, 573}
2014-11-07T20:07:37.004Z,Touch move,static,Table,{329, 580}
2014-11-07T20:07:37.021Z,Touch move,static,Table,{327, 589}
2014-11-07T20:07:37.038Z,Touch move,static,Table,{323, 602}
2014-11-07T20:07:37.054Z,Touch move,static,Table,{320, 619}
2014-11-07T20:07:37.071Z,Touch move,static,Table,{315, 641}
2014-11-07T20:07:37.088Z,Touch move,static,Table,{308, 670}
2014-11-07T20:07:37.104Z,Touch move,static,Table,{299, 698}
2014-11-07T20:07:37.121Z,Touch move,static,Table,{284, 730}
2014-11-07T20:07:37.137Z,Touch move,static,Table,{268, 767}
2014-11-07T20:07:37.155Z,Touch move,static,Table,{250, 804}
2014-11-07T20:07:37.170Z,Touch move,static,Table,{228, 842}
2014-11-07T20:07:37.187Z,Touch move,static,Table,{208, 880}
2014-11-07T20:07:37.204Z,Touch move,static,Table,{183, 918}
2014-11-07T20:07:37.220Z,Touch move,static,Table,{158, 956}
2014-11-07T20:07:37.237Z,Touch end,static,Table,{129, 994}
2014-11-07T20:07:37.871Z,Touch start,static,Table,{315, 635}
2014-11-07T20:07:37.903Z,Touch move,static,Table,{315, 641}
2014-11-07T20:07:37.919Z,Touch move,static,Table,{315, 650}
2014-11-07T20:07:37.935Z,Touch move,static,Table,{314, 660}
2014-11-07T20:07:37.952Z,Touch move,static,Table,{311, 671}
2014-11-07T20:07:37.969Z,Touch move,static,Table,{308, 686}
2014-11-07T20:07:37.986Z,Touch move,static,Table,{305, 701}
2014-11-07T20:07:38.002Z,Touch move,static,Table,{301, 722}
2014-11-07T20:07:38.018Z,Touch move,static,Table,{297, 746}
2014-11-07T20:07:38.054Z,Touch move,static,Table,{289, 788}
2014-11-07T20:07:38.063Z,Touch move,static,Table,{283, 822}
2014-11-07T20:07:38.074Z,Touch end,static,Table,{276, 850}
2014-11-07T20:07:50.618Z,Character Selected,monster2,,
2014-11-07T20:08:03.145Z,Touch start,static,Table,{279, 908}
2014-11-07T20:08:03.153Z,Touch move,static,Table,{280, 903}
2014-11-07T20:08:03.168Z,Touch move,static,Table,{282, 900}
2014-11-07T20:08:03.185Z,Touch move,static,Table,{283, 897}
2014-11-07T20:08:03.202Z,Touch move,static,Table,{284, 895}
2014-11-07T20:08:03.218Z,Touch move,static,Table,{286, 892}
2014-11-07T20:08:03.235Z,Touch move,static,Table,{287, 891}
2014-11-07T20:08:03.252Z,Touch move,static,Table,{289, 889}
2014-11-07T20:08:03.268Z,Touch move,static,Table,{292, 889}
2014-11-07T20:08:03.287Z,Touch move,static,Table,{294, 889}
2014-11-07T20:08:03.302Z,Touch move,static,Table,{297, 892}
2014-11-07T20:08:03.319Z,Touch move,static,Table,{301, 901}
2014-11-07T20:08:03.336Z,Touch move,static,Table,{305, 915}
2014-11-07T20:08:03.353Z,Touch move,static,Table,{307, 931}
2014-11-07T20:08:03.369Z,Touch move,static,Table,{308, 951}
2014-11-07T20:08:03.386Z,Touch move,static,Table,{308, 969}
2014-11-07T20:08:03.403Z,Touch move,static,Table,{304, 990}
2014-11-07T20:08:03.419Z,Touch move,static,Table,{299, 1012}
2014-11-07T20:08:03.436Z,Touch move,static,Table,{296, 1020}
2014-11-07T20:08:03.452Z,Touch end,static,Table,{294, 1022}
2014-11-07T20:08:18.095Z,Character Selected,monster2,,
2014-11-07T20:08:22.032Z,Touch start,static,Table,{341, 765}
2014-11-07T20:08:22.240Z,Touch end,static,Table,{337, 777}
2014-11-07T20:08:30.192Z,Character Selected,monster2,,
2014-11-07T20:08:33.507Z,Touch start,static,Table,{407, 831}
2014-11-07T20:08:33.520Z,Touch move,static,Table,{415, 818}
2014-11-07T20:08:33.539Z,Touch move,static,Table,{422, 804}
2014-11-07T20:08:33.554Z,Touch move,static,Table,{429, 785}
2014-11-07T20:08:33.571Z,Touch move,static,Table,{435, 766}
2014-11-07T20:08:33.587Z,Touch move,static,Table,{439, 745}
2014-11-07T20:08:33.604Z,Touch move,static,Table,{440, 730}
2014-11-07T20:08:33.620Z,Touch move,static,Table,{441, 716}
2014-11-07T20:08:33.637Z,Touch move,static,Table,{441, 706}
2014-11-07T20:08:33.654Z,Touch move,static,Table,{441, 700}
2014-11-07T20:08:33.671Z,Touch move,static,Table,{441, 696}
2014-11-07T20:08:33.687Z,Touch move,static,Table,{440, 694}
2014-11-07T20:08:33.721Z,Touch move,static,Table,{439, 694}
2014-11-07T20:08:33.737Z,Touch end,static,Table,{437, 693}
2014-11-07T20:08:39.763Z,Character Selected,monster2,,
2014-11-07T20:08:51.085Z,Character Selected,monster2,,
2014-11-07T20:08:59.990Z,Character Selected,monster2,,
2014-11-07T20:09:11.195Z,Character Selected,monster2,,
2014-11-07T20:09:19.171Z,Character Selected,monster2,,
2014-11-07T20:09:26.018Z,Character Selected,monster2,,
2014-11-07T20:09:33.043Z,Character Selected,monster2,,
2014-11-07T20:09:41.299Z,Character Selected,monster2,,
2014-11-07T20:09:48.877Z,Character Selected,monster2,,
2014-11-07T20:09:58.947Z,Character Selected,monster2,,
2014-11-07T20:10:08.355Z,Character Selected,monster2,,
2014-11-07T20:10:19.974Z,Character Selected,monster2,,
2014-11-07T20:10:24.421Z,Touch start,fridge,Table,{236, 384}
2014-11-07T20:10:24.553Z,Touch end,fridge,Table,{236, 384}
2014-11-07T20:10:30.709Z,Character Selected,monster2,,
2014-11-07T20:10:38.337Z,Character Selected,monster2,,
2014-11-07T20:10:47.752Z,Character Selected,monster2,,
2014-11-07T20:11:01.530Z,Character Selected,monster2,,
2014-11-07T20:11:08.512Z,Character Selected,monster2,,
2014-11-07T20:11:31.210Z,Character Selected,monster2,,
2014-11-07T20:11:44.918Z,Character Selected,monster2,,
2014-11-07T20:12:26.697Z,Character Selected,monster2,,
2014-11-07T20:12:34.776Z,Character Selected,monster2,,
2014-11-07T20:12:44.769Z,Character Selected,monster2,,
2014-11-07T20:13:23.301Z,Character Selected,monster2,,
2014-11-07T20:13:28.256Z,Touch start,static,Table,{302, 717}
2014-11-07T20:13:28.298Z,Touch move,static,Table,{305, 725}
2014-11-07T20:13:28.314Z,Touch move,static,Table,{306, 729}
2014-11-07T20:13:28.330Z,Touch move,static,Table,{307, 733}
2014-11-07T20:13:28.348Z,Touch move,static,Table,{308, 736}
2014-11-07T20:13:28.364Z,Touch move,static,Table,{308, 738}
2014-11-07T20:13:28.380Z,Touch move,static,Table,{308, 739}
2014-11-07T20:13:28.397Z,Touch move,static,Table,{308, 740}
2014-11-07T20:13:28.414Z,Touch move,static,Table,{308, 741}
2014-11-07T20:13:28.447Z,Touch move,static,Table,{307, 741}
2014-11-07T20:13:28.463Z,Touch end,static,Table,{305, 741}
2014-11-07T20:13:37.732Z,Character Selected,monster2,,
2014-11-07T20:13:41.371Z,Touch start,static,Table,{392, 660}
2014-11-07T20:13:41.382Z,Touch move,static,Table,{382, 656}
2014-11-07T20:13:41.396Z,Touch move,static,Table,{366, 656}
2014-11-07T20:13:41.414Z,Touch move,static,Table,{355, 656}
2014-11-07T20:13:41.431Z,Touch move,static,Table,{351, 656}
2014-11-07T20:13:41.447Z,Touch move,static,Table,{350, 656}
2014-11-07T20:13:41.464Z,Touch move,static,Table,{349, 656}
2014-11-07T20:13:41.481Z,Touch move,static,Table,{348, 656}
2014-11-07T20:13:41.498Z,Touch move,static,Table,{347, 652}
2014-11-07T20:13:41.512Z,Touch move,static,Table,{341, 640}
2014-11-07T20:13:41.532Z,Touch move,static,Table,{334, 620}
2014-11-07T20:13:41.548Z,Touch move,static,Table,{327, 590}
2014-11-07T20:13:41.564Z,Touch move,static,Table,{318, 558}
2014-11-07T20:13:41.581Z,Touch move,static,Table,{306, 529}
2014-11-07T20:13:41.597Z,Touch move,static,Table,{295, 506}
2014-11-07T20:13:41.616Z,Touch move,static,Table,{289, 489}
2014-11-07T20:13:41.628Z,Touch move,static,Table,{284, 471}
2014-11-07T20:13:41.645Z,Touch end,static,Table,{282, 469}
2014-11-07T20:13:48.095Z,Character Selected,monster2,,
2014-11-07T20:13:50.697Z,Touch start,static,Table,{426, 691}
2014-11-07T20:13:50.878Z,Touch move,static,Table,{413, 694}
2014-11-07T20:13:50.911Z,Touch end,static,Table,{411, 695}
2014-11-07T20:14:09.683Z,Character Selected,monster2,,
2014-11-07T20:14:14.432Z,Touch start,static,Table,{340, 687}
2014-11-07T20:14:14.449Z,Touch move,static,Table,{335, 688}
2014-11-07T20:14:14.464Z,Touch move,static,Table,{332, 691}
2014-11-07T20:14:14.481Z,Touch move,static,Table,{330, 696}
2014-11-07T20:14:14.497Z,Touch move,static,Table,{326, 702}
2014-11-07T20:14:14.514Z,Touch end,static,Table,{324, 704}
2014-11-07T20:14:35.856Z,Touch start,salt,Table,{790, 197}
2014-11-07T20:14:35.872Z,Touch move,salt,Table,{135, 797}
2014-11-07T20:14:35.888Z,Touch move,salt,Table,{128, 803}
2014-11-07T20:14:35.906Z,Touch move,salt,Table,{116, 814}
2014-11-07T20:14:35.922Z,Touch move,salt,Table,{101, 828}
2014-11-07T20:14:35.939Z,Touch move,salt,Table,{81, 847}
2014-11-07T20:14:35.955Z,Touch end,salt,Table,{847, 194.5}
2014-11-07T20:14:36.774Z,Touch start,pepper,Table,{890, 197}
2014-11-07T20:14:36.791Z,Touch move,pepper,Table,{198, 919}
2014-11-07T20:14:36.808Z,Touch move,pepper,Table,{181, 920}
2014-11-07T20:14:36.826Z,Touch move,pepper,Table,{167, 922}
2014-11-07T20:14:36.841Z,Touch move,pepper,Table,{152, 926}
2014-11-07T20:14:36.857Z,Touch move,pepper,Table,{143, 928}
2014-11-07T20:14:36.874Z,Touch move,pepper,Table,{139, 929}
2014-11-07T20:14:36.890Z,Touch end,pepper,Table,{929, 194.5}
2014-11-07T20:14:57.447Z,Touch move,static,Table,{333, 1023}
2014-11-07T20:14:57.464Z,Touch move,static,Table,{334, 1023}
2014-11-07T20:14:57.480Z,Touch move,static,Table,{335, 1023}
2014-11-07T20:14:57.498Z,Touch move,static,Table,{336, 1023}
2014-11-07T20:14:57.514Z,Touch move,static,Table,{337, 1023}
2014-11-07T20:14:57.530Z,Touch move,static,Table,{338, 1023}
2014-11-07T20:14:57.546Z,Touch move,static,Table,{339, 1023}
2014-11-07T20:14:57.564Z,Touch move,static,Table,{340, 1023}
2014-11-07T20:14:57.576Z,Touch move,static,Table,{341, 1023}
2014-11-07T20:14:57.596Z,Touch move,static,Table,{342, 1023}
2014-11-07T20:14:57.610Z,Touch move,static,Table,{344, 1023}
2014-11-07T20:14:57.625Z,Touch move,static,Table,{346, 1023}
2014-11-07T20:14:57.643Z,Touch move,static,Table,{347, 1023}
2014-11-07T21:08:31.782Z,Character Selected,monster2,,
2014-11-07T21:08:47.993Z,Touch start,tomato,Table,{296, 548}
2014-11-07T21:08:48.116Z,Touch end,tomato,Table,{296, 548}
2014-11-07T21:08:48.252Z,Touch start,static,Table,{508, 277}
2014-11-07T21:08:48.431Z,Touch end,static,Table,{508, 278}
2014-11-07T21:08:55.269Z,Scene Change,,Cutting,
2014-11-07T21:08:55.270Z,Touch,Knife Button,Cutting,{673.30005, 636.5}
2014-11-07T21:09:39.564Z,Touch start,static,Cutting,{92, 0}
2014-11-07T21:09:40.092Z,Touch move,static,Cutting,{95, 0}
2014-11-07T21:09:40.459Z,Touch move,static,Cutting,{96, 0}
2014-11-07T21:09:41.587Z,Touch move,static,Cutting,{97, 0}
2014-11-07T21:09:42.218Z,Touch move,static,Cutting,{98, 0}
2014-11-07T21:09:42.832Z,Touch move,static,Cutting,{97, 0}
2014-11-07T21:09:42.948Z,Touch move,static,Cutting,{96, 0}
2014-11-07T21:09:43.015Z,Touch end,static,Cutting,{96, 0}
2014-11-07T21:09:44.594Z,Touch start,static,Cutting,{95, 0}
2014-11-07T21:09:45.393Z,Touch move,static,Cutting,{96, 0}
2014-11-07T21:09:46.136Z,Touch end,static,Cutting,{96, 0}
2014-11-07T21:09:56.450Z,Touch start,static,Cutting,{455, 916}
2014-11-07T21:09:56.625Z,Touch move,static,Cutting,{451, 921}
2014-11-07T21:09:56.642Z,Touch move,static,Cutting,{447, 923}
2014-11-07T21:09:56.658Z,Touch move,static,Cutting,{444, 925}
2014-11-07T21:09:56.676Z,Touch move,static,Cutting,{439, 929}
2014-11-07T21:09:56.692Z,Touch end,static,Cutting,{432, 935}
2014-11-07T21:09:58.739Z,Touch start,static,Cutting,{358, 788}
2014-11-07T21:09:58.969Z,Touch end,static,Cutting,{345, 784}
2014-11-07T21:09:59.187Z,Touch start,static,Cutting,{347, 769}
2014-11-07T21:09:59.367Z,Touch end,static,Cutting,{329, 781}
2014-11-07T21:10:00.986Z,Touch start,static,Cutting,{228, 877}
2014-11-07T21:10:01.115Z,Touch move,static,Cutting,{217, 876}
2014-11-07T21:10:01.131Z,Touch move,static,Cutting,{212, 876}
2014-11-07T21:10:01.148Z,Touch end,static,Cutting,{202, 871}
2014-11-07T21:10:01.350Z,Touch start,static,Cutting,{204, 867}
2014-11-07T21:10:01.530Z,Touch end,static,Cutting,{198, 866}
2014-11-07T21:10:06.060Z,Touch start,static,Cutting,{144, 315}
2014-11-07T21:10:06.194Z,Touch end,static,Cutting,{142, 317}
2014-11-07T21:10:06.446Z,Touch start,static,Cutting,{159, 293}
2014-11-07T21:10:06.709Z,Touch end,static,Cutting,{149, 299}
2014-11-07T21:10:08.423Z,Touch start,static,Cutting,{294, 270}
2014-11-07T21:10:08.635Z,Touch move,static,Cutting,{283, 270}
2014-11-07T21:10:08.652Z,Touch end,static,Cutting,{273, 268}
2014-11-07T21:10:08.842Z,Touch start,static,Cutting,{282, 260}
2014-11-07T21:10:08.989Z,Touch end,static,Cutting,{266, 261}
2014-11-07T21:10:09.191Z,Touch start,static,Cutting,{264, 256}
2014-11-07T21:10:09.337Z,Touch end,static,Cutting,{261, 260}
2014-11-07T21:10:09.540Z,Touch start,static,Cutting,{260, 248}
2014-11-07T21:10:09.653Z,Touch move,static,Cutting,{260, 249}
2014-11-07T21:10:09.669Z,Touch move,static,Cutting,{253, 249}
2014-11-07T21:10:09.686Z,Touch end,static,Cutting,{251, 249}
2014-11-07T21:10:09.922Z,Touch start,static,Cutting,{295, 254}
2014-11-07T21:10:10.035Z,Touch move,static,Cutting,{279, 260}
2014-11-07T21:10:10.051Z,Touch end,static,Cutting,{277, 260}
2014-11-07T21:10:10.336Z,Touch start,static,Cutting,{222, 256}
2014-11-07T21:10:10.433Z,Touch end,static,Cutting,{221, 258}
2014-11-07T21:10:10.618Z,Touch start,static,Cutting,{284, 246}
2014-11-07T21:10:10.632Z,Touch move,static,Cutting,{298, 239}
2014-11-07T21:10:10.649Z,Touch move,static,Cutting,{303, 239}
2014-11-07T21:10:10.665Z,Touch move,static,Cutting,{305, 239}
2014-11-07T21:10:10.682Z,Touch move,static,Cutting,{306, 239}
2014-11-07T21:10:10.732Z,Touch move,static,Cutting,{305, 239}
2014-11-07T21:10:10.748Z,Touch move,static,Cutting,{300, 239}
2014-11-07T21:10:10.765Z,Touch move,static,Cutting,{295, 239}
2014-11-07T21:10:10.781Z,Touch move,static,Cutting,{290, 241}
2014-11-07T21:10:10.798Z,Touch move,static,Cutting,{285, 243}
2014-11-07T21:10:10.815Z,Touch move,static,Cutting,{272, 248}
2014-11-07T21:10:10.831Z,Touch move,static,Cutting,{242, 254}
2014-11-07T21:10:10.848Z,Touch end,static,Cutting,{240, 256}
2014-11-07T21:10:11.402Z,Touch start,tomato,Cutting,{210, 446}
2014-11-07T21:10:11.500Z,Touch move,tomato,Cutting,{219, 451}
2014-11-07T21:10:11.516Z,Touch move,tomato,Cutting,{225, 460}
2014-11-07T21:10:11.533Z,Touch end,tomato,Cutting,{227, 462}
2014-11-07T21:10:11.653Z,Touch start,tomato,Cutting,{263, 489}
2014-11-07T21:10:11.666Z,Touch move,tomato,Cutting,{258, 484}
2014-11-07T21:10:11.682Z,Touch move,tomato,Cutting,{252, 480}
2014-11-07T21:10:11.699Z,Touch move,tomato,Cutting,{249, 480}
2014-11-07T21:10:11.799Z,Touch move,tomato,Cutting,{250, 481}
2014-11-07T21:10:11.816Z,Touch move,tomato,Cutting,{251, 482}
2014-11-07T21:10:11.832Z,Touch move,tomato,Cutting,{253, 483}
2014-11-07T21:10:11.848Z,Touch end,tomato,Cutting,{255, 485}
2014-11-07T21:10:12.000Z,Touch start,tomato,Cutting,{258, 494}
2014-11-07T21:10:12.015Z,Touch move,tomato,Cutting,{251, 493}
2014-11-07T21:10:12.031Z,Touch move,tomato,Cutting,{249, 493}
2014-11-07T21:10:12.065Z,Touch move,tomato,Cutting,{249, 494}
2014-11-07T21:10:12.080Z,Touch move,tomato,Cutting,{250, 495}
2014-11-07T21:10:12.097Z,Touch move,tomato,Cutting,{252, 496}
2014-11-07T21:10:12.114Z,Touch move,tomato,Cutting,{253, 497}
2014-11-07T21:10:12.130Z,Touch end,tomato,Cutting,{255, 499}
2014-11-07T21:10:12.299Z,Touch start,tomato,Cutting,{266, 500}
2014-11-07T21:10:12.314Z,Touch move,tomato,Cutting,{256, 500}
2014-11-07T21:10:12.330Z,Touch move,tomato,Cutting,{255, 500}
2014-11-07T21:10:12.364Z,Touch move,tomato,Cutting,{255, 501}
2014-11-07T21:10:12.380Z,Touch move,tomato,Cutting,{255, 502}
2014-11-07T21:10:12.429Z,Touch move,tomato,Cutting,{256, 502}
2014-11-07T21:10:12.446Z,Touch move,tomato,Cutting,{258, 502}
2014-11-07T21:10:12.464Z,Touch move,tomato,Cutting,{261, 502}
2014-11-07T21:10:12.479Z,Touch move,tomato,Cutting,{264, 504}
2014-11-07T21:10:12.496Z,Touch end,tomato,Cutting,{266, 506}
2014-11-07T21:10:12.632Z,Touch start,tomato,Cutting,{260, 466}
2014-11-07T21:10:12.646Z,Touch move,tomato,Cutting,{249, 465}
2014-11-07T21:10:12.662Z,Touch move,tomato,Cutting,{248, 465}
2014-11-07T21:10:12.697Z,Touch move,tomato,Cutting,{249, 465}
2014-11-07T21:10:12.712Z,Touch move,tomato,Cutting,{250, 466}
2014-11-07T21:10:12.728Z,Touch move,tomato,Cutting,{251, 467}
2014-11-07T21:10:12.745Z,Touch move,tomato,Cutting,{252, 468}
2014-11-07T21:10:12.761Z,Touch move,tomato,Cutting,{255, 469}
2014-11-07T21:10:12.778Z,Touch move,tomato,Cutting,{258, 469}
2014-11-07T21:10:12.794Z,Touch end,tomato,Cutting,{260, 470}
2014-11-07T21:10:13.018Z,Touch start,tomato,Cutting,{205, 424}
2014-11-07T21:10:13.065Z,Touch move,tomato,Cutting,{214, 429}
2014-11-07T21:10:13.082Z,Touch move,tomato,Cutting,{219, 430}
2014-11-07T21:10:13.098Z,Touch move,tomato,Cutting,{228, 439}
2014-11-07T21:10:13.115Z,Touch end,tomato,Cutting,{243, 464}
2014-11-07T21:10:15.279Z,Touch start,static,Cutting,{142, 684}
2014-11-07T21:10:15.337Z,Touch move,static,Cutting,{130, 685}
2014-11-07T21:10:15.353Z,Touch move,static,Cutting,{128, 685}
2014-11-07T21:10:15.370Z,Touch move,static,Cutting,{127, 686}
2014-11-07T21:10:15.387Z,Touch move,static,Cutting,{126, 687}
2014-11-07T21:10:15.421Z,Touch move,static,Cutting,{124, 688}
2014-11-07T21:10:15.437Z,Touch move,static,Cutting,{115, 689}
2014-11-07T21:10:15.453Z,Touch move,static,Cutting,{100, 692}
2014-11-07T21:10:15.472Z,Touch end,static,Cutting,{77, 699}
2014-11-07T21:10:15.687Z,Touch start,static,Cutting,{50, 648}
2014-11-07T21:10:15.702Z,Touch move,static,Cutting,{57, 649}
2014-11-07T21:10:15.719Z,Touch move,static,Cutting,{62, 649}
2014-11-07T21:10:15.735Z,Touch move,static,Cutting,{65, 648}
2014-11-07T21:10:15.752Z,Touch move,static,Cutting,{66, 648}
2014-11-07T21:10:15.802Z,Touch move,static,Cutting,{64, 648}
2014-11-07T21:10:15.819Z,Touch move,static,Cutting,{61, 651}
2014-11-07T21:10:15.835Z,Touch move,static,Cutting,{54, 663}
2014-11-07T21:10:15.853Z,Touch move,static,Cutting,{46, 681}
2014-11-07T21:10:15.869Z,Touch move,static,Cutting,{29, 704}
2014-11-07T21:10:15.885Z,Touch end,static,Cutting,{27, 706}
2014-11-07T21:10:16.054Z,Touch start,static,Cutting,{14, 670}
2014-11-07T21:10:16.150Z,Touch end,static,Cutting,{9, 683}
2014-11-07T21:10:16.385Z,Touch start,static,Cutting,{17, 695}
2014-11-07T21:10:16.449Z,Touch move,static,Cutting,{32, 721}
2014-11-07T21:10:16.466Z,Touch end,static,Cutting,{38, 749}
2014-11-07T21:10:16.950Z,Touch start,static,Cutting,{10, 761}
2014-11-07T21:10:16.997Z,Touch move,static,Cutting,{11, 761}
2014-11-07T21:10:17.014Z,Touch move,static,Cutting,{11, 765}
2014-11-07T21:10:17.030Z,Touch move,static,Cutting,{11, 770}
2014-11-07T21:10:17.047Z,Touch end,static,Cutting,{10, 772}
2014-11-07T21:10:17.784Z,Touch start,static,Cutting,{8, 788}
2014-11-07T21:10:17.848Z,Touch end,static,Cutting,{8, 786}
2014-11-07T21:10:18.366Z,Touch start,static,Cutting,{51, 764}
2014-11-07T21:10:18.379Z,Touch move,static,Cutting,{44, 759}
2014-11-07T21:10:18.397Z,Touch move,static,Cutting,{41, 758}
2014-11-07T21:10:18.446Z,Touch move,static,Cutting,{42, 760}
2014-11-07T21:10:18.462Z,Touch move,static,Cutting,{46, 764}
2014-11-07T21:10:18.478Z,Touch end,static,Cutting,{48, 766}
2014-11-07T21:10:18.629Z,Touch start,static,Cutting,{26, 720}
2014-11-07T21:10:18.645Z,Touch move,static,Cutting,{17, 718}
2014-11-07T21:10:18.662Z,Touch move,static,Cutting,{15, 718}
2014-11-07T21:10:18.727Z,Touch move,static,Cutting,{15, 720}
2014-11-07T21:10:18.744Z,Touch move,static,Cutting,{15, 722}
2014-11-07T21:10:18.761Z,Touch move,static,Cutting,{16, 725}
2014-11-07T21:10:18.777Z,Touch end,static,Cutting,{17, 727}
2014-11-07T21:10:18.929Z,Touch start,static,Cutting,{8, 703}
2014-11-07T21:10:19.043Z,Touch end,static,Cutting,{8, 710}
2014-11-07T21:10:19.217Z,Touch start,static,Cutting,{8, 752}
2014-11-07T21:10:19.363Z,Touch end,static,Cutting,{9, 760}
2014-11-07T21:10:19.546Z,Touch start,static,Cutting,{26, 751}
2014-11-07T21:10:19.678Z,Touch end,static,Cutting,{26, 767}
2014-11-07T21:10:19.831Z,Touch start,static,Cutting,{16, 766}
2014-11-07T21:10:19.944Z,Touch end,static,Cutting,{10, 773}
2014-11-07T21:10:20.146Z,Touch start,static,Cutting,{9, 763}
2014-11-07T21:10:20.227Z,Touch end,static,Cutting,{11, 759}
2014-11-07T21:10:20.428Z,Touch start,static,Cutting,{34, 748}
2014-11-07T21:10:20.508Z,Touch end,static,Cutting,{42, 751}
2014-11-07T21:10:20.711Z,Touch start,static,Cutting,{26, 623}
2014-11-07T21:10:20.777Z,Touch move,static,Cutting,{22, 626}
2014-11-07T21:10:20.793Z,Touch move,static,Cutting,{22, 629}
2014-11-07T21:10:20.808Z,Touch move,static,Cutting,{23, 633}
2014-11-07T21:10:20.828Z,Touch end,static,Cutting,{25, 635}
2014-11-07T21:10:20.995Z,Touch start,static,Cutting,{18, 563}
2014-11-07T21:10:21.092Z,Touch move,static,Cutting,{13, 593}
2014-11-07T21:10:21.109Z,Touch end,static,Cutting,{13, 595}
2014-11-07T21:10:21.278Z,Touch start,static,Cutting,{8, 513}
2014-11-07T21:10:21.376Z,Touch end,static,Cutting,{31, 551}
2014-11-07T21:10:21.527Z,Touch start,static,Cutting,{17, 535}
2014-11-07T21:10:21.609Z,Touch move,static,Cutting,{27, 550}
2014-11-07T21:10:21.627Z,Touch end,static,Cutting,{27, 552}
2014-11-07T21:10:21.812Z,Touch start,static,Cutting,{26, 475}
2014-11-07T21:10:21.828Z,Touch move,static,Cutting,{22, 477}
2014-11-07T21:10:21.843Z,Touch move,static,Cutting,{22, 478}
2014-11-07T21:10:21.859Z,Touch move,static,Cutting,{23, 482}
2014-11-07T21:10:21.874Z,Touch move,static,Cutting,{25, 485}
2014-11-07T21:10:21.893Z,Touch move,static,Cutting,{26, 490}
2014-11-07T21:10:21.909Z,Touch end,static,Cutting,{36, 509}
2014-11-07T21:10:22.095Z,Touch start,static,Cutting,{8, 456}
2014-11-07T21:10:22.143Z,Touch move,static,Cutting,{8, 461}
2014-11-07T21:10:22.160Z,Touch move,static,Cutting,{8, 465}
2014-11-07T21:10:22.176Z,Touch move,static,Cutting,{8, 469}
2014-11-07T21:10:22.194Z,Touch end,static,Cutting,{8, 485}
2014-11-07T21:10:22.362Z,Touch start,static,Cutting,{40, 487}
2014-11-07T21:10:22.376Z,Touch move,static,Cutting,{19, 492}
2014-11-07T21:10:22.392Z,Touch move,static,Cutting,{17, 492}
2014-11-07T21:10:22.426Z,Touch move,static,Cutting,{17, 495}
2014-11-07T21:10:22.442Z,Touch move,static,Cutting,{21, 500}
2014-11-07T21:10:22.459Z,Touch move,static,Cutting,{41, 534}
2014-11-07T21:10:22.472Z,Touch end,static,Cutting,{43, 536}
2014-11-07T21:10:22.643Z,Touch start,static,Cutting,{9, 595}
2014-11-07T21:10:22.704Z,Touch end,static,Cutting,{8, 605}
2014-11-07T21:10:22.907Z,Touch start,static,Cutting,{13, 577}
2014-11-07T21:10:23.019Z,Touch end,static,Cutting,{19, 576}
2014-11-07T21:10:24.637Z,Touch start,static,Cutting,{498, 882}
2014-11-07T21:10:24.652Z,Touch move,static,Cutting,{505, 870}
2014-11-07T21:10:24.667Z,Touch move,static,Cutting,{505, 868}
2014-11-07T21:10:24.718Z,Touch move,static,Cutting,{505, 869}
2014-11-07T21:10:24.735Z,Touch move,static,Cutting,{506, 871}
2014-11-07T21:10:24.752Z,Touch move,static,Cutting,{507, 876}
2014-11-07T21:10:24.767Z,Touch move,static,Cutting,{511, 880}
2014-11-07T21:10:24.784Z,Touch move,static,Cutting,{515, 885}
2014-11-07T21:10:24.801Z,Touch move,static,Cutting,{518, 896}
2014-11-07T21:10:24.816Z,Touch end,static,Cutting,{520, 898}
2014-11-07T21:10:24.967Z,Touch start,static,Cutting,{522, 912}
2014-11-07T21:10:25.083Z,Touch move,static,Cutting,{503, 928}
2014-11-07T21:10:25.099Z,Touch move,static,Cutting,{499, 943}
2014-11-07T21:10:25.115Z,Touch end,static,Cutting,{497, 945}
2014-11-07T21:10:25.384Z,Touch start,static,Cutting,{536, 965}
2014-11-07T21:10:25.465Z,Touch end,static,Cutting,{529, 972}
2014-11-07T21:10:25.735Z,Touch start,static,Cutting,{538, 898}
2014-11-07T21:10:25.768Z,Touch move,static,Cutting,{529, 899}
2014-11-07T21:10:25.784Z,Touch move,static,Cutting,{529, 900}
2014-11-07T21:10:25.801Z,Touch move,static,Cutting,{529, 902}
2014-11-07T21:10:25.818Z,Touch move,static,Cutting,{529, 906}
2014-11-07T21:10:25.834Z,Touch move,static,Cutting,{529, 922}
2014-11-07T21:10:25.851Z,Touch end,static,Cutting,{530, 924}
2014-11-07T21:10:26.069Z,Touch start,static,Cutting,{558, 962}
2014-11-07T21:10:26.166Z,Touch move,static,Cutting,{546, 981}
2014-11-07T21:10:26.182Z,Touch move,static,Cutting,{536, 1007}
2014-11-07T21:10:26.199Z,Touch end,static,Cutting,{534, 1009}
2014-11-07T21:10:26.418Z,Touch start,static,Cutting,{486, 927}
2014-11-07T21:10:26.482Z,Touch move,static,Cutting,{496, 935}
2014-11-07T21:10:26.499Z,Touch move,static,Cutting,{504, 962}
2014-11-07T21:10:26.514Z,Touch end,static,Cutting,{506, 964}
2014-11-07T21:10:26.716Z,Touch start,static,Cutting,{521, 986}
2014-11-07T21:10:26.731Z,Touch move,static,Cutting,{511, 983}
2014-11-07T21:10:26.747Z,Touch move,static,Cutting,{510, 983}
2014-11-07T21:10:26.764Z,Touch move,static,Cutting,{509, 983}
2014-11-07T21:10:26.799Z,Touch move,static,Cutting,{509, 984}
2014-11-07T21:10:26.814Z,Touch move,static,Cutting,{509, 987}
2014-11-07T21:10:26.830Z,Touch move,static,Cutting,{512, 995}
2014-11-07T21:10:26.847Z,Touch move,static,Cutting,{517, 1017}
2014-11-07T21:10:26.864Z,Touch end,static,Cutting,{519, 1019}
2014-11-07T21:10:27.115Z,Touch start,static,Cutting,{475, 837}
2014-11-07T21:10:27.129Z,Touch move,static,Cutting,{460, 836}
2014-11-07T21:10:27.146Z,Touch move,static,Cutting,{458, 836}
2014-11-07T21:10:27.179Z,Touch move,static,Cutting,{457, 837}
2014-11-07T21:10:27.196Z,Touch move,static,Cutting,{457, 842}
2014-11-07T21:10:27.212Z,Touch move,static,Cutting,{458, 859}
2014-11-07T21:10:27.228Z,Touch end,static,Cutting,{459, 861}
2014-11-07T21:10:27.462Z,Touch start,static,Cutting,{441, 763}
2014-11-07T21:10:27.511Z,Touch move,static,Cutting,{438, 764}
2014-11-07T21:10:27.527Z,Touch move,static,Cutting,{438, 769}
2014-11-07T21:10:27.544Z,Touch move,static,Cutting,{440, 776}
2014-11-07T21:10:27.561Z,Touch move,static,Cutting,{444, 791}
2014-11-07T21:10:27.576Z,Touch end,static,Cutting,{452, 820}
2014-11-07T21:10:27.783Z,Touch start,static,Cutting,{438, 757}
2014-11-07T21:10:27.847Z,Touch move,static,Cutting,{434, 762}
2014-11-07T21:10:27.864Z,Touch move,static,Cutting,{435, 766}
2014-11-07T21:10:27.880Z,Touch move,static,Cutting,{437, 775}
2014-11-07T21:10:27.897Z,Touch move,static,Cutting,{438, 801}
2014-11-07T21:10:27.913Z,Touch end,static,Cutting,{440, 803}
2014-11-07T21:10:28.101Z,Touch start,static,Cutting,{411, 807}
2014-11-07T21:10:28.113Z,Touch move,static,Cutting,{414, 798}
2014-11-07T21:10:28.130Z,Touch move,static,Cutting,{412, 798}
2014-11-07T21:10:28.145Z,Touch move,static,Cutting,{411, 800}
2014-11-07T21:10:28.162Z,Touch move,static,Cutting,{410, 803}
2014-11-07T21:10:28.179Z,Touch move,static,Cutting,{409, 810}
2014-11-07T21:10:28.195Z,Touch end,static,Cutting,{407, 812}
2014-11-07T21:10:28.399Z,Touch start,static,Cutting,{432, 798}
2014-11-07T21:10:28.412Z,Touch move,static,Cutting,{423, 801}
2014-11-07T21:10:28.464Z,Touch move,static,Cutting,{424, 803}
2014-11-07T21:10:28.478Z,Touch move,static,Cutting,{427, 807}
2014-11-07T21:10:28.495Z,Touch end,static,Cutting,{429, 809}
2014-11-07T21:10:28.678Z,Touch start,static,Cutting,{421, 830}
2014-11-07T21:10:28.693Z,Touch move,static,Cutting,{412, 825}
2014-11-07T21:10:28.710Z,Touch move,static,Cutting,{410, 823}
2014-11-07T21:10:28.726Z,Touch move,static,Cutting,{409, 823}
2014-11-07T21:10:28.744Z,Touch move,static,Cutting,{409, 824}
2014-11-07T21:10:28.761Z,Touch move,static,Cutting,{410, 826}
2014-11-07T21:10:28.776Z,Touch move,static,Cutting,{413, 831}
2014-11-07T21:10:28.793Z,Touch move,static,Cutting,{416, 849}
2014-11-07T21:10:28.810Z,Touch end,static,Cutting,{418, 851}
2014-11-07T21:10:29.012Z,Touch start,static,Cutting,{349, 716}
2014-11-07T21:10:29.059Z,Touch move,static,Cutting,{355, 720}
2014-11-07T21:10:29.076Z,Touch move,static,Cutting,{357, 734}
2014-11-07T21:10:29.092Z,Touch move,static,Cutting,{363, 776}
2014-11-07T21:10:29.110Z,Touch end,static,Cutting,{366, 778}
2014-11-07T21:10:29.328Z,Touch start,static,Cutting,{96, 764}
2014-11-07T21:10:29.360Z,Touch move,static,Cutting,{109, 771}
2014-11-07T21:10:29.377Z,Touch move,static,Cutting,{136, 812}
2014-11-07T21:10:29.393Z,Touch move,static,Cutting,{170, 872}
2014-11-07T21:10:29.410Z,Touch end,static,Cutting,{172, 874}
2014-11-07T21:10:29.562Z,Touch start,static,Cutting,{242, 926}
2014-11-07T21:10:29.576Z,Touch move,static,Cutting,{231, 923}
2014-11-07T21:10:29.594Z,Touch move,static,Cutting,{228, 923}
2014-11-07T21:10:29.610Z,Touch move,static,Cutting,{228, 924}
2014-11-07T21:10:29.626Z,Touch move,static,Cutting,{228, 927}
2014-11-07T21:10:29.643Z,Touch move,static,Cutting,{229, 932}
2014-11-07T21:10:29.660Z,Touch move,static,Cutting,{235, 939}
2014-11-07T21:10:29.677Z,Touch move,static,Cutting,{241, 957}
2014-11-07T21:10:29.692Z,Touch end,static,Cutting,{243, 959}
2014-11-07T21:10:29.845Z,Touch start,static,Cutting,{174, 855}
2014-11-07T21:10:29.909Z,Touch move,static,Cutting,{174, 854}
2014-11-07T21:10:29.926Z,Touch move,static,Cutting,{174, 862}
2014-11-07T21:10:29.943Z,Touch move,static,Cutting,{174, 870}
2014-11-07T21:10:29.959Z,Touch move,static,Cutting,{175, 878}
2014-11-07T21:10:29.976Z,Touch move,static,Cutting,{181, 897}
2014-11-07T21:10:29.993Z,Touch end,static,Cutting,{183, 899}
2014-11-07T21:10:30.228Z,Touch start,static,Cutting,{213, 864}
2014-11-07T21:10:30.243Z,Touch move,static,Cutting,{199, 862}
2014-11-07T21:10:30.258Z,Touch move,static,Cutting,{198, 862}
2014-11-07T21:10:30.309Z,Touch move,static,Cutting,{198, 864}
2014-11-07T21:10:30.326Z,Touch move,static,Cutting,{198, 867}
2014-11-07T21:10:30.342Z,Touch move,static,Cutting,{199, 887}
2014-11-07T21:10:30.357Z,Touch end,static,Cutting,{201, 889}
2014-11-07T21:10:30.545Z,Touch start,static,Cutting,{271, 870}
2014-11-07T21:10:30.594Z,Touch move,static,Cutting,{263, 870}
2014-11-07T21:10:30.610Z,Touch move,static,Cutting,{263, 875}
2014-11-07T21:10:30.627Z,Touch move,static,Cutting,{263, 878}
2014-11-07T21:10:30.643Z,Touch move,static,Cutting,{265, 881}
2014-11-07T21:10:30.661Z,Touch move,static,Cutting,{268, 893}
2014-11-07T21:10:30.676Z,Touch end,static,Cutting,{270, 895}
2014-11-07T21:10:30.860Z,Touch start,static,Cutting,{287, 894}
2014-11-07T21:10:30.876Z,Touch move,static,Cutting,{278, 895}
2014-11-07T21:10:30.894Z,Touch move,static,Cutting,{276, 895}
2014-11-07T21:10:30.909Z,Touch move,static,Cutting,{274, 896}
2014-11-07T21:10:30.926Z,Touch move,static,Cutting,{273, 897}
2014-11-07T21:10:30.941Z,Touch move,static,Cutting,{273, 899}
2014-11-07T21:10:30.961Z,Touch move,static,Cutting,{273, 900}
2014-11-07T21:10:30.976Z,Touch move,static,Cutting,{273, 901}
2014-11-07T21:10:30.993Z,Touch move,static,Cutting,{273, 902}
2014-11-07T21:10:31.010Z,Touch move,static,Cutting,{273, 906}
2014-11-07T21:10:31.026Z,Touch end,static,Cutting,{272, 908}
2014-11-07T21:10:32.740Z,Touch start,static,Cutting,{152, 639}
2014-11-07T21:10:32.753Z,Touch move,static,Cutting,{165, 630}
2014-11-07T21:10:32.770Z,Touch move,static,Cutting,{167, 626}
2014-11-07T21:10:32.787Z,Touch move,static,Cutting,{168, 626}
2014-11-07T21:10:32.837Z,Touch move,static,Cutting,{167, 627}
2014-11-07T21:10:32.853Z,Touch move,static,Cutting,{166, 628}
2014-11-07T21:10:32.869Z,Touch move,static,Cutting,{161, 633}
2014-11-07T21:10:32.886Z,Touch move,static,Cutting,{154, 637}
2014-11-07T21:10:32.902Z,Touch move,static,Cutting,{144, 643}
2014-11-07T21:10:32.920Z,Touch move,static,Cutting,{132, 649}
2014-11-07T21:10:32.936Z,Touch move,static,Cutting,{115, 656}
2014-11-07T21:10:32.952Z,Touch end,static,Cutting,{112, 658}
2014-11-07T21:10:33.171Z,Touch start,static,Cutting,{149, 644}
2014-11-07T21:10:33.185Z,Touch move,static,Cutting,{143, 645}
2014-11-07T21:10:33.201Z,Touch move,static,Cutting,{139, 645}
2014-11-07T21:10:33.218Z,Touch move,static,Cutting,{139, 646}
2014-11-07T21:10:33.235Z,Touch move,static,Cutting,{139, 648}
2014-11-07T21:10:33.251Z,Touch move,static,Cutting,{139, 651}
2014-11-07T21:10:33.268Z,Touch move,static,Cutting,{139, 654}
2014-11-07T21:10:33.285Z,Touch move,static,Cutting,{139, 663}
2014-11-07T21:10:33.301Z,Touch move,static,Cutting,{139, 675}
2014-11-07T21:10:33.318Z,Touch move,static,Cutting,{135, 687}
2014-11-07T21:10:33.334Z,Touch end,static,Cutting,{133, 689}
2014-11-07T21:10:33.553Z,Touch start,static,Cutting,{115, 668}
2014-11-07T21:10:33.567Z,Touch move,static,Cutting,{107, 664}
2014-11-07T21:10:33.583Z,Touch move,static,Cutting,{102, 664}
2014-11-07T21:10:33.600Z,Touch move,static,Cutting,{99, 664}
2014-11-07T21:10:33.633Z,Touch move,static,Cutting,{99, 665}
2014-11-07T21:10:33.650Z,Touch move,static,Cutting,{99, 666}
2014-11-07T21:10:33.667Z,Touch move,static,Cutting,{97, 666}
2014-11-07T21:10:33.683Z,Touch move,static,Cutting,{89, 666}
2014-11-07T21:10:33.700Z,Touch end,static,Cutting,{87, 666}
2014-11-07T21:10:34.022Z,Touch start,static,Cutting,{89, 701}
2014-11-07T21:10:34.102Z,Touch end,static,Cutting,{86, 713}
2014-11-07T21:10:34.370Z,Touch start,static,Cutting,{111, 772}
2014-11-07T21:10:34.385Z,Touch move,static,Cutting,{104, 769}
2014-11-07T21:10:34.401Z,Touch move,static,Cutting,{100, 769}
2014-11-07T21:10:34.417Z,Touch move,static,Cutting,{99, 769}
2014-11-07T21:10:34.451Z,Touch move,static,Cutting,{101, 769}
2014-11-07T21:10:34.467Z,Touch end,static,Cutting,{103, 771}
2014-11-07T21:10:34.868Z,Touch start,static,Cutting,{81, 714}
2014-11-07T21:10:34.916Z,Touch move,static,Cutting,{86, 719}
2014-11-07T21:10:34.933Z,Touch move,static,Cutting,{86, 723}
2014-11-07T21:10:34.949Z,Touch move,static,Cutting,{86, 725}
2014-11-07T21:10:34.965Z,Touch move,static,Cutting,{85, 727}
2014-11-07T21:10:34.982Z,Touch move,static,Cutting,{83, 728}
2014-11-07T21:10:34.998Z,Touch move,static,Cutting,{81, 728}
2014-11-07T21:10:35.015Z,Touch move,static,Cutting,{79, 728}
2014-11-07T21:10:35.032Z,Touch move,static,Cutting,{77, 728}
2014-11-07T21:10:35.048Z,Touch end,static,Cutting,{68, 733}
2014-11-07T21:10:35.367Z,Touch start,static,Cutting,{78, 727}
2014-11-07T21:10:35.431Z,Touch end,static,Cutting,{75, 739}
2014-11-07T21:10:35.649Z,Touch start,static,Cutting,{183, 810}
2014-11-07T21:10:35.663Z,Touch move,static,Cutting,{186, 791}
2014-11-07T21:10:35.680Z,Touch move,static,Cutting,{175, 789}
2014-11-07T21:10:35.696Z,Touch move,static,Cutting,{169, 789}
2014-11-07T21:10:35.713Z,Touch move,static,Cutting,{167, 789}
2014-11-07T21:10:35.729Z,Touch move,static,Cutting,{165, 790}
2014-11-07T21:10:35.746Z,Touch move,static,Cutting,{165, 792}
2014-11-07T21:10:35.762Z,Touch move,static,Cutting,{164, 794}
2014-11-07T21:10:35.778Z,Touch move,static,Cutting,{162, 797}
2014-11-07T21:10:35.796Z,Touch move,static,Cutting,{161, 798}
2014-11-07T21:10:35.812Z,Touch move,static,Cutting,{161, 800}
2014-11-07T21:10:35.829Z,Touch move,static,Cutting,{159, 800}
2014-11-07T21:10:35.844Z,Touch move,static,Cutting,{157, 800}
2014-11-07T21:10:35.862Z,Touch move,static,Cutting,{152, 800}
2014-11-07T21:10:35.879Z,Touch move,static,Cutting,{145, 796}
2014-11-07T21:10:35.895Z,Touch end,static,Cutting,{143, 794}
2014-11-07T21:10:36.482Z,Touch start,tomato,Cutting,{323, 504}
2014-11-07T21:10:36.498Z,Touch move,tomato,Cutting,{315, 501}
2014-11-07T21:10:36.514Z,Touch move,tomato,Cutting,{311, 502}
2014-11-07T21:10:36.530Z,Touch move,tomato,Cutting,{311, 507}
2014-11-07T21:10:36.547Z,Touch move,tomato,Cutting,{311, 527}
2014-11-07T21:10:36.564Z,Touch end,tomato,Cutting,{303, 569}
2014-11-07T21:10:36.783Z,Touch start,tomato,Cutting,{259, 476}
2014-11-07T21:10:36.862Z,Touch move,tomato,Cutting,{265, 488}
2014-11-07T21:10:36.879Z,Touch end,tomato,Cutting,{265, 490}
2014-11-07T21:10:37.131Z,Touch start,tomato,Cutting,{231, 577}
2014-11-07T21:10:37.146Z,Touch move,tomato,Cutting,{233, 557}
2014-11-07T21:10:37.161Z,Touch move,tomato,Cutting,{233, 555}
2014-11-07T21:10:37.194Z,Touch end,tomato,Cutting,{233, 555}
2014-11-07T21:10:37.511Z,Touch start,static,Cutting,{223, 546}
2014-11-07T21:10:37.559Z,Touch end,static,Cutting,{217, 539}
2014-11-07T21:11:08.611Z,Touch start,static,Cutting,{485, 452}
2014-11-07T21:11:08.637Z,Touch move,static,Cutting,{492, 457}
2014-11-07T21:11:08.653Z,Touch move,static,Cutting,{498, 457}
2014-11-07T21:11:08.669Z,Touch move,static,Cutting,{502, 457}
2014-11-07T21:11:08.687Z,Touch move,static,Cutting,{504, 458}
2014-11-07T21:11:08.703Z,Touch move,static,Cutting,{505, 459}
2014-11-07T21:11:08.720Z,Touch move,static,Cutting,{506, 460}
2014-11-07T21:11:08.737Z,Touch move,static,Cutting,{506, 461}
2014-11-07T21:11:08.770Z,Touch move,static,Cutting,{504, 461}
2014-11-07T21:11:08.786Z,Touch move,static,Cutting,{502, 461}
2014-11-07T21:11:08.803Z,Touch move,static,Cutting,{501, 461}
2014-11-07T21:11:08.819Z,Touch move,static,Cutting,{499, 459}
2014-11-07T21:11:08.836Z,Touch move,static,Cutting,{497, 456}
2014-11-07T21:11:08.852Z,Touch move,static,Cutting,{494, 450}
2014-11-07T21:11:08.869Z,Touch move,static,Cutting,{491, 443}
2014-11-07T21:11:08.885Z,Touch move,static,Cutting,{486, 438}
2014-11-07T21:11:08.902Z,Touch end,static,Cutting,{480, 432}
2014-11-07T21:11:09.308Z,Touch start,tomato,Cutting,{224, 512}
2014-11-07T21:11:09.358Z,Touch end,tomato,Cutting,{214, 508}
2014-11-07T21:11:09.639Z,Touch start,static,Cutting,{115, 447}
2014-11-07T21:11:09.836Z,Touch end,static,Cutting,{109, 432}
2014-11-07T21:11:10.353Z,Touch start,tomato,Cutting,{372, 407}
2014-11-07T21:11:10.368Z,Touch move,tomato,Cutting,{377, 416}
2014-11-07T21:11:10.384Z,Touch move,tomato,Cutting,{377, 420}
2014-11-07T21:11:10.402Z,Touch move,tomato,Cutting,{377, 421}
2014-11-07T21:11:10.418Z,Touch move,tomato,Cutting,{376, 422}
2014-11-07T21:11:10.434Z,Touch move,tomato,Cutting,{375, 422}
2014-11-07T21:11:10.451Z,Touch move,tomato,Cutting,{372, 422}
2014-11-07T21:11:10.469Z,Touch move,tomato,Cutting,{370, 420}
2014-11-07T21:11:10.483Z,Touch end,tomato,Cutting,{347, 415}
2014-11-07T21:11:10.719Z,Touch start,tomato,Cutting,{306, 493}
2014-11-07T21:11:10.832Z,Touch move,tomato,Cutting,{268, 469}
2014-11-07T21:11:10.848Z,Touch end,tomato,Cutting,{266, 467}
2014-11-07T21:11:11.100Z,Touch start,static,Cutting,{116, 452}
2014-11-07T21:11:11.181Z,Touch move,static,Cutting,{98, 449}
2014-11-07T21:11:11.198Z,Touch move,static,Cutting,{97, 445}
2014-11-07T21:11:11.215Z,Touch move,static,Cutting,{96, 441}
2014-11-07T21:11:11.232Z,Touch move,static,Cutting,{88, 425}
2014-11-07T21:11:11.247Z,Touch end,static,Cutting,{86, 423}
2014-11-07T21:11:11.452Z,Touch start,static,Cutting,{51, 424}
2014-11-07T21:11:11.536Z,Touch move,static,Cutting,{36, 417}
2014-11-07T21:11:11.551Z,Touch move,static,Cutting,{36, 414}
2014-11-07T21:11:11.567Z,Touch move,static,Cutting,{36, 412}
2014-11-07T21:11:11.583Z,Touch move,static,Cutting,{24, 392}
2014-11-07T21:11:11.600Z,Touch end,static,Cutting,{22, 390}
2014-11-07T21:11:12.117Z,Touch start,static,Cutting,{10, 378}
2014-11-07T21:11:12.132Z,Touch move,static,Cutting,{13, 383}
2014-11-07T21:11:12.148Z,Touch move,static,Cutting,{13, 384}
2014-11-07T21:11:12.165Z,Touch move,static,Cutting,{13, 383}
2014-11-07T21:11:12.181Z,Touch move,static,Cutting,{13, 380}
2014-11-07T21:11:12.198Z,Touch move,static,Cutting,{13, 379}
2014-11-07T21:11:12.215Z,Touch move,static,Cutting,{12, 378}
2014-11-07T21:11:12.231Z,Touch move,static,Cutting,{12, 377}
2014-11-07T21:11:12.248Z,Touch move,static,Cutting,{11, 375}
2014-11-07T21:11:12.264Z,Touch move,static,Cutting,{10, 374}
2014-11-07T21:11:12.281Z,Touch end,static,Cutting,{8, 372}
2014-11-07T21:11:12.481Z,Touch start,static,Cutting,{46, 428}
2014-11-07T21:11:12.529Z,Touch move,static,Cutting,{38, 421}
2014-11-07T21:11:12.546Z,Touch move,static,Cutting,{38, 418}
2014-11-07T21:11:12.562Z,Touch move,static,Cutting,{38, 416}
2014-11-07T21:11:12.580Z,Touch move,static,Cutting,{35, 406}
2014-11-07T21:11:12.596Z,Touch end,static,Cutting,{33, 404}
2014-11-07T21:11:12.816Z,Touch start,static,Cutting,{45, 358}
2014-11-07T21:11:12.829Z,Touch move,static,Cutting,{35, 359}
2014-11-07T21:11:12.845Z,Touch move,static,Cutting,{33, 359}
2014-11-07T21:11:12.862Z,Touch move,static,Cutting,{33, 357}
2014-11-07T21:11:12.878Z,Touch move,static,Cutting,{33, 353}
2014-11-07T21:11:12.895Z,Touch move,static,Cutting,{34, 348}
2014-11-07T21:11:12.911Z,Touch move,static,Cutting,{34, 336}
2014-11-07T21:11:12.928Z,Touch move,static,Cutting,{14, 306}
2014-11-07T21:11:12.944Z,Touch end,static,Cutting,{12, 304}
2014-11-07T21:11:13.212Z,Touch start,static,Cutting,{8, 424}
2014-11-07T21:11:13.227Z,Touch move,static,Cutting,{8, 420}
2014-11-07T21:11:13.243Z,Touch move,static,Cutting,{8, 415}
2014-11-07T21:11:13.262Z,Touch end,static,Cutting,{8, 404}
2014-11-07T21:11:13.500Z,Touch start,static,Cutting,{8, 427}
2014-11-07T21:11:13.514Z,Touch move,static,Cutting,{8, 436}
2014-11-07T21:11:13.530Z,Touch move,static,Cutting,{8, 437}
2014-11-07T21:11:13.564Z,Touch move,static,Cutting,{8, 436}
2014-11-07T21:11:13.580Z,Touch move,static,Cutting,{8, 432}
2014-11-07T21:11:13.596Z,Touch move,static,Cutting,{8, 429}
2014-11-07T21:11:13.613Z,Touch end,static,Cutting,{8, 427}
2014-11-07T21:11:13.848Z,Touch start,static,Cutting,{62, 335}
2014-11-07T21:11:13.912Z,Touch end,static,Cutting,{65, 331}
2014-11-07T21:11:14.212Z,Touch start,static,Cutting,{130, 418}
2014-11-07T21:11:14.227Z,Touch move,static,Cutting,{124, 429}
2014-11-07T21:11:14.244Z,Touch move,static,Cutting,{111, 430}
2014-11-07T21:11:14.260Z,Touch move,static,Cutting,{105, 430}
2014-11-07T21:11:14.277Z,Touch move,static,Cutting,{96, 421}
2014-11-07T21:11:14.294Z,Touch move,static,Cutting,{79, 399}
2014-11-07T21:11:14.311Z,Touch move,static,Cutting,{58, 352}
2014-11-07T21:11:14.326Z,Touch end,static,Cutting,{56, 350}
2014-11-07T21:11:14.577Z,Touch start,static,Cutting,{54, 353}
2014-11-07T21:11:14.592Z,Touch move,static,Cutting,{59, 368}
2014-11-07T21:11:14.609Z,Touch move,static,Cutting,{56, 368}
2014-11-07T21:11:14.625Z,Touch move,static,Cutting,{45, 340}
2014-11-07T21:11:14.642Z,Touch end,static,Cutting,{43, 338}
2014-11-07T21:11:14.911Z,Touch start,static,Cutting,{174, 219}
2014-11-07T21:11:14.927Z,Touch move,static,Cutting,{161, 226}
2014-11-07T21:11:14.943Z,Touch move,static,Cutting,{144, 242}
2014-11-07T21:11:14.960Z,Touch end,static,Cutting,{111, 274}
2014-11-07T21:11:15.229Z,Touch start,static,Cutting,{27, 216}
2014-11-07T21:11:15.245Z,Touch move,static,Cutting,{23, 233}
2014-11-07T21:11:15.260Z,Touch end,static,Cutting,{23, 233}
2014-11-07T21:11:15.912Z,Touch start,static,Cutting,{144, 613}
2014-11-07T21:11:15.959Z,Touch move,static,Cutting,{143, 607}
2014-11-07T21:11:15.975Z,Touch move,static,Cutting,{142, 606}
2014-11-07T21:11:15.994Z,Touch move,static,Cutting,{139, 605}
2014-11-07T21:11:16.008Z,Touch move,static,Cutting,{131, 601}
2014-11-07T21:11:16.025Z,Touch move,static,Cutting,{121, 589}
2014-11-07T21:11:16.042Z,Touch end,static,Cutting,{119, 587}
2014-11-07T21:11:16.344Z,Touch start,static,Cutting,{112, 693}
2014-11-07T21:11:16.359Z,Touch move,static,Cutting,{106, 681}
2014-11-07T21:11:16.376Z,Touch move,static,Cutting,{92, 651}
2014-11-07T21:11:16.392Z,Touch end,static,Cutting,{90, 649}
2014-11-07T21:11:16.645Z,Touch start,static,Cutting,{163, 712}
2014-11-07T21:11:16.658Z,Touch move,static,Cutting,{153, 711}
2014-11-07T21:11:16.676Z,Touch move,static,Cutting,{148, 710}
2014-11-07T21:11:16.692Z,Touch move,static,Cutting,{147, 706}
2014-11-07T21:11:16.709Z,Touch move,static,Cutting,{145, 702}
2014-11-07T21:11:16.723Z,Touch move,static,Cutting,{143, 690}
2014-11-07T21:11:16.743Z,Touch end,static,Cutting,{140, 670}
2014-11-07T21:11:16.957Z,Touch start,static,Cutting,{225, 602}
2014-11-07T21:11:16.971Z,Touch move,static,Cutting,{230, 623}
2014-11-07T21:11:16.987Z,Touch move,static,Cutting,{230, 642}
2014-11-07T21:11:17.004Z,Touch move,static,Cutting,{229, 653}
2014-11-07T21:11:17.021Z,Touch move,static,Cutting,{228, 657}
2014-11-07T21:11:17.040Z,Touch move,static,Cutting,{228, 658}
2014-11-07T21:11:17.089Z,Touch move,static,Cutting,{224, 648}
2014-11-07T21:11:17.105Z,Touch move,static,Cutting,{209, 637}
2014-11-07T21:11:17.120Z,Touch end,static,Cutting,{171, 619}
2014-11-07T21:11:17.340Z,Touch start,static,Cutting,{179, 841}
2014-11-07T21:11:17.352Z,Touch move,static,Cutting,{188, 847}
2014-11-07T21:11:17.368Z,Touch move,static,Cutting,{192, 844}
2014-11-07T21:11:17.386Z,Touch move,static,Cutting,{219, 806}
2014-11-07T21:11:17.402Z,Touch end,static,Cutting,{221, 804}
2014-11-07T21:11:17.991Z,Touch start,static,Cutting,{84, 128}
2014-11-07T21:11:18.087Z,Touch end,static,Cutting,{81, 129}
2014-11-07T21:11:21.744Z,Touch start,static,Cutting,{63, 0}
2014-11-07T21:11:22.114Z,Touch move,static,Cutting,{62, 0}
2014-11-07T21:11:22.394Z,Touch move,static,Cutting,{56, 0}
2014-11-07T21:11:22.478Z,Touch end,static,Cutting,{56, 0}
2014-11-07T21:11:23.278Z,Touch start,static,Cutting,{294, 1016}
2014-11-07T21:11:23.591Z,Touch move,static,Cutting,{290, 1017}
2014-11-07T21:11:23.709Z,Touch move,static,Cutting,{289, 1017}
2014-11-07T21:11:23.741Z,Touch move,static,Cutting,{288, 1017}
2014-11-07T21:11:23.761Z,Touch move,static,Cutting,{287, 1017}
2014-11-07T21:11:23.776Z,Touch move,static,Cutting,{286, 1017}
2014-11-07T21:11:23.793Z,Touch move,static,Cutting,{285, 1017}
2014-11-07T21:11:23.810Z,Touch move,static,Cutting,{284, 1017}
2014-11-07T21:11:23.826Z,Touch move,static,Cutting,{283, 1016}
2014-11-07T21:11:23.859Z,Touch move,static,Cutting,{282, 1014}
2014-11-07T21:11:23.876Z,Touch move,static,Cutting,{279, 1011}
2014-11-07T21:11:23.890Z,Touch end,static,Cutting,{270, 999}
2014-11-07T21:11:24.594Z,Touch start,static,Cutting,{354, 759}
2014-11-07T21:11:24.626Z,Touch move,static,Cutting,{343, 757}
2014-11-07T21:11:24.643Z,Touch move,static,Cutting,{341, 760}
2014-11-07T21:11:24.658Z,Touch move,static,Cutting,{341, 764}
2014-11-07T21:11:24.676Z,Touch move,static,Cutting,{341, 766}
2014-11-07T21:11:24.692Z,Touch move,static,Cutting,{342, 767}
2014-11-07T21:11:24.709Z,Touch move,static,Cutting,{343, 774}
2014-11-07T21:11:24.725Z,Touch end,static,Cutting,{345, 776}
2014-11-07T21:11:25.127Z,Touch start,static,Cutting,{427, 786}
2014-11-07T21:11:25.142Z,Touch move,static,Cutting,{419, 782}
2014-11-07T21:11:25.156Z,Touch move,static,Cutting,{415, 782}
2014-11-07T21:11:25.172Z,Touch move,static,Cutting,{414, 782}
2014-11-07T21:11:25.189Z,Touch move,static,Cutting,{414, 784}
2014-11-07T21:11:25.205Z,Touch move,static,Cutting,{414, 787}
2014-11-07T21:11:25.221Z,Touch move,static,Cutting,{414, 788}
2014-11-07T21:11:25.238Z,Touch move,static,Cutting,{414, 790}
2014-11-07T21:11:25.254Z,Touch move,static,Cutting,{413, 795}
2014-11-07T21:11:25.274Z,Touch end,static,Cutting,{411, 797}
2014-11-07T21:11:25.673Z,Touch start,static,Cutting,{522, 962}
2014-11-07T21:11:25.686Z,Touch move,static,Cutting,{515, 961}
2014-11-07T21:11:25.702Z,Touch move,static,Cutting,{507, 960}
2014-11-07T21:11:25.721Z,Touch move,static,Cutting,{504, 960}
2014-11-07T21:11:25.753Z,Touch move,static,Cutting,{504, 961}
2014-11-07T21:11:25.769Z,Touch end,static,Cutting,{502, 965}
2014-11-07T21:11:26.037Z,Touch start,static,Cutting,{497, 909}
2014-11-07T21:11:26.051Z,Touch move,static,Cutting,{488, 910}
2014-11-07T21:11:26.068Z,Touch move,static,Cutting,{484, 913}
2014-11-07T21:11:26.085Z,Touch move,static,Cutting,{484, 919}
2014-11-07T21:11:26.101Z,Touch move,static,Cutting,{485, 923}
2014-11-07T21:11:26.118Z,Touch move,static,Cutting,{489, 926}
2014-11-07T21:11:26.135Z,Touch move,static,Cutting,{492, 935}
2014-11-07T21:11:26.150Z,Touch end,static,Cutting,{494, 938}
2014-11-07T21:11:26.374Z,Touch start,static,Cutting,{409, 906}
2014-11-07T21:11:26.387Z,Touch move,static,Cutting,{386, 901}
2014-11-07T21:11:26.407Z,Touch move,static,Cutting,{369, 901}
2014-11-07T21:11:26.425Z,Touch move,static,Cutting,{365, 906}
2014-11-07T21:11:26.440Z,Touch move,static,Cutting,{365, 908}
2014-11-07T21:11:26.454Z,Touch move,static,Cutting,{366, 909}
2014-11-07T21:11:26.470Z,Touch move,static,Cutting,{370, 910}
2014-11-07T21:11:26.490Z,Touch move,static,Cutting,{380, 912}
2014-11-07T21:11:26.504Z,Touch end,static,Cutting,{376, 922}
2014-11-07T21:11:26.687Z,Touch start,static,Cutting,{210, 889}
2014-11-07T21:11:26.702Z,Touch move,static,Cutting,{189, 887}
2014-11-07T21:11:26.719Z,Touch move,static,Cutting,{184, 887}
2014-11-07T21:11:26.737Z,Touch move,static,Cutting,{184, 888}
2014-11-07T21:11:26.755Z,Touch move,static,Cutting,{187, 892}
2014-11-07T21:11:26.769Z,Touch move,static,Cutting,{190, 897}
2014-11-07T21:11:26.787Z,Touch move,static,Cutting,{199, 901}
2014-11-07T21:11:26.803Z,Touch end,static,Cutting,{207, 923}
2014-11-07T21:11:26.971Z,Touch start,static,Cutting,{187, 836}
2014-11-07T21:11:26.985Z,Touch move,static,Cutting,{167, 834}
2014-11-07T21:11:27.002Z,Touch move,static,Cutting,{165, 834}
2014-11-07T21:11:27.019Z,Touch move,static,Cutting,{166, 834}
2014-11-07T21:11:27.035Z,Touch move,static,Cutting,{169, 836}
2014-11-07T21:11:27.052Z,Touch move,static,Cutting,{175, 842}
2014-11-07T21:11:27.068Z,Touch move,static,Cutting,{186, 849}
2014-11-07T21:11:27.085Z,Touch end,static,Cutting,{188, 851}
2014-11-07T21:11:27.270Z,Touch start,static,Cutting,{208, 861}
2014-11-07T21:11:27.284Z,Touch move,static,Cutting,{202, 859}
2014-11-07T21:11:27.301Z,Touch move,static,Cutting,{200, 859}
2014-11-07T21:11:27.318Z,Touch move,static,Cutting,{200, 860}
2014-11-07T21:11:27.334Z,Touch move,static,Cutting,{200, 864}
2014-11-07T21:11:27.351Z,Touch move,static,Cutting,{202, 868}
2014-11-07T21:11:27.367Z,Touch end,static,Cutting,{204, 870}
2014-11-07T21:11:27.602Z,Touch start,tomato,Cutting,{232, 433}
2014-11-07T21:11:27.616Z,Touch move,tomato,Cutting,{235, 421}
2014-11-07T21:11:27.633Z,Touch move,tomato,Cutting,{235, 422}
2014-11-07T21:11:27.650Z,Touch end,tomato,Cutting,{235, 423}
2014-11-07T21:11:27.834Z,Touch start,tomato,Cutting,{251, 514}
2014-11-07T21:11:27.849Z,Touch move,tomato,Cutting,{254, 505}
2014-11-07T21:11:27.866Z,Touch move,tomato,Cutting,{254, 502}
2014-11-07T21:11:27.882Z,Touch move,tomato,Cutting,{252, 494}
2014-11-07T21:11:27.899Z,Touch end,tomato,Cutting,{250, 492}
2014-11-07T21:11:28.117Z,Touch start,tomato,Cutting,{266, 460}
2014-11-07T21:11:28.133Z,Touch move,tomato,Cutting,{261, 453}
2014-11-07T21:11:28.148Z,Touch move,tomato,Cutting,{255, 454}
2014-11-07T21:11:28.165Z,Touch move,tomato,Cutting,{252, 455}
2014-11-07T21:11:28.181Z,Touch move,tomato,Cutting,{251, 457}
2014-11-07T21:11:28.198Z,Touch move,tomato,Cutting,{251, 459}
2014-11-07T21:11:28.215Z,Touch move,tomato,Cutting,{251, 460}
2014-11-07T21:11:28.231Z,Touch move,tomato,Cutting,{253, 461}
2014-11-07T21:11:28.247Z,Touch move,tomato,Cutting,{254, 470}
2014-11-07T21:11:28.264Z,Touch end,tomato,Cutting,{256, 472}
2014-11-07T21:11:28.868Z,Touch start,static,Cutting,{456, 490}
2014-11-07T21:11:28.900Z,Touch move,static,Cutting,{445, 494}
2014-11-07T21:11:28.916Z,Touch move,static,Cutting,{430, 497}
2014-11-07T21:11:28.931Z,Touch end,static,Cutting,{402, 508}
2014-11-07T21:11:29.217Z,Touch start,static,Cutting,{33, 464}
2014-11-07T21:11:29.231Z,Touch move,static,Cutting,{37, 466}
2014-11-07T21:11:29.248Z,Touch move,static,Cutting,{44, 468}
2014-11-07T21:11:29.264Z,Touch move,static,Cutting,{66, 478}
2014-11-07T21:11:29.280Z,Touch end,static,Cutting,{68, 481}
2014-11-07T21:11:29.482Z,Touch start,static,Cutting,{52, 489}
2014-11-07T21:11:29.497Z,Touch move,static,Cutting,{42, 491}
2014-11-07T21:11:29.529Z,Touch move,static,Cutting,{48, 491}
2014-11-07T21:11:29.546Z,Touch end,static,Cutting,{54, 492}
2014-11-07T21:11:30.995Z,Touch start,static,Cutting,{8, 500}
2014-11-07T21:11:31.043Z,Touch move,static,Cutting,{8, 507}
2014-11-07T21:11:31.060Z,Touch move,static,Cutting,{8, 509}
2014-11-07T21:11:31.077Z,Touch move,static,Cutting,{8, 515}
2014-11-07T21:11:31.093Z,Touch end,static,Cutting,{8, 517}
2014-11-07T21:11:31.277Z,Touch start,static,Cutting,{14, 457}
2014-11-07T21:11:31.294Z,Touch move,static,Cutting,{13, 454}
2014-11-07T21:11:31.360Z,Touch move,static,Cutting,{14, 457}
2014-11-07T21:11:31.379Z,Touch move,static,Cutting,{14, 460}
2014-11-07T21:11:31.394Z,Touch move,static,Cutting,{14, 463}
2014-11-07T21:11:31.411Z,Touch end,static,Cutting,{28, 504}
2014-11-07T21:11:31.661Z,Touch start,static,Cutting,{115, 499}
2014-11-07T21:11:31.677Z,Touch move,static,Cutting,{115, 496}
2014-11-07T21:11:31.709Z,Touch move,static,Cutting,{115, 499}
2014-11-07T21:11:31.727Z,Touch end,static,Cutting,{110, 510}
2014-11-07T21:11:32.146Z,Touch start,tomato,Cutting,{253, 414}
2014-11-07T21:11:32.159Z,Touch move,tomato,Cutting,{248, 411}
2014-11-07T21:11:32.176Z,Touch end,tomato,Cutting,{233, 412}
2014-11-07T21:11:35.034Z,Touch start,tomato,Cutting,{359, 437}
2014-11-07T21:11:35.042Z,Touch move,tomato,Cutting,{362, 430}
2014-11-07T21:11:35.075Z,Touch move,tomato,Cutting,{361, 430}
2014-11-07T21:11:35.091Z,Touch move,tomato,Cutting,{359, 431}
2014-11-07T21:11:35.111Z,Touch move,tomato,Cutting,{355, 432}
2014-11-07T21:11:35.125Z,Touch move,tomato,Cutting,{351, 437}
2014-11-07T21:11:35.142Z,Touch move,tomato,Cutting,{345, 443}
2014-11-07T21:11:35.159Z,Touch end,tomato,Cutting,{335, 450}
2014-11-07T21:11:35.362Z,Touch start,tomato,Cutting,{316, 443}
2014-11-07T21:11:35.393Z,Touch move,tomato,Cutting,{306, 447}
2014-11-07T21:11:35.410Z,Touch move,tomato,Cutting,{303, 448}
2014-11-07T21:11:35.426Z,Touch move,tomato,Cutting,{301, 449}
2014-11-07T21:11:35.442Z,Touch move,tomato,Cutting,{301, 450}
2014-11-07T21:11:35.474Z,Touch move,tomato,Cutting,{301, 451}
2014-11-07T21:11:35.509Z,Touch move,tomato,Cutting,{301, 452}
2014-11-07T21:11:35.526Z,Touch move,tomato,Cutting,{297, 453}
2014-11-07T21:11:35.542Z,Touch end,tomato,Cutting,{285, 455}
2014-11-07T21:11:35.694Z,Touch start,tomato,Cutting,{282, 442}
2014-11-07T21:11:35.759Z,Touch move,tomato,Cutting,{268, 446}
2014-11-07T21:11:35.771Z,Touch move,tomato,Cutting,{266, 446}
2014-11-07T21:11:35.806Z,Touch move,tomato,Cutting,{259, 446}
2014-11-07T21:11:35.825Z,Touch end,tomato,Cutting,{228, 439}
2014-11-07T21:11:36.071Z,Touch start,tomato,Cutting,{246, 455}
2014-11-07T21:11:36.090Z,Touch move,tomato,Cutting,{237, 456}
2014-11-07T21:11:36.104Z,Touch move,tomato,Cutting,{233, 456}
2014-11-07T21:11:36.121Z,Touch move,tomato,Cutting,{227, 456}
2014-11-07T21:11:36.137Z,Touch move,tomato,Cutting,{217, 456}
2014-11-07T21:11:36.154Z,Touch move,tomato,Cutting,{194, 457}
2014-11-07T21:11:36.170Z,Touch end,tomato,Cutting,{192, 459}
2014-11-07T21:11:37.423Z,Touch start,static,Cutting,{171, 4}
2014-11-07T21:11:37.435Z,Touch move,static,Cutting,{195, 5}
2014-11-07T21:11:37.453Z,Touch move,static,Cutting,{218, 6}
2014-11-07T21:11:37.469Z,Touch move,static,Cutting,{244, 6}
2014-11-07T21:11:37.486Z,Touch end,static,Cutting,{269, 1}
2014-11-07T21:11:37.540Z,Touch start,static,Cutting,{297, 1}
2014-11-07T21:11:37.718Z,Touch end,static,Cutting,{291, 2}
2014-11-07T21:11:39.863Z,Touch start,static,Cutting,{128, 178}
2014-11-07T21:11:39.878Z,Touch move,static,Cutting,{127, 175}
2014-11-07T21:11:39.926Z,Touch move,static,Cutting,{123, 171}
2014-11-07T21:11:39.944Z,Touch move,static,Cutting,{120, 168}
2014-11-07T21:11:39.959Z,Touch move,static,Cutting,{119, 165}
2014-11-07T21:11:39.976Z,Touch end,static,Cutting,{119, 165}
2014-11-07T21:11:40.411Z,Touch start,static,Cutting,{159, 204}
2014-11-07T21:11:40.426Z,Touch start,tomato,Cutting,{310, 404}
2014-11-07T21:11:40.426Z,Touch move,static,Cutting,{154, 212}
2014-11-07T21:11:40.444Z,Touch move,tomato,Cutting,{307, 405}
2014-11-07T21:11:40.445Z,Touch move,static,Cutting,{150, 220}
2014-11-07T21:11:40.459Z,Touch move,tomato,Cutting,{306, 407}
2014-11-07T21:11:40.460Z,Touch move,static,Cutting,{146, 226}
2014-11-07T21:11:40.476Z,Touch move,tomato,Cutting,{304, 408}
2014-11-07T21:11:40.476Z,Touch move,static,Cutting,{145, 227}
2014-11-07T21:11:40.493Z,Touch move,tomato,Cutting,{302, 409}
2014-11-07T21:11:40.493Z,Touch move,static,Cutting,{141, 229}
2014-11-07T21:11:40.509Z,Touch move,tomato,Cutting,{299, 409}
2014-11-07T21:11:40.509Z,Touch move,static,Cutting,{139, 229}
2014-11-07T21:11:40.527Z,Touch move,tomato,Cutting,{289, 409}
2014-11-07T21:11:40.527Z,Touch end,static,Cutting,{139, 229}
2014-11-07T21:11:40.543Z,Touch move,tomato,Cutting,{270, 409}
2014-11-07T21:11:40.559Z,Touch end,tomato,Cutting,{268, 409}
2014-11-07T21:11:40.779Z,Touch start,static,Cutting,{93, 513}
2014-11-07T21:11:40.795Z,Touch move,static,Cutting,{104, 509}
2014-11-07T21:11:40.811Z,Touch move,static,Cutting,{106, 509}
2014-11-07T21:11:40.830Z,Touch move,static,Cutting,{108, 506}
2014-11-07T21:11:40.844Z,Touch move,static,Cutting,{116, 498}
2014-11-07T21:11:40.860Z,Touch move,static,Cutting,{126, 481}
2014-11-07T21:11:40.876Z,Touch move,static,Cutting,{141, 451}
2014-11-07T21:11:40.892Z,Touch end,static,Cutting,{162, 411}
2014-11-07T21:11:41.147Z,Touch start,static,Cutting,{119.98514, 155.97997}
2014-11-07T21:11:45.410Z,Touch start,tomato,Cutting,{248, 480}
2014-11-07T21:11:45.691Z,Touch end,tomato,Cutting,{245, 478}
2014-11-07T21:11:45.928Z,Touch start,tomato,Cutting,{231, 457}
2014-11-07T21:11:46.058Z,Touch end,tomato,Cutting,{230, 457}
2014-11-07T21:11:46.327Z,Touch start,tomato,Cutting,{229, 456}
2014-11-07T21:11:46.458Z,Touch end,tomato,Cutting,{220, 459}
2014-11-07T21:11:46.760Z,Touch start,tomato,Cutting,{238, 453}
2014-11-07T21:11:46.874Z,Touch end,tomato,Cutting,{236, 455}
2014-11-07T21:11:47.193Z,Touch start,tomato,Cutting,{253, 431}
2014-11-07T21:11:47.291Z,Touch move,tomato,Cutting,{238, 444}
2014-11-07T21:11:47.325Z,Touch end,tomato,Cutting,{236, 446}
2014-11-07T21:11:47.591Z,Touch start,tomato,Cutting,{238, 386}
2014-11-07T21:11:47.707Z,Touch move,tomato,Cutting,{238, 392}
2014-11-07T21:11:47.725Z,Touch move,tomato,Cutting,{237, 392}
2014-11-07T21:11:47.740Z,Touch move,tomato,Cutting,{236, 392}
2014-11-07T21:11:47.790Z,Touch move,tomato,Cutting,{234, 393}
2014-11-07T21:11:47.807Z,Touch move,tomato,Cutting,{230, 397}
2014-11-07T21:11:47.824Z,Touch end,tomato,Cutting,{225, 402}
2014-11-07T21:11:49.342Z,Touch start,tomato,Cutting,{203, 497}
2014-11-07T21:11:49.358Z,Touch move,tomato,Cutting,{193, 497}
2014-11-07T21:11:49.391Z,Touch move,tomato,Cutting,{193, 498}
2014-11-07T21:11:49.392Z,Touch move,tomato,Cutting,{193, 500}
2014-11-07T21:11:49.408Z,Touch move,tomato,Cutting,{190, 503}
2014-11-07T21:11:49.424Z,Touch end,tomato,Cutting,{188, 505}
2014-11-07T21:11:49.875Z,Touch start,static,Cutting,{100, 501}
2014-11-07T21:11:49.892Z,Touch move,static,Cutting,{102, 494}
2014-11-07T21:11:49.908Z,Touch move,static,Cutting,{102, 489}
2014-11-07T21:11:49.925Z,Touch move,static,Cutting,{102, 487}
2014-11-07T21:11:49.941Z,Touch move,static,Cutting,{102, 486}
2014-11-07T21:11:49.958Z,Touch move,static,Cutting,{101, 486}
2014-11-07T21:11:49.974Z,Touch move,static,Cutting,{98, 486}
2014-11-07T21:11:49.991Z,Touch move,static,Cutting,{96, 488}
2014-11-07T21:11:50.007Z,Touch move,static,Cutting,{95, 491}
2014-11-07T21:11:50.023Z,Touch move,static,Cutting,{95, 493}
2014-11-07T21:11:50.042Z,Touch move,static,Cutting,{88, 499}
2014-11-07T21:11:50.057Z,Touch end,static,Cutting,{86, 501}
2014-11-07T21:11:50.559Z,Touch start,static,Cutting,{60, 522}
2014-11-07T21:11:50.575Z,Touch move,static,Cutting,{53, 523}
2014-11-07T21:11:50.576Z,Touch move,static,Cutting,{51, 523}
2014-11-07T21:11:50.591Z,Touch move,static,Cutting,{50, 526}
2014-11-07T21:11:50.607Z,Touch move,static,Cutting,{50, 528}
2014-11-07T21:11:50.624Z,Touch move,static,Cutting,{50, 530}
2014-11-07T21:11:50.641Z,Touch move,static,Cutting,{50, 532}
2014-11-07T21:11:50.659Z,Touch move,static,Cutting,{50, 533}
2014-11-07T21:11:50.675Z,Touch move,static,Cutting,{50, 541}
2014-11-07T21:11:50.692Z,Touch end,static,Cutting,{48, 543}
2014-11-07T21:11:50.926Z,Touch start,static,Cutting,{14, 560}
2014-11-07T21:11:51.007Z,Touch move,static,Cutting,{20, 578}
2014-11-07T21:11:51.042Z,Touch end,static,Cutting,{22, 580}
2014-11-07T21:11:51.226Z,Touch start,static,Cutting,{47, 597}
2014-11-07T21:11:51.291Z,Touch end,static,Cutting,{50, 594}
2014-11-07T21:11:51.493Z,Touch start,static,Cutting,{35, 529}
2014-11-07T21:11:51.507Z,Touch move,static,Cutting,{20, 533}
2014-11-07T21:11:51.523Z,Touch move,static,Cutting,{19, 534}
2014-11-07T21:11:51.524Z,Touch move,static,Cutting,{19, 536}
2014-11-07T21:11:51.541Z,Touch move,static,Cutting,{20, 539}
2014-11-07T21:11:51.556Z,Touch move,static,Cutting,{22, 542}
2014-11-07T21:11:51.575Z,Touch move,static,Cutting,{27, 553}
2014-11-07T21:11:51.591Z,Touch end,static,Cutting,{29, 555}
2014-11-07T21:11:51.795Z,Touch start,static,Cutting,{45, 619}
2014-11-07T21:11:51.807Z,Touch move,static,Cutting,{29, 624}
2014-11-07T21:11:51.825Z,Touch move,static,Cutting,{28, 624}
2014-11-07T21:11:51.891Z,Touch move,static,Cutting,{31, 624}
2014-11-07T21:11:51.908Z,Touch end,static,Cutting,{33, 625}
2014-11-07T21:11:52.126Z,Touch start,static,Cutting,{37, 670}
2014-11-07T21:11:52.209Z,Touch end,static,Cutting,{46, 672}
2014-11-07T21:11:52.392Z,Touch start,static,Cutting,{8, 619}
2014-11-07T21:11:52.409Z,Touch move,static,Cutting,{9, 604}
2014-11-07T21:11:52.458Z,Touch move,static,Cutting,{9, 605}
2014-11-07T21:11:52.475Z,Touch move,static,Cutting,{11, 621}
2014-11-07T21:11:52.476Z,Touch end,static,Cutting,{13, 623}
2014-11-07T21:11:52.759Z,Touch start,static,Cutting,{92, 716}
2014-11-07T21:11:52.808Z,Touch move,static,Cutting,{105, 713}
2014-11-07T21:11:52.825Z,Touch move,static,Cutting,{110, 720}
2014-11-07T21:11:52.842Z,Touch end,static,Cutting,{115, 754}
2014-11-07T21:12:06.558Z,Touch start,tomato,Cutting,{274, 440}
2014-11-07T21:12:06.790Z,Touch move,tomato,Cutting,{288, 439}
2014-11-07T21:12:06.810Z,Touch move,tomato,Cutting,{290, 438}
2014-11-07T21:12:06.824Z,Touch move,tomato,Cutting,{293, 437}
2014-11-07T21:12:06.826Z,Touch move,tomato,Cutting,{296, 435}
2014-11-07T21:12:06.841Z,Touch move,tomato,Cutting,{298, 432}
2014-11-07T21:12:06.857Z,Touch move,tomato,Cutting,{299, 431}
2014-11-07T21:12:06.875Z,Touch move,tomato,Cutting,{301, 430}
2014-11-07T21:12:06.891Z,Touch move,tomato,Cutting,{302, 430}
2014-11-07T21:12:06.908Z,Touch move,tomato,Cutting,{304, 429}
2014-11-07T21:12:06.926Z,Touch move,tomato,Cutting,{307, 428}
2014-11-07T21:12:06.940Z,Touch move,tomato,Cutting,{312, 426}
2014-11-07T21:12:06.959Z,Touch move,tomato,Cutting,{320, 424}
2014-11-07T21:12:06.974Z,Touch move,tomato,Cutting,{329, 421}
2014-11-07T21:12:06.991Z,Touch move,tomato,Cutting,{338, 418}
2014-11-07T21:12:07.008Z,Touch move,tomato,Cutting,{347, 415}
2014-11-07T21:12:07.024Z,Touch move,tomato,Cutting,{356, 412}
2014-11-07T21:12:07.042Z,Touch move,tomato,Cutting,{365, 409}
2014-11-07T21:12:07.057Z,Touch move,tomato,Cutting,{371, 406}
2014-11-07T21:12:07.074Z,Touch move,tomato,Cutting,{377, 404}
2014-11-07T21:12:07.091Z,Touch move,tomato,Cutting,{384, 401}
2014-11-07T21:12:07.109Z,Touch move,tomato,Cutting,{388, 400}
2014-11-07T21:12:07.124Z,Touch move,tomato,Cutting,{394, 397}
2014-11-07T21:12:07.141Z,Touch move,tomato,Cutting,{399, 396}
2014-11-07T21:12:07.191Z,Touch move,tomato,Cutting,{413, 389}
2014-11-07T21:12:07.208Z,Touch move,tomato,Cutting,{418, 387}
2014-11-07T21:12:07.224Z,Touch move,tomato,Cutting,{423, 385}
2014-11-07T21:12:07.241Z,Touch move,tomato,Cutting,{428, 384}
2014-11-07T21:12:07.258Z,Touch move,tomato,Cutting,{432, 382}
2014-11-07T21:12:07.274Z,Touch move,tomato,Cutting,{436, 380}
2014-11-07T21:12:07.291Z,Touch move,tomato,Cutting,{440, 379}
2014-11-07T21:12:07.307Z,Touch move,tomato,Cutting,{444, 377}
2014-11-07T21:12:07.324Z,Touch move,tomato,Cutting,{450, 376}
2014-11-07T21:12:07.341Z,Touch move,tomato,Cutting,{456, 374}
2014-11-07T21:12:07.358Z,Touch move,tomato,Cutting,{462, 372}
2014-11-07T21:12:07.374Z,Touch move,tomato,Cutting,{468, 370}
2014-11-07T21:12:07.389Z,Touch move,tomato,Cutting,{472, 369}
2014-11-07T21:12:07.408Z,Touch move,tomato,Cutting,{478, 367}
2014-11-07T21:12:07.424Z,Touch move,tomato,Cutting,{483, 366}
2014-11-07T21:12:07.441Z,Touch move,tomato,Cutting,{487, 365}
2014-11-07T21:12:07.458Z,Touch move,tomato,Cutting,{492, 364}
2014-11-07T21:12:07.473Z,Touch move,tomato,Cutting,{494, 363}
2014-11-07T21:12:07.492Z,Touch move,tomato,Cutting,{496, 363}
2014-11-07T21:12:07.507Z,Touch move,tomato,Cutting,{498, 363}
2014-11-07T21:12:07.524Z,Touch move,tomato,Cutting,{499, 363}
2014-11-07T21:12:07.540Z,Touch move,tomato,Cutting,{500, 363}
2014-11-07T21:12:07.558Z,Touch move,tomato,Cutting,{501, 363}
2014-11-07T21:12:07.607Z,Touch move,tomato,Cutting,{502, 363}
2014-11-07T21:12:07.624Z,Touch move,tomato,Cutting,{502, 362}
2014-11-07T21:12:07.625Z,Touch move,tomato,Cutting,{503, 362}
2014-11-07T21:12:07.642Z,Touch move,tomato,Cutting,{504, 361}
2014-11-07T21:12:07.657Z,Touch move,tomato,Cutting,{507, 359}
2014-11-07T21:12:07.674Z,Touch move,tomato,Cutting,{509, 358}
2014-11-07T21:12:07.691Z,Touch move,tomato,Cutting,{512, 357}
2014-11-07T21:12:07.707Z,Touch move,tomato,Cutting,{515, 355}
2014-11-07T21:12:07.723Z,Touch move,tomato,Cutting,{517, 354}
2014-11-07T21:12:07.741Z,Touch move,tomato,Cutting,{520, 353}
2014-11-07T21:12:07.757Z,Touch move,tomato,Cutting,{523, 352}
2014-11-07T21:12:07.774Z,Touch move,tomato,Cutting,{526, 350}
2014-11-07T21:12:07.792Z,Touch move,tomato,Cutting,{529, 348}
2014-11-07T21:12:07.807Z,Touch move,tomato,Cutting,{534, 346}
2014-11-07T21:12:07.824Z,Touch move,tomato,Cutting,{536, 344}
2014-11-07T21:12:07.841Z,Touch move,tomato,Cutting,{540, 341}
2014-11-07T21:12:07.857Z,Touch move,tomato,Cutting,{543, 339}
2014-11-07T21:12:07.875Z,Touch move,tomato,Cutting,{547, 337}
2014-11-07T21:12:07.891Z,Touch move,tomato,Cutting,{550, 334}
2014-11-07T21:12:07.908Z,Touch move,tomato,Cutting,{554, 331}
2014-11-07T21:12:07.924Z,Touch move,tomato,Cutting,{557, 328}
2014-11-07T21:12:07.942Z,Touch move,tomato,Cutting,{561, 326}
2014-11-07T21:12:07.957Z,Touch move,tomato,Cutting,{565, 323}
2014-11-07T21:12:07.975Z,Touch move,tomato,Cutting,{568, 320}
2014-11-07T21:12:07.991Z,Touch move,tomato,Cutting,{572, 315}
2014-11-07T21:12:08.006Z,Touch move,tomato,Cutting,{577, 312}
2014-11-07T21:12:08.027Z,Touch move,tomato,Cutting,{581, 309}
2014-11-07T21:12:08.041Z,Touch move,tomato,Cutting,{586, 305}
2014-11-07T21:12:08.058Z,Touch move,tomato,Cutting,{593, 299}
2014-11-07T21:12:08.074Z,Touch move,tomato,Cutting,{596, 295}
2014-11-07T21:12:08.091Z,Touch move,tomato,Cutting,{601, 290}
2014-11-07T21:12:08.108Z,Touch move,tomato,Cutting,{604, 286}
2014-11-07T21:12:08.124Z,Touch move,tomato,Cutting,{607, 282}
2014-11-07T21:12:08.141Z,Touch move,tomato,Cutting,{611, 278}
2014-11-07T21:12:08.157Z,Touch move,tomato,Cutting,{613, 275}
2014-11-07T21:12:08.175Z,Touch move,tomato,Cutting,{617, 272}
2014-11-07T21:12:08.191Z,Touch move,tomato,Cutting,{620, 270}
2014-11-07T21:12:08.208Z,Touch move,tomato,Cutting,{622, 266}
2014-11-07T21:12:08.225Z,Touch move,tomato,Cutting,{625, 264}
2014-11-07T21:12:08.240Z,Touch move,tomato,Cutting,{627, 261}
2014-11-07T21:12:08.257Z,Touch move,tomato,Cutting,{630, 258}
2014-11-07T21:12:08.274Z,Touch move,tomato,Cutting,{632, 254}
2014-11-07T21:12:08.291Z,Touch move,tomato,Cutting,{633, 250}
2014-11-07T21:12:08.308Z,Touch move,tomato,Cutting,{635, 246}
2014-11-07T21:12:08.325Z,Touch move,tomato,Cutting,{636, 243}
2014-11-07T21:12:08.340Z,Touch move,tomato,Cutting,{638, 239}
2014-11-07T21:12:08.358Z,Touch move,tomato,Cutting,{639, 236}
2014-11-07T21:12:08.374Z,Touch move,tomato,Cutting,{640, 233}
2014-11-07T21:12:08.390Z,Touch move,tomato,Cutting,{641, 229}
2014-11-07T21:12:08.408Z,Touch move,tomato,Cutting,{643, 226}
2014-11-07T21:12:08.424Z,Touch move,tomato,Cutting,{644, 223}
2014-11-07T21:12:08.441Z,Touch move,tomato,Cutting,{645, 220}
2014-11-07T21:12:08.458Z,Touch move,tomato,Cutting,{646, 216}
2014-11-07T21:12:08.475Z,Touch move,tomato,Cutting,{647, 214}
2014-11-07T21:12:08.491Z,Touch move,tomato,Cutting,{649, 211}
2014-11-07T21:12:08.508Z,Touch move,tomato,Cutting,{650, 208}
2014-11-07T21:12:08.524Z,Touch move,tomato,Cutting,{651, 206}
2014-11-07T21:12:08.540Z,Touch move,tomato,Cutting,{652, 203}
2014-11-07T21:12:08.558Z,Touch move,tomato,Cutting,{653, 201}
2014-11-07T21:12:08.574Z,Touch move,tomato,Cutting,{654, 200}
2014-11-07T21:12:08.591Z,Touch move,tomato,Cutting,{655, 198}
2014-11-07T21:12:08.609Z,Touch move,tomato,Cutting,{656, 196}
2014-11-07T21:12:08.626Z,Touch move,tomato,Cutting,{656, 195}
2014-11-07T21:12:08.642Z,Touch move,tomato,Cutting,{656, 194}
2014-11-07T21:12:08.658Z,Touch move,tomato,Cutting,{656, 193}
2014-11-07T21:12:08.675Z,Touch move,tomato,Cutting,{656, 192}
2014-11-07T21:12:08.692Z,Touch move,tomato,Cutting,{658, 190}
2014-11-07T21:12:08.710Z,Touch move,tomato,Cutting,{658, 189}
2014-11-07T21:12:08.725Z,Touch move,tomato,Cutting,{659, 188}
2014-11-07T21:12:08.741Z,Touch move,tomato,Cutting,{659, 187}
2014-11-07T21:12:08.757Z,Touch move,tomato,Cutting,{660, 186}
2014-11-07T21:12:08.774Z,Touch move,tomato,Cutting,{660, 184}
2014-11-07T21:12:08.791Z,Touch move,tomato,Cutting,{661, 183}
2014-11-07T21:12:08.807Z,Touch move,tomato,Cutting,{662, 181}
2014-11-07T21:12:08.824Z,Touch move,tomato,Cutting,{663, 179}
2014-11-07T21:12:08.841Z,Touch move,tomato,Cutting,{664, 176}
2014-11-07T21:12:08.858Z,Touch move,tomato,Cutting,{665, 174}
2014-11-07T21:12:08.874Z,Touch move,tomato,Cutting,{666, 172}
2014-11-07T21:12:08.891Z,Touch move,tomato,Cutting,{666, 170}
2014-11-07T21:12:08.908Z,Touch move,tomato,Cutting,{667, 168}
2014-11-07T21:12:08.924Z,Touch move,tomato,Cutting,{667, 167}
2014-11-07T21:12:08.942Z,Touch move,tomato,Cutting,{667, 165}
2014-11-07T21:12:08.959Z,Touch move,tomato,Cutting,{668, 165}
2014-11-07T21:12:08.974Z,Touch move,tomato,Cutting,{668, 164}
2014-11-07T21:12:08.991Z,Touch move,tomato,Cutting,{669, 163}
2014-11-07T21:12:09.008Z,Touch move,tomato,Cutting,{669, 162}
2014-11-07T21:12:09.024Z,Touch end,tomato,Cutting,{672, 156}
2014-11-07T21:12:09.094Z,Touch start,static,Cutting,{642, 443}
2014-11-07T21:12:09.224Z,Touch move,static,Cutting,{643, 442}
2014-11-07T21:12:09.242Z,Touch move,static,Cutting,{619, 427}
2014-11-07T21:12:09.274Z,Touch move,static,Cutting,{614, 426}
2014-11-07T21:12:09.291Z,Touch move,static,Cutting,{641, 454}
2014-11-07T21:12:09.292Z,Touch move,static,Cutting,{613, 437}
2014-11-07T21:12:09.306Z,Touch move,static,Cutting,{610, 439}
2014-11-07T21:12:09.307Z,Touch end,static,Cutting,{608, 447}
2014-11-07T21:12:12.294Z,Touch start,tomato,Cutting,{256, 95}
2014-11-07T21:12:12.357Z,Touch move,tomato,Cutting,{259, 95}
2014-11-07T21:12:12.376Z,Touch move,tomato,Cutting,{260, 97}
2014-11-07T21:12:12.377Z,Touch move,tomato,Cutting,{261, 100}
2014-11-07T21:12:12.391Z,Touch move,tomato,Cutting,{263, 104}
2014-11-07T21:12:12.408Z,Touch move,tomato,Cutting,{264, 107}
2014-11-07T21:12:12.424Z,Touch move,tomato,Cutting,{265, 110}
2014-11-07T21:12:12.444Z,Touch move,tomato,Cutting,{266, 113}
2014-11-07T21:12:12.458Z,Touch move,tomato,Cutting,{266, 116}
2014-11-07T21:12:12.475Z,Touch move,tomato,Cutting,{267, 119}
2014-11-07T21:12:12.491Z,Touch move,tomato,Cutting,{267, 120}
2014-11-07T21:12:12.508Z,Touch move,tomato,Cutting,{267, 123}
2014-11-07T21:12:12.526Z,Touch move,tomato,Cutting,{268, 124}
2014-11-07T21:12:12.542Z,Touch move,tomato,Cutting,{268, 126}
2014-11-07T21:12:12.559Z,Touch move,tomato,Cutting,{268, 128}
2014-11-07T21:12:12.575Z,Touch move,tomato,Cutting,{268, 130}
2014-11-07T21:12:12.592Z,Touch move,tomato,Cutting,{269, 132}
2014-11-07T21:12:12.608Z,Touch move,tomato,Cutting,{270, 134}
2014-11-07T21:12:12.624Z,Touch move,tomato,Cutting,{271, 137}
2014-11-07T21:12:12.642Z,Touch move,tomato,Cutting,{272, 141}
2014-11-07T21:12:12.657Z,Touch move,tomato,Cutting,{273, 144}
2014-11-07T21:12:12.674Z,Touch move,tomato,Cutting,{275, 149}
2014-11-07T21:12:12.691Z,Touch move,tomato,Cutting,{277, 154}
2014-11-07T21:12:12.707Z,Touch move,tomato,Cutting,{280, 162}
2014-11-07T21:12:12.724Z,Touch move,tomato,Cutting,{283, 168}
2014-11-07T21:12:12.742Z,Touch move,tomato,Cutting,{285, 174}
2014-11-07T21:12:12.757Z,Touch move,tomato,Cutting,{288, 181}
2014-11-07T21:12:12.774Z,Touch move,tomato,Cutting,{290, 189}
2014-11-07T21:12:12.791Z,Touch move,tomato,Cutting,{292, 195}
2014-11-07T21:12:12.807Z,Touch move,tomato,Cutting,{295, 201}
2014-11-07T21:12:12.825Z,Touch move,tomato,Cutting,{297, 208}
2014-11-07T21:12:12.841Z,Touch move,tomato,Cutting,{300, 215}
2014-11-07T21:12:12.857Z,Touch move,tomato,Cutting,{302, 224}
2014-11-07T21:12:12.875Z,Touch move,tomato,Cutting,{305, 233}
2014-11-07T21:12:12.892Z,Touch move,tomato,Cutting,{308, 247}
2014-11-07T21:12:12.909Z,Touch end,tomato,Cutting,{311, 264}
2014-11-07T21:12:14.393Z,Touch start,tomato,Cutting,{231, 362}
2014-11-07T21:12:14.441Z,Touch move,tomato,Cutting,{241, 377}
2014-11-07T21:12:14.458Z,Touch move,tomato,Cutting,{245, 390}
2014-11-07T21:12:14.475Z,Touch move,tomato,Cutting,{248, 403}
2014-11-07T21:12:14.491Z,Touch move,tomato,Cutting,{253, 418}
2014-11-07T21:12:14.510Z,Touch move,tomato,Cutting,{260, 438}
2014-11-07T21:12:14.526Z,Touch move,tomato,Cutting,{267, 456}
2014-11-07T21:12:14.526Z,Touch move,tomato,Cutting,{277, 477}
2014-11-07T21:12:14.577Z,Touch move,tomato,Cutting,{305, 547}
2014-11-07T21:12:14.625Z,Touch end,tomato,Cutting,{314, 570}
2014-11-07T21:12:17.259Z,Touch start,tomato,Cutting,{298, 816}
2014-11-07T21:12:17.392Z,Touch move,tomato,Cutting,{299, 812}
2014-11-07T21:12:17.407Z,Touch move,tomato,Cutting,{297, 813}
2014-11-07T21:12:17.408Z,Touch move,tomato,Cutting,{296, 815}
2014-11-07T21:12:17.424Z,Touch move,tomato,Cutting,{295, 816}
2014-11-07T21:12:17.441Z,Touch move,tomato,Cutting,{293, 817}
2014-11-07T21:12:17.457Z,Touch move,tomato,Cutting,{292, 818}
2014-11-07T21:12:17.491Z,Touch move,tomato,Cutting,{292, 819}
2014-11-07T21:12:17.558Z,Touch move,tomato,Cutting,{292, 820}
2014-11-07T21:12:17.574Z,Touch move,tomato,Cutting,{292, 822}
2014-11-07T21:12:17.574Z,Touch end,tomato,Cutting,{290, 830}
2014-11-07T21:12:17.793Z,Touch start,tomato,Cutting,{267, 850}
2014-11-07T21:12:17.926Z,Touch end,tomato,Cutting,{265, 855}
2014-11-07T21:12:18.159Z,Touch start,tomato,Cutting,{259, 866}
2014-11-07T21:12:18.240Z,Touch end,tomato,Cutting,{253, 870}
2014-11-07T21:12:37.144Z,Touch start,static,Cutting,{380, 959}
2014-11-07T21:12:37.190Z,Touch end,static,Cutting,{381, 960}
2014-11-07T21:12:37.476Z,Touch start,static,Cutting,{178, 7}
2014-11-07T21:12:37.542Z,Touch end,static,Cutting,{176, 7}
2014-11-07T21:12:42.610Z,Touch start,static,Cutting,{569, 900}
2014-11-07T21:12:42.874Z,Touch move,static,Cutting,{560, 907}
2014-11-07T21:12:43.041Z,Touch move,static,Cutting,{561, 907}
2014-11-07T21:12:43.056Z,Touch move,static,Cutting,{562, 907}
2014-11-07T21:12:43.076Z,Touch move,static,Cutting,{563, 907}
2014-11-07T21:12:43.206Z,Touch move,static,Cutting,{562, 907}
2014-11-07T21:12:43.225Z,Touch move,static,Cutting,{561, 907}
2014-11-07T21:12:43.274Z,Touch move,static,Cutting,{560, 907}
2014-11-07T21:12:43.324Z,Touch move,static,Cutting,{559, 907}
2014-11-07T21:12:43.458Z,Touch move,static,Cutting,{557, 903}
2014-11-07T21:12:43.474Z,Touch end,static,Cutting,{538, 892}
2014-11-07T21:12:43.876Z,Touch start,static,Cutting,{522, 782}
2014-11-07T21:12:43.924Z,Touch move,static,Cutting,{518, 779}
2014-11-07T21:12:43.941Z,Touch move,static,Cutting,{517, 779}
2014-11-07T21:12:43.992Z,Touch move,static,Cutting,{517, 778}
2014-11-07T21:12:44.091Z,Touch move,static,Cutting,{517, 771}
2014-11-07T21:12:44.108Z,Touch move,static,Cutting,{517, 768}
2014-11-07T21:12:44.123Z,Touch move,static,Cutting,{517, 764}
2014-11-07T21:12:44.124Z,Touch move,static,Cutting,{517, 760}
2014-11-07T21:12:44.143Z,Touch move,static,Cutting,{518, 752}
2014-11-07T21:12:44.158Z,Touch move,static,Cutting,{521, 743}
2014-11-07T21:12:44.175Z,Touch move,static,Cutting,{528, 727}
2014-11-07T21:12:44.192Z,Touch end,static,Cutting,{540, 709}
2014-11-07T21:12:44.409Z,Touch start,static,Cutting,{547, 684}
2014-11-07T21:12:44.423Z,Touch move,static,Cutting,{549, 689}
2014-11-07T21:12:44.424Z,Touch move,static,Cutting,{545, 690}
2014-11-07T21:12:44.441Z,Touch move,static,Cutting,{540, 690}
2014-11-07T21:12:44.474Z,Touch move,static,Cutting,{539, 690}
2014-11-07T21:12:44.475Z,Touch move,static,Cutting,{538, 689}
2014-11-07T21:12:44.491Z,Touch move,static,Cutting,{537, 689}
2014-11-07T21:12:44.508Z,Touch move,static,Cutting,{536, 688}
2014-11-07T21:12:44.526Z,Touch move,static,Cutting,{535, 686}
2014-11-07T21:12:44.542Z,Touch move,static,Cutting,{535, 685}
2014-11-07T21:12:44.593Z,Touch end,static,Cutting,{537, 682}
2014-11-07T21:12:44.843Z,Touch start,static,Cutting,{485, 733}
2014-11-07T21:12:44.858Z,Touch move,static,Cutting,{485, 730}
2014-11-07T21:12:44.909Z,Touch move,static,Cutting,{482, 727}
2014-11-07T21:12:44.992Z,Touch move,static,Cutting,{479, 724}
2014-11-07T21:12:45.009Z,Touch end,static,Cutting,{478, 722}
2014-11-07T21:12:45.260Z,Touch start,static,Cutting,{436, 722}
2014-11-07T21:12:45.274Z,Touch move,static,Cutting,{434, 726}
2014-11-07T21:12:45.275Z,Touch move,static,Cutting,{431, 726}
2014-11-07T21:12:45.291Z,Touch move,static,Cutting,{429, 726}
2014-11-07T21:12:45.308Z,Touch move,static,Cutting,{428, 726}
2014-11-07T21:12:45.360Z,Touch move,static,Cutting,{428, 725}
2014-11-07T21:12:45.374Z,Touch move,static,Cutting,{427, 725}
2014-11-07T21:12:45.376Z,Touch move,static,Cutting,{427, 724}
2014-11-07T21:12:45.392Z,Touch move,static,Cutting,{427, 723}
2014-11-07T21:12:45.409Z,Touch end,static,Cutting,{428, 721}
2014-11-07T21:12:45.693Z,Touch start,static,Cutting,{392, 742}
2014-11-07T21:12:45.708Z,Touch move,static,Cutting,{387, 742}
2014-11-07T21:12:45.709Z,Touch move,static,Cutting,{383, 742}
2014-11-07T21:12:45.724Z,Touch move,static,Cutting,{382, 741}
2014-11-07T21:12:45.743Z,Touch move,static,Cutting,{382, 739}
2014-11-07T21:12:45.758Z,Touch move,static,Cutting,{382, 738}
2014-11-07T21:12:45.809Z,Touch end,static,Cutting,{382, 736}
2014-11-07T21:12:46.129Z,Touch start,static,Cutting,{336, 456}
2014-11-07T21:12:46.142Z,Touch move,static,Cutting,{331, 453}
2014-11-07T21:12:46.144Z,Touch move,static,Cutting,{325, 449}
2014-11-07T21:12:46.158Z,Touch end,static,Cutting,{325, 449}
2014-11-07T21:12:46.578Z,Touch start,static,Cutting,{312, 413}
2014-11-07T21:12:46.593Z,Touch end,static,Cutting,{312, 413}
2014-11-07T21:12:47.045Z,Touch start,static,Cutting,{355, 647}
2014-11-07T21:12:47.058Z,Touch move,static,Cutting,{353, 636}
2014-11-07T21:12:47.075Z,Touch end,static,Cutting,{353, 634}
2014-11-07T21:12:47.510Z,Touch start,static,Cutting,{380, 660}
2014-11-07T21:12:47.525Z,Touch end,static,Cutting,{372, 648}
2014-11-07T21:12:49.526Z,Touch start,static,Cutting,{332, 440}
2014-11-07T21:12:49.542Z,Touch move,static,Cutting,{339, 433}
2014-11-07T21:12:49.574Z,Touch end,static,Cutting,{339, 433}
2014-11-07T21:12:50.162Z,Touch start,static,Cutting,{417, 617}
2014-11-07T21:12:50.175Z,Touch end,static,Cutting,{417, 620}
2014-11-07T21:12:51.161Z,Touch start,static,Cutting,{617, 747}
2014-11-07T21:12:51.175Z,Touch move,static,Cutting,{617, 751}
2014-11-07T21:12:51.176Z,Touch move,static,Cutting,{617, 754}
2014-11-07T21:12:51.192Z,Touch move,static,Cutting,{617, 757}
2014-11-07T21:12:51.207Z,Touch move,static,Cutting,{617, 760}
2014-11-07T21:12:51.226Z,Touch move,static,Cutting,{617, 761}
2014-11-07T21:12:51.242Z,Touch move,static,Cutting,{617, 762}
2014-11-07T21:12:51.292Z,Touch move,static,Cutting,{618, 763}
2014-11-07T21:12:51.307Z,Touch move,static,Cutting,{633, 763}
2014-11-07T21:12:51.310Z,Touch end,static,Cutting,{635, 762}
2014-11-07T21:12:51.559Z,Touch start,static,Cutting,{539, 782}
2014-11-07T21:12:51.609Z,Touch move,static,Cutting,{546, 775}
2014-11-07T21:12:51.658Z,Touch move,static,Cutting,{552, 772}
2014-11-07T21:12:51.676Z,Touch move,static,Cutting,{567, 768}
2014-11-07T21:12:51.691Z,Touch end,static,Cutting,{569, 766}
2014-11-07T21:12:51.926Z,Touch start,static,Cutting,{525, 823}
2014-11-07T21:12:52.008Z,Touch move,static,Cutting,{541, 809}
2014-11-07T21:12:52.041Z,Touch end,static,Cutting,{563, 791}
2014-11-07T21:12:52.726Z,Touch start,static,Cutting,{461, 414}
2014-11-07T21:12:52.742Z,Touch move,static,Cutting,{463, 418}
2014-11-07T21:12:52.743Z,Touch move,static,Cutting,{463, 419}
2014-11-07T21:12:52.806Z,Touch move,static,Cutting,{463, 418}
2014-11-07T21:12:52.826Z,Touch move,static,Cutting,{462, 418}
2014-11-07T21:12:52.827Z,Touch move,static,Cutting,{462, 417}
2014-11-07T21:12:52.841Z,Touch move,static,Cutting,{462, 416}
2014-11-07T21:12:52.842Z,Touch move,static,Cutting,{461, 415}
2014-11-07T21:12:52.907Z,Touch move,static,Cutting,{461, 414}
2014-11-07T21:12:52.941Z,Touch end,static,Cutting,{459, 411}
2014-11-07T21:12:53.194Z,Touch start,static,Cutting,{421, 404}
2014-11-07T21:12:53.258Z,Touch move,static,Cutting,{420, 398}
2014-11-07T21:12:53.276Z,Touch move,static,Cutting,{420, 396}
2014-11-07T21:12:53.276Z,Touch move,static,Cutting,{420, 394}
2014-11-07T21:12:53.308Z,Touch move,static,Cutting,{420, 392}
2014-11-07T21:12:53.309Z,Touch move,static,Cutting,{420, 391}
2014-11-07T21:12:53.325Z,Touch move,static,Cutting,{419, 389}
2014-11-07T21:12:53.340Z,Touch move,static,Cutting,{417, 384}
2014-11-07T21:12:53.359Z,Touch move,static,Cutting,{416, 380}
2014-11-07T21:12:53.374Z,Touch move,static,Cutting,{414, 373}
2014-11-07T21:12:53.392Z,Touch move,static,Cutting,{413, 365}
2014-11-07T21:12:53.408Z,Touch move,static,Cutting,{413, 356}
2014-11-07T21:12:53.425Z,Touch move,static,Cutting,{413, 341}
2014-11-07T21:12:53.442Z,Touch end,static,Cutting,{418, 328}
2014-11-07T21:12:53.993Z,Touch start,static,Cutting,{428, 305}
2014-11-07T21:12:54.091Z,Touch move,static,Cutting,{442, 302}
2014-11-07T21:12:54.125Z,Touch end,static,Cutting,{444, 302}
2014-11-07T21:12:54.427Z,Touch start,static,Cutting,{449, 350}
2014-11-07T21:12:54.541Z,Touch end,static,Cutting,{447, 340}
2014-11-07T21:12:55.526Z,Touch start,static,Cutting,{430, 6}
2014-11-07T21:12:55.607Z,Touch move,static,Cutting,{426, 4}
2014-11-07T21:12:55.876Z,Touch move,static,Cutting,{419, 0}
2014-11-07T21:12:55.974Z,Touch end,static,Cutting,{417, 0}
2014-11-07T21:12:56.158Z,Touch start,static,Cutting,{599, 927}
2014-11-07T21:12:56.209Z,Touch move,static,Cutting,{597, 938}
2014-11-07T21:12:56.226Z,Touch move,static,Cutting,{597, 941}
2014-11-07T21:12:56.240Z,Touch move,static,Cutting,{596, 944}
2014-11-07T21:12:56.242Z,Touch move,static,Cutting,{595, 946}
2014-11-07T21:12:56.260Z,Touch move,static,Cutting,{593, 948}
2014-11-07T21:12:56.275Z,Touch move,static,Cutting,{592, 949}
2014-11-07T21:12:56.292Z,Touch move,static,Cutting,{591, 950}
2014-11-07T21:12:56.308Z,Touch move,static,Cutting,{590, 951}
2014-11-07T21:12:56.325Z,Touch move,static,Cutting,{590, 952}
2014-11-07T21:12:56.341Z,Touch move,static,Cutting,{589, 953}
2014-11-07T21:12:56.357Z,Touch move,static,Cutting,{588, 954}
2014-11-07T21:12:56.376Z,Touch move,static,Cutting,{585, 957}
2014-11-07T21:12:56.391Z,Touch move,static,Cutting,{581, 960}
2014-11-07T21:12:56.409Z,Touch move,static,Cutting,{576, 964}
2014-11-07T21:12:56.424Z,Touch move,static,Cutting,{567, 968}
2014-11-07T21:12:56.442Z,Touch end,static,Cutting,{567, 968}
2014-11-07T21:12:56.610Z,Touch start,static,Cutting,{588, 934}
2014-11-07T21:12:56.625Z,Touch move,static,Cutting,{587, 941}
2014-11-07T21:12:56.642Z,Touch move,static,Cutting,{586, 943}
2014-11-07T21:12:56.658Z,Touch move,static,Cutting,{586, 944}
2014-11-07T21:12:56.676Z,Touch move,static,Cutting,{586, 946}
2014-11-07T21:12:56.690Z,Touch move,static,Cutting,{586, 947}
2014-11-07T21:12:56.710Z,Touch move,static,Cutting,{586, 948}
2014-11-07T21:12:56.757Z,Touch move,static,Cutting,{587, 948}
2014-11-07T21:12:56.774Z,Touch move,static,Cutting,{588, 948}
2014-11-07T21:12:56.775Z,Touch move,static,Cutting,{589, 948}
2014-11-07T21:12:56.792Z,Touch move,static,Cutting,{591, 947}
2014-11-07T21:12:56.807Z,Touch move,static,Cutting,{592, 945}
2014-11-07T21:12:56.824Z,Touch move,static,Cutting,{593, 943}
2014-11-07T21:12:56.841Z,Touch move,static,Cutting,{594, 943}
2014-11-07T21:12:56.859Z,Touch end,static,Cutting,{595, 941}
2014-11-07T21:12:57.043Z,Touch start,static,Cutting,{594, 955}
2014-11-07T21:12:57.093Z,Touch move,static,Cutting,{593, 962}
2014-11-07T21:12:57.108Z,Touch move,static,Cutting,{593, 964}
2014-11-07T21:12:57.111Z,Touch move,static,Cutting,{593, 966}
2014-11-07T21:12:57.125Z,Touch move,static,Cutting,{593, 967}
2014-11-07T21:12:57.141Z,Touch move,static,Cutting,{593, 968}
2014-11-07T21:12:57.158Z,Touch move,static,Cutting,{593, 969}
2014-11-07T21:12:57.242Z,Touch move,static,Cutting,{594, 969}
2014-11-07T21:12:57.257Z,Touch move,static,Cutting,{595, 969}
2014-11-07T21:12:57.258Z,Touch move,static,Cutting,{596, 969}
2014-11-07T21:12:57.274Z,Touch move,static,Cutting,{597, 967}
2014-11-07T21:12:57.291Z,Touch move,static,Cutting,{597, 966}
2014-11-07T21:12:57.307Z,Touch move,static,Cutting,{597, 964}
2014-11-07T21:12:57.325Z,Touch move,static,Cutting,{597, 963}
2014-11-07T21:12:57.342Z,Touch move,static,Cutting,{597, 961}
2014-11-07T21:12:57.358Z,Touch end,static,Cutting,{597, 961}
2014-11-07T21:12:57.910Z,Touch start,static,Cutting,{544, 745}
2014-11-07T21:12:57.926Z,Touch move,static,Cutting,{545, 746}
2014-11-07T21:12:57.927Z,Touch move,static,Cutting,{546, 745}
2014-11-07T21:12:58.041Z,Touch end,static,Cutting,{546, 745}
2014-11-07T21:12:58.493Z,Touch start,static,Cutting,{602, 765}
2014-11-07T21:12:58.508Z,Touch move,static,Cutting,{592, 761}
2014-11-07T21:12:58.509Z,Touch move,static,Cutting,{586, 761}
2014-11-07T21:12:58.523Z,Touch move,static,Cutting,{584, 761}
2014-11-07T21:12:58.542Z,Touch move,static,Cutting,{581, 761}
2014-11-07T21:12:58.574Z,Touch end,static,Cutting,{581, 761}
2014-11-07T21:12:58.809Z,Touch start,static,Cutting,{416, 636}
2014-11-07T21:12:58.823Z,Touch move,static,Cutting,{407, 639}
2014-11-07T21:12:58.824Z,Touch move,static,Cutting,{405, 642}
2014-11-07T21:12:58.841Z,Touch move,static,Cutting,{401, 656}
2014-11-07T21:12:58.857Z,Touch move,static,Cutting,{400, 692}
2014-11-07T21:12:58.874Z,Touch end,static,Cutting,{400, 692}
2014-11-07T21:12:59.109Z,Touch start,static,Cutting,{376, 664}
2014-11-07T21:12:59.123Z,Touch move,static,Cutting,{366, 658}
2014-11-07T21:12:59.124Z,Touch move,static,Cutting,{365, 658}
2014-11-07T21:12:59.141Z,Touch move,static,Cutting,{365, 659}
2014-11-07T21:12:59.157Z,Touch move,static,Cutting,{366, 672}
2014-11-07T21:12:59.174Z,Touch end,static,Cutting,{366, 672}
2014-11-07T21:12:59.394Z,Touch start,static,Cutting,{366, 696}
2014-11-07T21:12:59.407Z,Touch move,static,Cutting,{355, 691}
2014-11-07T21:12:59.408Z,Touch move,static,Cutting,{354, 691}
2014-11-07T21:12:59.424Z,Touch move,static,Cutting,{354, 697}
2014-11-07T21:12:59.441Z,Touch move,static,Cutting,{355, 705}
2014-11-07T21:12:59.457Z,Touch move,static,Cutting,{355, 715}
2014-11-07T21:12:59.474Z,Touch move,static,Cutting,{355, 736}
2014-11-07T21:12:59.492Z,Touch end,static,Cutting,{355, 736}
2014-11-07T21:12:59.726Z,Touch start,static,Cutting,{299, 635}
2014-11-07T21:12:59.741Z,Touch move,static,Cutting,{302, 643}
2014-11-07T21:12:59.758Z,Touch move,static,Cutting,{309, 674}
2014-11-07T21:12:59.774Z,Touch end,static,Cutting,{309, 674}
2014-11-07T21:12:59.993Z,Touch start,static,Cutting,{318, 666}
2014-11-07T21:13:00.007Z,Touch move,static,Cutting,{301, 663}
2014-11-07T21:13:00.008Z,Touch move,static,Cutting,{298, 663}
2014-11-07T21:13:00.025Z,Touch move,static,Cutting,{298, 664}
2014-11-07T21:13:00.042Z,Touch move,static,Cutting,{299, 668}
2014-11-07T21:13:00.059Z,Touch move,static,Cutting,{301, 673}
2014-11-07T21:13:00.075Z,Touch move,static,Cutting,{303, 682}
2014-11-07T21:13:00.092Z,Touch move,static,Cutting,{304, 699}
2014-11-07T21:13:00.108Z,Touch end,static,Cutting,{304, 699}
2014-11-07T21:13:00.327Z,Touch start,tomato,Cutting,{285, 731}
2014-11-07T21:13:00.342Z,Touch move,tomato,Cutting,{272, 732}
2014-11-07T21:13:00.343Z,Touch move,tomato,Cutting,{263, 735}
2014-11-07T21:13:00.358Z,Touch move,tomato,Cutting,{246, 755}
2014-11-07T21:13:00.375Z,Touch end,tomato,Cutting,{246, 755}
2014-11-07T21:13:00.626Z,Touch start,tomato,Cutting,{311, 796}
2014-11-07T21:13:00.641Z,Touch move,tomato,Cutting,{304, 795}
2014-11-07T21:13:00.657Z,Touch move,tomato,Cutting,{299, 797}
2014-11-07T21:13:00.677Z,Touch move,tomato,Cutting,{296, 802}
2014-11-07T21:13:00.692Z,Touch move,tomato,Cutting,{295, 804}
2014-11-07T21:13:00.708Z,Touch move,tomato,Cutting,{295, 805}
2014-11-07T21:13:00.725Z,Touch move,tomato,Cutting,{295, 806}
2014-11-07T21:13:00.742Z,Touch move,tomato,Cutting,{295, 807}
2014-11-07T21:13:00.758Z,Touch move,tomato,Cutting,{296, 807}
2014-11-07T21:13:00.774Z,Touch move,tomato,Cutting,{297, 807}
2014-11-07T21:13:00.841Z,Touch move,tomato,Cutting,{291, 808}
2014-11-07T21:13:00.857Z,Touch end,tomato,Cutting,{291, 808}
2014-11-07T21:13:01.108Z,Touch start,tomato,Cutting,{246, 852}
2014-11-07T21:13:01.124Z,Touch end,tomato,Cutting,{246, 852}
2014-11-07T21:13:01.725Z,Touch start,tomato,Cutting,{234, 851}
2014-11-07T21:13:01.807Z,Touch end,tomato,Cutting,{234, 851}
2014-11-07T21:13:01.977Z,Touch start,tomato,Cutting,{225, 814}
2014-11-07T21:13:01.991Z,Touch move,tomato,Cutting,{209, 800}
2014-11-07T21:13:01.992Z,Touch move,tomato,Cutting,{208, 800}
2014-11-07T21:13:02.058Z,Touch move,tomato,Cutting,{209, 801}
2014-11-07T21:13:02.076Z,Touch move,tomato,Cutting,{210, 802}
2014-11-07T21:13:02.092Z,Touch move,tomato,Cutting,{213, 804}
2014-11-07T21:13:02.093Z,Touch move,tomato,Cutting,{213, 806}
2014-11-07T21:13:02.107Z,Touch end,tomato,Cutting,{213, 806}
2014-11-07T21:13:02.311Z,Touch start,tomato,Cutting,{243, 791}
2014-11-07T21:13:02.325Z,Touch move,tomato,Cutting,{231, 786}
2014-11-07T21:13:02.326Z,Touch move,tomato,Cutting,{228, 786}
2014-11-07T21:13:02.343Z,Touch move,tomato,Cutting,{228, 787}
2014-11-07T21:13:02.360Z,Touch move,tomato,Cutting,{228, 790}
2014-11-07T21:13:02.375Z,Touch move,tomato,Cutting,{229, 792}
2014-11-07T21:13:02.392Z,Touch move,tomato,Cutting,{230, 793}
2014-11-07T21:13:02.408Z,Touch move,tomato,Cutting,{230, 795}
2014-11-07T21:13:02.426Z,Touch move,tomato,Cutting,{221, 798}
2014-11-07T21:13:02.441Z,Touch move,tomato,Cutting,{211, 800}
2014-11-07T21:13:02.458Z,Touch move,tomato,Cutting,{192, 802}
2014-11-07T21:13:02.475Z,Touch end,tomato,Cutting,{192, 802}
2014-11-07T21:13:04.076Z,Touch start,static,Cutting,{450, 1}
2014-11-07T21:13:04.091Z,Touch move,static,Cutting,{456, 2}
2014-11-07T21:13:04.092Z,Touch move,static,Cutting,{466, 6}
2014-11-07T21:13:04.124Z,Touch move,static,Cutting,{475, 9}
2014-11-07T21:13:04.125Z,Touch move,static,Cutting,{482, 13}
2014-11-07T21:13:04.141Z,Touch move,static,Cutting,{484, 14}
2014-11-07T21:13:04.157Z,Touch move,static,Cutting,{486, 15}
2014-11-07T21:13:04.176Z,Touch move,static,Cutting,{487, 15}
2014-11-07T21:13:04.190Z,Touch move,static,Cutting,{488, 15}
2014-11-07T21:13:04.240Z,Touch move,static,Cutting,{488, 14}
2014-11-07T21:13:04.258Z,Touch move,static,Cutting,{488, 13}
2014-11-07T21:13:04.259Z,Touch move,static,Cutting,{488, 12}
2014-11-07T21:13:04.326Z,Touch move,static,Cutting,{489, 12}
2014-11-07T21:13:04.408Z,Touch move,static,Cutting,{491, 12}
2014-11-07T21:13:04.424Z,Touch move,static,Cutting,{492, 12}
2014-11-07T21:13:04.425Z,Touch move,static,Cutting,{493, 12}
2014-11-07T21:13:04.442Z,Touch move,static,Cutting,{494, 12}
2014-11-07T21:13:04.458Z,Touch move,static,Cutting,{497, 12}
2014-11-07T21:13:04.475Z,Touch move,static,Cutting,{500, 10}
2014-11-07T21:13:04.493Z,Touch move,static,Cutting,{503, 7}
2014-11-07T21:13:04.508Z,Touch end,static,Cutting,{516, 1}
2014-11-07T21:13:16.210Z,Touch start,static,Cutting,{353, 0}
2014-11-07T21:13:16.593Z,Touch move,static,Cutting,{355, 0}
2014-11-07T21:13:16.608Z,Touch move,static,Cutting,{356, 0}
2014-11-07T21:13:16.609Z,Touch move,static,Cutting,{357, 0}
2014-11-07T21:13:16.657Z,Touch move,static,Cutting,{358, 0}
2014-11-07T21:13:16.677Z,Touch move,static,Cutting,{359, 0}
2014-11-07T21:13:16.678Z,Touch move,static,Cutting,{360, 0}
2014-11-07T21:13:16.725Z,Touch move,static,Cutting,{361, 1}
2014-11-07T21:13:16.743Z,Touch move,static,Cutting,{362, 1}
2014-11-07T21:13:16.743Z,Touch move,static,Cutting,{363, 2}
2014-11-07T21:13:16.776Z,Touch move,static,Cutting,{365, 2}
2014-11-07T21:13:16.776Z,Touch move,static,Cutting,{366, 3}
2014-11-07T21:13:16.793Z,Touch move,static,Cutting,{367, 3}
2014-11-07T21:13:16.807Z,Touch move,static,Cutting,{368, 4}
2014-11-07T21:13:16.826Z,Touch move,static,Cutting,{371, 4}
2014-11-07T21:13:16.842Z,Touch move,static,Cutting,{374, 5}
2014-11-07T21:13:16.858Z,Touch move,static,Cutting,{378, 5}
2014-11-07T21:13:16.875Z,Touch move,static,Cutting,{381, 5}
2014-11-07T21:13:16.891Z,Touch move,static,Cutting,{383, 5}
2014-11-07T21:13:16.910Z,Touch move,static,Cutting,{387, 5}
2014-11-07T21:13:16.925Z,Touch move,static,Cutting,{390, 5}
2014-11-07T21:13:16.942Z,Touch move,static,Cutting,{393, 5}
2014-11-07T21:13:16.959Z,Touch move,static,Cutting,{395, 5}
2014-11-07T21:13:16.977Z,Touch move,static,Cutting,{398, 5}
2014-11-07T21:13:16.991Z,Touch move,static,Cutting,{400, 5}
2014-11-07T21:13:17.008Z,Touch move,static,Cutting,{402, 5}
2014-11-07T21:13:17.026Z,Touch move,static,Cutting,{404, 5}
2014-11-07T21:13:17.041Z,Touch move,static,Cutting,{405, 5}
2014-11-07T21:13:17.059Z,Touch move,static,Cutting,{407, 5}
2014-11-07T21:13:17.075Z,Touch move,static,Cutting,{408, 5}
2014-11-07T21:13:17.091Z,Touch move,static,Cutting,{409, 5}
2014-11-07T21:13:17.108Z,Touch move,static,Cutting,{410, 5}
2014-11-07T21:13:17.125Z,Touch move,static,Cutting,{412, 5}
2014-11-07T21:13:17.140Z,Touch move,static,Cutting,{413, 5}
2014-11-07T21:13:17.156Z,Touch move,static,Cutting,{414, 5}
2014-11-07T21:13:17.173Z,Touch move,static,Cutting,{415, 5}
2014-11-07T21:13:17.190Z,Touch move,static,Cutting,{416, 5}
2014-11-07T21:13:17.208Z,Touch move,static,Cutting,{417, 5}
2014-11-07T21:13:17.258Z,Touch move,static,Cutting,{418, 5}
2014-11-07T21:13:17.324Z,Touch move,static,Cutting,{419, 5}
2014-11-07T21:13:17.391Z,Touch move,static,Cutting,{420, 5}
2014-11-07T21:13:17.592Z,Touch move,static,Cutting,{420, 4}
2014-11-07T21:13:17.659Z,Touch move,static,Cutting,{421, 4}
2014-11-07T21:13:19.141Z,Touch move,static,Cutting,{422, 4}
2014-11-07T21:13:19.157Z,Touch move,static,Cutting,{422, 3}
2014-11-07T21:13:19.224Z,Touch move,static,Cutting,{423, 3}
2014-11-07T21:13:19.307Z,Touch move,static,Cutting,{424, 3}
2014-11-07T21:13:19.408Z,Touch move,static,Cutting,{425, 3}
2014-11-07T21:13:19.507Z,Touch move,static,Cutting,{425, 2}
2014-11-07T21:13:19.591Z,Touch move,static,Cutting,{424, 2}
2014-11-07T21:13:19.657Z,Touch move,static,Cutting,{423, 2}
2014-11-07T21:13:19.774Z,Touch end,static,Cutting,{421, 0}
