time,event,object,scene,location
2014-12-15T15:03:29.124Z,App Started,iPad2,5,,
2014-12-15T15:03:29.140Z,Character Selected,monster2,,
2014-12-15T15:03:39.258Z,Touch start,static,Table,{313, 537}
2014-12-15T15:03:39.312Z,Touch move,static,Table,{318, 540}
2014-12-15T15:03:39.329Z,Touch move,static,Table,{319, 540}
2014-12-15T15:03:39.361Z,Touch move,static,Table,{320, 540}
2014-12-15T15:03:39.379Z,Touch move,static,Table,{321, 540}
2014-12-15T15:03:39.395Z,Touch move,static,Table,{323, 540}
2014-12-15T15:03:39.412Z,Touch move,static,Table,{326, 540}
2014-12-15T15:03:39.428Z,Touch move,static,Table,{331, 541}
2014-12-15T15:03:39.445Z,Touch move,static,Table,{340, 545}
2014-12-15T15:03:39.461Z,Touch move,static,Table,{349, 551}
2014-12-15T15:03:39.478Z,Touch move,static,Table,{355, 556}
2014-12-15T15:03:39.495Z,Touch move,static,Table,{360, 560}
2014-12-15T15:03:39.511Z,Touch move,static,Table,{362, 563}
2014-12-15T15:03:39.528Z,Touch move,static,Table,{363, 565}
2014-12-15T15:03:39.544Z,Touch move,static,Table,{365, 567}
2014-12-15T15:03:39.561Z,Touch move,static,Table,{365, 568}
2014-12-15T15:03:39.578Z,Touch move,static,Table,{365, 569}
2014-12-15T15:03:39.594Z,Touch move,static,Table,{365, 570}
2014-12-15T15:03:39.694Z,Touch move,static,Table,{365, 572}
2014-12-15T15:03:39.710Z,Touch move,static,Table,{363, 572}
2014-12-15T15:03:39.727Z,Touch move,static,Table,{362, 573}
2014-12-15T15:03:39.744Z,Touch move,static,Table,{362, 574}
2014-12-15T15:03:39.760Z,Touch move,static,Table,{361, 575}
2014-12-15T15:03:39.777Z,Touch move,static,Table,{361, 578}
2014-12-15T15:03:39.794Z,Touch move,static,Table,{361, 584}
2014-12-15T15:03:39.809Z,Touch move,static,Table,{363, 593}
2014-12-15T15:03:39.827Z,Touch move,static,Table,{369, 602}
2014-12-15T15:03:39.843Z,Touch move,static,Table,{374, 610}
2014-12-15T15:03:39.860Z,Touch move,static,Table,{377, 617}
2014-12-15T15:03:39.877Z,Touch move,static,Table,{379, 623}
2014-12-15T15:03:39.893Z,Touch move,static,Table,{381, 627}
2014-12-15T15:03:39.910Z,Touch move,static,Table,{382, 629}
2014-12-15T15:03:39.926Z,Touch move,static,Table,{382, 630}
2014-12-15T15:03:39.943Z,Touch move,static,Table,{382, 631}
2014-12-15T15:03:39.960Z,Touch move,static,Table,{382, 632}
2014-12-15T15:03:40.059Z,Touch move,static,Table,{381, 632}
2014-12-15T15:03:40.092Z,Touch move,static,Table,{380, 632}
2014-12-15T15:03:40.109Z,Touch move,static,Table,{378, 632}
2014-12-15T15:03:40.127Z,Touch move,static,Table,{377, 632}
2014-12-15T15:03:40.142Z,Touch move,static,Table,{376, 632}
2014-12-15T15:03:40.159Z,Touch move,static,Table,{374, 633}
2014-12-15T15:03:40.175Z,Touch move,static,Table,{372, 634}
2014-12-15T15:03:40.192Z,Touch move,static,Table,{371, 635}
2014-12-15T15:03:40.208Z,Touch move,static,Table,{369, 636}
2014-12-15T15:03:40.225Z,Touch end,static,Table,{367, 638}
2014-12-15T15:03:42.172Z,Touch start,salt,Table,{790, 197}
2014-12-15T15:03:42.371Z,Touch end,salt,Table,{790, 197}
2014-12-15T15:03:44.090Z,Touch start,static,Table,{398, 432}
2014-12-15T15:03:44.188Z,Touch end,static,Table,{399, 439}
2014-12-15T15:03:45.086Z,Touch start,static,Table,{339, 491}
2014-12-15T15:03:45.264Z,Touch move,static,Table,{341, 493}
2014-12-15T15:03:45.281Z,Touch move,static,Table,{344, 493}
2014-12-15T15:03:45.297Z,Touch move,static,Table,{346, 493}
2014-12-15T15:03:45.313Z,Touch move,static,Table,{350, 494}
2014-12-15T15:03:45.331Z,Touch move,static,Table,{353, 497}
2014-12-15T15:03:45.347Z,Touch move,static,Table,{362, 503}
2014-12-15T15:03:45.363Z,Touch move,static,Table,{374, 515}
2014-12-15T15:03:45.380Z,Touch end,static,Table,{376, 517}
2014-12-15T15:03:47.397Z,Touch start,static,Table,{251, 514}
2014-12-15T15:03:47.526Z,Touch end,static,Table,{243, 521}
2014-12-15T15:03:51.551Z,Touch start,static,Table,{296, 513}
2014-12-15T15:03:51.679Z,Touch move,static,Table,{297, 516}
2014-12-15T15:03:51.696Z,Touch move,static,Table,{297, 517}
2014-12-15T15:03:51.712Z,Touch move,static,Table,{297, 519}
2014-12-15T15:03:51.729Z,Touch move,static,Table,{297, 521}
2014-12-15T15:03:51.745Z,Touch move,static,Table,{297, 523}
2014-12-15T15:03:51.762Z,Touch move,static,Table,{298, 528}
2014-12-15T15:03:51.778Z,Touch move,static,Table,{299, 532}
2014-12-15T15:03:51.796Z,Touch move,static,Table,{301, 537}
2014-12-15T15:03:51.812Z,Touch move,static,Table,{303, 542}
2014-12-15T15:03:51.829Z,Touch move,static,Table,{306, 550}
2014-12-15T15:03:51.845Z,Touch move,static,Table,{308, 559}
2014-12-15T15:03:51.862Z,Touch move,static,Table,{311, 569}
2014-12-15T15:03:51.878Z,Touch move,static,Table,{315, 583}
2014-12-15T15:03:51.895Z,Touch move,static,Table,{317, 597}
2014-12-15T15:03:51.912Z,Touch move,static,Table,{320, 612}
2014-12-15T15:03:51.928Z,Touch end,static,Table,{323, 614}
2014-12-15T15:03:53.198Z,Touch start,static,Table,{413, 575}
2014-12-15T15:03:53.277Z,Touch end,static,Table,{417, 592}
2014-12-15T15:03:58.164Z,Touch start,static,Table,{336, 483}
2014-12-15T15:03:58.371Z,Touch end,static,Table,{337, 493}
2014-12-15T15:03:59.790Z,Touch start,static,Table,{317, 561}
2014-12-15T15:03:59.971Z,Touch end,static,Table,{317, 567}
2014-12-15T15:04:04.544Z,Touch start,static,Table,{455, 513}
2014-12-15T15:04:04.588Z,Touch move,static,Table,{455, 514}
2014-12-15T15:04:04.621Z,Touch end,static,Table,{455, 514}
2014-12-15T15:04:05.073Z,Touch start,static,Table,{493, 533}
2014-12-15T15:04:05.187Z,Touch end,static,Table,{491, 535}
2014-12-15T15:04:07.417Z,Touch start,static,Table,{266, 515}
2014-12-15T15:04:07.494Z,Touch move,static,Table,{272, 509}
2014-12-15T15:04:07.627Z,Touch end,static,Table,{265, 513}
2014-12-15T15:04:09.190Z,Touch start,static,Table,{297, 370}
2014-12-15T15:04:09.454Z,Touch end,static,Table,{296, 370}
2014-12-15T15:04:12.333Z,Touch start,static,Table,{272, 513}
2014-12-15T15:04:12.472Z,Touch end,static,Table,{258, 510}
2014-12-15T15:04:15.727Z,Touch start,salt,Table,{790, 197}
2014-12-15T15:04:15.893Z,Touch move,salt,Table,{172, 798}
2014-12-15T15:04:15.909Z,Touch end,salt,Table,{798, 194.5}
2014-12-15T15:04:19.212Z,Touch start,static,Table,{405, 614}
2014-12-15T15:04:19.270Z,Touch end,static,Table,{394, 623}
2014-12-15T15:04:20.221Z,Touch start,salt,Table,{798, 197}
2014-12-15T15:04:20.302Z,Touch end,salt,Table,{798, 197}
2014-12-15T15:04:23.797Z,Touch start,static,Table,{254, 549}
2014-12-15T15:04:23.954Z,Touch end,static,Table,{247, 546}
2014-12-15T15:04:25.954Z,Touch start,static,Table,{374, 599}
2014-12-15T15:04:26.131Z,Touch end,static,Table,{370, 601}
2014-12-15T15:04:29.347Z,Touch start,static,Table,{481, 561}
2014-12-15T15:04:29.441Z,Touch end,static,Table,{473, 565}
2014-12-15T15:04:32.963Z,Touch start,static,Table,{241, 489}
2014-12-15T15:04:33.175Z,Touch end,static,Table,{233, 485}
2014-12-15T15:04:33.976Z,Touch start,static,Table,{384, 604}
2014-12-15T15:04:34.023Z,Touch move,static,Table,{388, 603}
2014-12-15T15:04:34.038Z,Touch move,static,Table,{389, 603}
2014-12-15T15:04:34.171Z,Touch end,static,Table,{376, 608}
2014-12-15T15:04:40.245Z,Touch start,salt,Table,{798, 197}
2014-12-15T15:04:40.527Z,Touch end,salt,Table,{798, 197}
2014-12-15T15:04:41.261Z,Touch start,static,Table,{311, 548}
2014-12-15T15:04:41.340Z,Touch end,static,Table,{308, 550}
2014-12-15T15:04:44.863Z,Touch start,static,Table,{236, 451}
2014-12-15T15:04:45.091Z,Touch end,static,Table,{229, 447}
2014-12-15T15:04:47.195Z,Touch start,static,Table,{320, 489}
2014-12-15T15:04:47.340Z,Touch move,static,Table,{325, 475}
2014-12-15T15:04:47.488Z,Touch move,static,Table,{325, 474}
2014-12-15T15:04:47.522Z,Touch end,static,Table,{321, 476}
2014-12-15T15:04:53.845Z,Touch start,static,Table,{275, 532}
2014-12-15T15:04:53.941Z,Touch end,static,Table,{268, 543}
2014-12-15T15:04:59.215Z,Touch start,static,Table,{292, 545}
2014-12-15T15:04:59.371Z,Touch end,static,Table,{286, 548}
2014-12-15T15:05:01.730Z,Touch start,static,Table,{193, 421}
2014-12-15T15:05:01.908Z,Touch end,static,Table,{185, 422}
2014-12-15T15:05:03.143Z,Touch start,static,Table,{198, 611}
2014-12-15T15:05:03.323Z,Touch end,static,Table,{190, 606}
2014-12-15T15:05:13.582Z,Touch start,static,Table,{299, 552}
2014-12-15T15:05:13.754Z,Touch end,static,Table,{286, 550}
2014-12-15T15:05:16.324Z,Touch start,static,Table,{383, 633}
2014-12-15T15:05:16.437Z,Touch end,static,Table,{380, 631}
2014-12-15T15:05:17.258Z,Touch start,static,Table,{178, 460}
2014-12-15T15:05:17.321Z,Touch move,static,Table,{175, 459}
2014-12-15T15:05:17.337Z,Touch move,static,Table,{173, 460}
2014-12-15T15:05:17.354Z,Touch move,static,Table,{171, 461}
2014-12-15T15:05:17.369Z,Touch move,static,Table,{170, 463}
2014-12-15T15:05:17.389Z,Touch move,static,Table,{170, 464}
2014-12-15T15:05:17.404Z,Touch move,static,Table,{170, 465}
2014-12-15T15:05:17.421Z,Touch move,static,Table,{170, 466}
2014-12-15T15:05:17.437Z,Touch move,static,Table,{170, 471}
2014-12-15T15:05:17.454Z,Touch end,static,Table,{171, 482}
2014-12-15T15:05:21.645Z,Scene Change,,Microwave,
2014-12-15T15:05:21.646Z,Touch,Microwave Button,Microwave,{805.30005, 140}
2014-12-15T15:05:24.023Z,Touch,Off Button,Microwave,{872, 224}
2014-12-15T15:05:34.040Z,Touch,On Button ,Microwave,{872, 224}
2014-12-15T15:05:36.202Z,Touch,Off Button,Microwave,{872, 224}
2014-12-15T15:05:46.217Z,Touch,On Button ,Microwave,{872, 224}
2014-12-15T15:05:48.940Z,Touch,Off Button,Microwave,{872, 224}
2014-12-15T15:05:58.951Z,Touch,On Button ,Microwave,{872, 224}
2014-12-15T15:06:00.721Z,Touch,Off Button,Microwave,{872, 224}
2014-12-15T15:06:10.750Z,Touch,On Button ,Microwave,{872, 224}
2014-12-15T15:06:12.070Z,Touch start,static,Microwave,{218, 972}
2014-12-15T15:06:12.353Z,Touch move,static,Microwave,{221, 968}
2014-12-15T15:06:12.386Z,Touch move,static,Microwave,{221, 967}
2014-12-15T15:06:12.402Z,Touch move,static,Microwave,{221, 966}
2014-12-15T15:06:12.419Z,Touch move,static,Microwave,{222, 964}
2014-12-15T15:06:12.436Z,Touch move,static,Microwave,{223, 963}
2014-12-15T15:06:12.449Z,Touch move,static,Microwave,{224, 961}
2014-12-15T15:06:12.466Z,Touch move,static,Microwave,{225, 959}
2014-12-15T15:06:12.483Z,Touch move,static,Microwave,{226, 956}
2014-12-15T15:06:12.500Z,Touch move,static,Microwave,{227, 953}
2014-12-15T15:06:12.516Z,Touch move,static,Microwave,{229, 951}
2014-12-15T15:06:12.534Z,Touch move,static,Microwave,{231, 948}
2014-12-15T15:06:12.549Z,Touch move,static,Microwave,{232, 946}
2014-12-15T15:06:12.566Z,Touch move,static,Microwave,{233, 945}
2014-12-15T15:06:12.583Z,Touch move,static,Microwave,{234, 943}
2014-12-15T15:06:12.599Z,Touch move,static,Microwave,{235, 942}
2014-12-15T15:06:12.617Z,Touch move,static,Microwave,{236, 941}
2014-12-15T15:06:12.666Z,Touch move,static,Microwave,{236, 940}
2014-12-15T15:06:12.732Z,Touch move,static,Microwave,{236, 939}
2014-12-15T15:06:12.798Z,Touch move,static,Microwave,{234, 939}
2014-12-15T15:06:12.815Z,Touch move,static,Microwave,{232, 939}
2014-12-15T15:06:12.832Z,Touch move,static,Microwave,{230, 940}
2014-12-15T15:06:12.848Z,Touch move,static,Microwave,{227, 942}
2014-12-15T15:06:12.865Z,Touch move,static,Microwave,{224, 946}
2014-12-15T15:06:12.882Z,Touch move,static,Microwave,{221, 951}
2014-12-15T15:06:12.898Z,Touch end,static,Microwave,{219, 959}
2014-12-15T15:06:13.663Z,Touch,Off Button,Microwave,{872, 224}
2014-12-15T15:06:23.668Z,Touch,On Button ,Microwave,{872, 224}
2014-12-15T15:06:25.859Z,Touch start,static,Microwave,{214, 955}
2014-12-15T15:06:25.970Z,Touch move,static,Microwave,{223, 944}
2014-12-15T15:06:25.987Z,Touch move,static,Microwave,{224, 943}
2014-12-15T15:06:26.003Z,Touch move,static,Microwave,{225, 942}
2014-12-15T15:06:26.019Z,Touch move,static,Microwave,{226, 941}
2014-12-15T15:06:26.037Z,Touch move,static,Microwave,{228, 940}
2014-12-15T15:06:26.053Z,Touch move,static,Microwave,{229, 939}
2014-12-15T15:06:26.070Z,Touch move,static,Microwave,{230, 939}
2014-12-15T15:06:26.086Z,Touch move,static,Microwave,{231, 938}
2014-12-15T15:06:26.103Z,Touch move,static,Microwave,{232, 938}
2014-12-15T15:06:26.136Z,Touch move,static,Microwave,{232, 937}
2014-12-15T15:06:26.168Z,Touch move,static,Microwave,{232, 935}
2014-12-15T15:06:26.203Z,Touch move,static,Microwave,{231, 935}
2014-12-15T15:06:26.220Z,Touch move,static,Microwave,{230, 935}
2014-12-15T15:06:26.236Z,Touch move,static,Microwave,{228, 935}
2014-12-15T15:06:26.253Z,Touch move,static,Microwave,{226, 935}
2014-12-15T15:06:26.270Z,Touch move,static,Microwave,{224, 935}
2014-12-15T15:06:26.286Z,Touch move,static,Microwave,{222, 935}
2014-12-15T15:06:26.300Z,Touch move,static,Microwave,{217, 935}
2014-12-15T15:06:26.316Z,Touch end,static,Microwave,{210, 937}
2014-12-15T15:06:27.137Z,Touch,Off Button,Microwave,{872, 224}
2014-12-15T15:06:37.151Z,Touch,On Button ,Microwave,{872, 224}
2014-12-15T15:06:41.087Z,Touch,Off Button,Microwave,{872, 224}
2014-12-15T15:06:51.117Z,Touch,On Button ,Microwave,{872, 224}
2014-12-15T15:06:52.418Z,Touch start,static,Microwave,{133, 897}
2014-12-15T15:06:52.499Z,Touch move,static,Microwave,{140, 893}
2014-12-15T15:06:52.516Z,Touch move,static,Microwave,{141, 893}
2014-12-15T15:06:52.533Z,Touch move,static,Microwave,{143, 892}
2014-12-15T15:06:52.549Z,Touch move,static,Microwave,{145, 891}
2014-12-15T15:06:52.566Z,Touch move,static,Microwave,{147, 888}
2014-12-15T15:06:52.582Z,Touch move,static,Microwave,{149, 886}
2014-12-15T15:06:52.598Z,Touch move,static,Microwave,{152, 884}
2014-12-15T15:06:52.616Z,Touch move,static,Microwave,{154, 883}
2014-12-15T15:06:52.632Z,Touch move,static,Microwave,{157, 881}
2014-12-15T15:06:52.648Z,Touch move,static,Microwave,{158, 880}
2014-12-15T15:06:52.665Z,Touch move,static,Microwave,{159, 879}
2014-12-15T15:06:52.682Z,Touch move,static,Microwave,{160, 879}
2014-12-15T15:06:52.698Z,Touch move,static,Microwave,{161, 879}
2014-12-15T15:06:52.715Z,Touch move,static,Microwave,{162, 879}
2014-12-15T15:06:52.748Z,Touch move,static,Microwave,{162, 880}
2014-12-15T15:06:52.765Z,Touch move,static,Microwave,{162, 883}
2014-12-15T15:06:52.781Z,Touch move,static,Microwave,{162, 888}
2014-12-15T15:06:52.798Z,Touch move,static,Microwave,{162, 895}
2014-12-15T15:06:52.815Z,Touch move,static,Microwave,{162, 900}
2014-12-15T15:06:52.831Z,Touch move,static,Microwave,{162, 906}
2014-12-15T15:06:52.847Z,Touch move,static,Microwave,{162, 913}
2014-12-15T15:06:52.864Z,Touch move,static,Microwave,{162, 919}
2014-12-15T15:06:52.881Z,Touch move,static,Microwave,{163, 925}
2014-12-15T15:06:52.897Z,Touch move,static,Microwave,{164, 930}
2014-12-15T15:06:52.915Z,Touch move,static,Microwave,{165, 937}
2014-12-15T15:06:52.930Z,Touch move,static,Microwave,{167, 943}
2014-12-15T15:06:52.947Z,Touch move,static,Microwave,{169, 948}
2014-12-15T15:06:52.964Z,Touch end,static,Microwave,{173, 953}
2014-12-15T15:06:53.834Z,Touch,Off Button,Microwave,{872, 224}
2014-12-15T15:06:57.727Z,Scene Change,,Table,
2014-12-15T15:07:05.805Z,Scene Change,,Boiling,
2014-12-15T15:07:05.805Z,Touch,Saucepot Button,Boiling,{703.30005, 362.5}
2014-12-15T15:07:18.954Z,Scene Change,,Table,
2014-12-15T15:07:24.479Z,Scene Change,,Frying,
2014-12-15T15:07:24.480Z,Touch,Frying Pan Button,Frying,{915.30005, 392.5}
2014-12-15T15:07:28.857Z,Touch start,static,Frying,{766, 79}
2014-12-15T15:07:28.970Z,Touch move,static,Frying,{754, 77}
2014-12-15T15:07:28.987Z,Touch move,static,Frying,{753, 77}
2014-12-15T15:07:29.019Z,Touch move,static,Frying,{752, 77}
2014-12-15T15:07:29.237Z,Touch move,static,Frying,{751, 77}
2014-12-15T15:07:29.272Z,Touch move,static,Frying,{750, 77}
2014-12-15T15:07:29.337Z,Touch move,static,Frying,{749, 77}
2014-12-15T15:07:29.388Z,Touch move,static,Frying,{748, 77}
2014-12-15T15:07:29.422Z,Touch move,static,Frying,{747, 76}
2014-12-15T15:07:29.537Z,Touch move,static,Frying,{747, 77}
2014-12-15T15:07:29.554Z,Touch move,static,Frying,{748, 78}
2014-12-15T15:07:29.570Z,Touch move,static,Frying,{750, 80}
2014-12-15T15:07:29.589Z,Touch move,static,Frying,{752, 81}
2014-12-15T15:07:29.604Z,Touch move,static,Frying,{753, 82}
2014-12-15T15:07:29.621Z,Touch move,static,Frying,{755, 84}
2014-12-15T15:07:29.636Z,Touch end,static,Frying,{757, 86}
2014-12-15T15:07:30.605Z,Touch start,static,Frying,{21, 831}
2014-12-15T15:07:30.785Z,Touch end,static,Frying,{33, 837}
2014-12-15T15:07:31.855Z,Scene Change,,Table,
2014-12-15T15:07:31.907Z,Touch start,static,Table,{714, 83}
2014-12-15T15:07:32.065Z,Touch end,static,Table,{712, 84}
2014-12-15T15:07:34.667Z,Touch move,static,Table,{90, 1007}
2014-12-15T15:07:37.833Z,Scene Change,,Cutting,
2014-12-15T15:07:37.834Z,Touch,Knife Button,Cutting,{673.30005, 636.5}
2014-12-15T15:07:40.195Z,Touch start,static,Cutting,{527, 974}
2014-12-15T15:07:40.453Z,Touch end,static,Cutting,{521, 963}
2014-12-15T15:07:42.467Z,Scene Change,,Table,
2014-12-15T15:07:51.804Z,Scene Change,,Boiling,
2014-12-15T15:07:51.805Z,Touch,Saucepot Button,Boiling,{703.30005, 362.5}
2014-12-15T15:08:00.450Z,Scene Change,,Table,
2014-12-15T15:08:01.913Z,Touch start,static,Table,{441, 373}
2014-12-15T15:08:02.259Z,Touch end,static,Table,{442, 368}
2014-12-15T15:08:08.887Z,Scene Change,,Boiling,
2014-12-15T15:08:08.888Z,Touch,Saucepot Button,Boiling,{703.30005, 362.5}
2014-12-15T15:08:13.014Z,Touch start,static,Boiling,{701, 904}
2014-12-15T15:08:13.121Z,Touch end,static,Boiling,{697, 917}
2014-12-15T15:08:13.639Z,Touch start,static,Boiling,{672, 908}
2014-12-15T15:08:13.737Z,Touch end,static,Boiling,{675, 903}
2014-12-15T15:08:17.668Z,Touch start,static,Boiling,{554, 924}
2014-12-15T15:08:17.797Z,Touch end,static,Boiling,{553, 919}
2014-12-15T15:08:18.465Z,Touch start,static,Boiling,{711, 928}
2014-12-15T15:08:18.477Z,Touch move,static,Boiling,{710, 921}
2014-12-15T15:08:18.494Z,Touch move,static,Boiling,{710, 917}
2014-12-15T15:08:18.528Z,Touch end,static,Boiling,{707, 916}
2014-12-15T15:08:20.461Z,Scene Change,,Table,
2014-12-15T15:08:22.754Z,Touch start,salt,Table,{790, 197}
2014-12-15T15:08:23.127Z,Touch end,salt,Table,{790, 197}
2014-12-15T15:08:23.961Z,Touch start,pepper,Table,{890, 197}
2014-12-15T15:08:24.176Z,Touch end,pepper,Table,{890, 197}
2014-12-15T15:08:25.040Z,Touch start,pepper,Table,{890, 197}
2014-12-15T15:08:25.273Z,Touch end,pepper,Table,{890, 197}
2014-12-15T15:08:25.841Z,Touch start,pepper,Table,{890, 197}
2014-12-15T15:08:26.005Z,Touch end,pepper,Table,{890, 197}
2014-12-15T15:08:26.722Z,Touch start,salt,Table,{790, 197}
2014-12-15T15:08:26.971Z,Touch end,salt,Table,{790, 197}
2014-12-15T15:08:27.305Z,Touch start,pepper,Table,{890, 197}
2014-12-15T15:08:27.403Z,Touch move,pepper,Table,{150, 909}
2014-12-15T15:08:27.421Z,Touch move,pepper,Table,{149, 909}
2014-12-15T15:08:27.437Z,Touch move,pepper,Table,{148, 909}
2014-12-15T15:08:27.500Z,Touch move,pepper,Table,{148, 910}
2014-12-15T15:08:27.588Z,Touch end,pepper,Table,{910, 194.5}
2014-12-15T15:08:33.486Z,Scene Change,,Mixing,
2014-12-15T15:08:33.486Z,Touch,Blender Button,Mixing,{861.30005, 643}
2014-12-15T15:08:36.621Z,Touch start,static,Mixing,{150, 454}
2014-12-15T15:08:36.662Z,Touch move,static,Mixing,{146, 448}
2014-12-15T15:08:36.679Z,Touch move,static,Mixing,{145, 446}
2014-12-15T15:08:36.695Z,Touch move,static,Mixing,{145, 443}
2014-12-15T15:08:36.712Z,Touch move,static,Mixing,{144, 441}
2014-12-15T15:08:36.728Z,Touch move,static,Mixing,{144, 439}
2014-12-15T15:08:36.746Z,Touch move,static,Mixing,{143, 437}
2014-12-15T15:08:36.762Z,Touch move,static,Mixing,{143, 436}
2014-12-15T15:08:36.778Z,Touch move,static,Mixing,{143, 435}
2014-12-15T15:08:36.795Z,Touch move,static,Mixing,{143, 433}
2014-12-15T15:08:36.878Z,Touch move,static,Mixing,{144, 433}
2014-12-15T15:08:36.994Z,Touch move,static,Mixing,{145, 435}
2014-12-15T15:08:37.011Z,Touch end,static,Mixing,{147, 438}
2014-12-15T15:08:37.260Z,Touch start,static,Mixing,{147, 446}
2014-12-15T15:08:37.392Z,Touch end,static,Mixing,{146, 445}
2014-12-15T15:08:37.692Z,Touch start,static,Mixing,{105, 438}
2014-12-15T15:08:37.708Z,Touch move,static,Mixing,{104, 428}
2014-12-15T15:08:37.724Z,Touch move,static,Mixing,{104, 426}
2014-12-15T15:08:37.774Z,Touch move,static,Mixing,{103, 426}
2014-12-15T15:08:37.808Z,Touch move,static,Mixing,{102, 427}
2014-12-15T15:08:37.857Z,Touch move,static,Mixing,{102, 428}
2014-12-15T15:08:37.873Z,Touch end,static,Mixing,{102, 430}
2014-12-15T15:08:38.709Z,Touch start,static,Mixing,{484, 864}
2014-12-15T15:08:38.791Z,Touch move,static,Mixing,{479, 857}
2014-12-15T15:08:38.808Z,Touch move,static,Mixing,{476, 854}
2014-12-15T15:08:38.824Z,Touch move,static,Mixing,{473, 851}
2014-12-15T15:08:38.841Z,Touch move,static,Mixing,{469, 848}
2014-12-15T15:08:38.858Z,Touch end,static,Mixing,{467, 846}
2014-12-15T15:08:39.838Z,Touch start,static,Mixing,{180, 432}
2014-12-15T15:08:39.870Z,Touch end,static,Mixing,{170, 440}
2014-12-15T15:08:40.012Z,Touch start,static,Mixing,{177, 426}
2014-12-15T15:08:40.173Z,Touch move,static,Mixing,{172, 427}
2014-12-15T15:08:40.189Z,Touch move,static,Mixing,{171, 427}
2014-12-15T15:08:40.206Z,Touch move,static,Mixing,{169, 427}
2014-12-15T15:08:40.223Z,Touch move,static,Mixing,{168, 427}
2014-12-15T15:08:40.239Z,Touch move,static,Mixing,{167, 426}
2014-12-15T15:08:40.256Z,Touch move,static,Mixing,{166, 426}
2014-12-15T15:08:40.306Z,Touch move,static,Mixing,{166, 425}
2014-12-15T15:08:40.355Z,Touch move,static,Mixing,{165, 424}
2014-12-15T15:08:40.388Z,Touch move,static,Mixing,{164, 423}
2014-12-15T15:08:40.405Z,Touch move,static,Mixing,{163, 423}
2014-12-15T15:08:40.421Z,Touch move,static,Mixing,{163, 422}
2014-12-15T15:08:40.455Z,Touch move,static,Mixing,{162, 421}
2014-12-15T15:08:40.687Z,Touch move,static,Mixing,{162, 422}
2014-12-15T15:08:40.720Z,Touch move,static,Mixing,{160, 422}
2014-12-15T15:08:40.737Z,Touch move,static,Mixing,{155, 422}
2014-12-15T15:08:40.754Z,Touch move,static,Mixing,{151, 420}
2014-12-15T15:08:40.770Z,Touch move,static,Mixing,{148, 417}
2014-12-15T15:08:40.787Z,Touch move,static,Mixing,{146, 410}
2014-12-15T15:08:40.803Z,Touch move,static,Mixing,{146, 405}
2014-12-15T15:08:40.820Z,Touch move,static,Mixing,{146, 400}
2014-12-15T15:08:40.837Z,Touch move,static,Mixing,{145, 397}
2014-12-15T15:08:40.853Z,Touch move,static,Mixing,{144, 395}
2014-12-15T15:08:40.870Z,Touch move,static,Mixing,{143, 394}
2014-12-15T15:08:40.887Z,Touch move,static,Mixing,{142, 393}
2014-12-15T15:08:40.903Z,Touch move,static,Mixing,{140, 393}
2014-12-15T15:08:40.919Z,Touch end,static,Mixing,{136, 389}
2014-12-15T15:08:41.718Z,Touch start,static,Mixing,{117, 433}
2014-12-15T15:08:41.783Z,Touch end,static,Mixing,{132, 420}
2014-12-15T15:08:42.853Z,Scene Change,,Table,
2014-12-15T15:08:46.197Z,Touch move,static,Table,{234, 1006}
2014-12-15T15:08:46.213Z,Touch move,static,Table,{235, 1006}
2014-12-15T15:08:46.230Z,Touch move,static,Table,{235, 1007}
2014-12-15T15:08:46.247Z,Touch move,static,Table,{236, 1007}
2014-12-15T15:08:46.263Z,Touch move,static,Table,{237, 1007}
2014-12-15T15:08:46.297Z,Touch move,static,Table,{237, 1008}
2014-12-15T15:08:46.330Z,Touch move,static,Table,{238, 1008}
2014-12-15T15:08:46.363Z,Touch move,static,Table,{240, 1009}
2014-12-15T15:08:46.378Z,Touch move,static,Table,{241, 1009}
2014-12-15T15:08:46.412Z,Touch move,static,Table,{242, 1010}
2014-12-15T15:08:46.429Z,Touch move,static,Table,{243, 1011}
2014-12-15T15:08:46.446Z,Touch move,static,Table,{244, 1013}
2014-12-15T15:08:46.462Z,Touch move,static,Table,{245, 1017}
2014-12-15T15:08:47.728Z,Touch move,static,Table,{282, 1018}
2014-12-15T15:08:47.745Z,Touch move,static,Table,{278, 1017}
2014-12-15T15:08:47.761Z,Touch move,static,Table,{275, 1016}
2014-12-15T15:08:47.777Z,Touch move,static,Table,{273, 1014}
2014-12-15T15:08:47.794Z,Touch move,static,Table,{270, 1014}
2014-12-15T15:08:49.707Z,Scene Change,,Mixing,
2014-12-15T15:08:49.708Z,Touch,Blender Button,Mixing,{861.30005, 643}
2014-12-15T15:08:51.672Z,Touch start,static,Mixing,{98, 821}
2014-12-15T15:08:51.704Z,Touch start,static,Mixing,{130, 433}
2014-12-15T15:08:51.705Z,Touch move,static,Mixing,{98, 816}
2014-12-15T15:08:51.755Z,Touch start,static,Mixing,{231, 933}
2014-12-15T15:08:51.756Z,Touch move,static,Mixing,{131, 436}
2014-12-15T15:08:51.756Z,Touch move,static,Mixing,{98, 815}
2014-12-15T15:08:51.839Z,Touch start,static,Mixing,{188, 883}
2014-12-15T15:08:51.839Z,Touch move,static,Mixing,{107, 816}
2014-12-15T15:08:51.840Z,Touch move,static,Mixing,{132, 436}
2014-12-15T15:08:51.840Z,Touch move,static,Mixing,{247, 933}
2014-12-15T15:08:51.855Z,Touch move,static,Mixing,{241, 921}
2014-12-15T15:08:51.856Z,Touch move,static,Mixing,{133, 435}
2014-12-15T15:08:51.856Z,Touch end,static,Mixing,{107, 816}
2014-12-15T15:08:51.857Z,Touch end,static,Mixing,{247, 933}
2014-12-15T15:08:51.872Z,Touch move,static,Mixing,{133, 433}
2014-12-15T15:08:51.872Z,Touch move,static,Mixing,{248, 922}
2014-12-15T15:08:51.888Z,Touch move,static,Mixing,{133, 432}
2014-12-15T15:08:51.888Z,Touch move,static,Mixing,{250, 920}
2014-12-15T15:08:51.904Z,Touch move,static,Mixing,{133, 431}
2014-12-15T15:08:51.905Z,Touch move,static,Mixing,{251, 919}
2014-12-15T15:08:51.921Z,Touch move,static,Mixing,{133, 430}
2014-12-15T15:08:51.921Z,Touch move,static,Mixing,{252, 919}
2014-12-15T15:08:51.938Z,Touch move,static,Mixing,{134, 430}
2014-12-15T15:08:51.939Z,Touch move,static,Mixing,{254, 918}
2014-12-15T15:08:51.953Z,Touch move,static,Mixing,{138, 430}
2014-12-15T15:08:51.970Z,Touch move,static,Mixing,{255, 917}
2014-12-15T15:08:51.970Z,Touch end,static,Mixing,{138, 430}
2014-12-15T15:08:51.986Z,Touch move,static,Mixing,{258, 917}
2014-12-15T15:08:52.036Z,Touch move,static,Mixing,{265, 934}
2014-12-15T15:08:52.053Z,Touch move,static,Mixing,{265, 945}
2014-12-15T15:08:52.070Z,Touch end,static,Mixing,{265, 958}
2014-12-15T15:08:53.259Z,Scene Change,,Table,
2014-12-15T15:08:58.188Z,Scene Change,,Boiling,
2014-12-15T15:08:58.188Z,Touch,Saucepot Button,Boiling,{703.30005, 362.5}
2014-12-15T15:09:02.145Z,Touch start,static,Boiling,{35, 861}
2014-12-15T15:09:02.367Z,Touch end,static,Boiling,{29, 864}
2014-12-15T15:09:37.199Z,Touch start,static,Boiling,{247, 0}
2014-12-15T15:09:37.344Z,Touch end,static,Boiling,{259, 5}
2014-12-15T15:09:41.783Z,Scene Change,,Table,
2014-12-15T15:09:43.891Z,Touch move,static,Table,{269, 997}
2014-12-15T15:09:43.908Z,Touch move,static,Table,{268, 997}
2014-12-15T15:09:44.024Z,Touch move,static,Table,{267, 998}
2014-12-15T15:09:44.074Z,Touch move,static,Table,{267, 995}
2014-12-15T15:09:47.338Z,Scene Change,,Microwave,
2014-12-15T15:09:47.339Z,Touch,Microwave Button,Microwave,{805.30005, 140}
2014-12-15T15:09:49.181Z,Touch,Off Button,Microwave,{872, 224}
2014-12-15T15:09:49.549Z,Touch,On Button ,Microwave,{872, 224}
2014-12-15T15:09:50.911Z,Touch,Off Button,Microwave,{872, 224}
2014-12-15T15:10:00.551Z,Touch,On Button ,Microwave,{872, 224}
2014-12-15T15:10:02.457Z,Touch,Off Button,Microwave,{872, 224}
2014-12-15T15:10:06.753Z,Touch start,static,Microwave,{461, 226}
2014-12-15T15:10:07.033Z,Touch move,static,Microwave,{451, 225}
2014-12-15T15:10:07.049Z,Touch move,static,Microwave,{450, 225}
2014-12-15T15:10:07.065Z,Touch move,static,Microwave,{449, 225}
2014-12-15T15:10:07.082Z,Touch move,static,Microwave,{446, 226}
2014-12-15T15:10:07.099Z,Touch move,static,Microwave,{442, 228}
2014-12-15T15:10:07.115Z,Touch move,static,Microwave,{436, 232}
2014-12-15T15:10:07.132Z,Touch move,static,Microwave,{427, 238}
2014-12-15T15:10:07.148Z,Touch move,static,Microwave,{412, 252}
2014-12-15T15:10:07.165Z,Touch end,static,Microwave,{390, 276}
2014-12-15T15:10:07.481Z,Touch start,static,Microwave,{395, 385}
2014-12-15T15:10:07.713Z,Touch move,static,Microwave,{399, 390}
2014-12-15T15:10:07.729Z,Touch move,static,Microwave,{404, 389}
2014-12-15T15:10:07.746Z,Touch move,static,Microwave,{407, 389}
2014-12-15T15:10:07.762Z,Touch move,static,Microwave,{408, 389}
2014-12-15T15:10:07.779Z,Touch move,static,Microwave,{409, 391}
2014-12-15T15:10:07.796Z,Touch move,static,Microwave,{409, 398}
2014-12-15T15:10:07.812Z,Touch end,static,Microwave,{404, 411}
2014-12-15T15:10:08.045Z,Touch start,static,Microwave,{335, 562}
2014-12-15T15:10:08.228Z,Touch move,static,Microwave,{328, 564}
2014-12-15T15:10:08.244Z,Touch move,static,Microwave,{328, 565}
2014-12-15T15:10:08.260Z,Touch move,static,Microwave,{327, 566}
2014-12-15T15:10:08.278Z,Touch move,static,Microwave,{327, 567}
2014-12-15T15:10:08.294Z,Touch move,static,Microwave,{327, 568}
2014-12-15T15:10:08.343Z,Touch move,static,Microwave,{327, 569}
2014-12-15T15:10:08.360Z,Touch move,static,Microwave,{327, 570}
2014-12-15T15:10:08.393Z,Touch move,static,Microwave,{328, 572}
2014-12-15T15:10:08.410Z,Touch move,static,Microwave,{329, 573}
2014-12-15T15:10:08.427Z,Touch move,static,Microwave,{332, 574}
2014-12-15T15:10:08.443Z,Touch move,static,Microwave,{334, 575}
2014-12-15T15:10:08.460Z,Touch move,static,Microwave,{336, 576}
2014-12-15T15:10:08.476Z,Touch move,static,Microwave,{337, 577}
2014-12-15T15:10:08.493Z,Touch move,static,Microwave,{338, 578}
2014-12-15T15:10:08.509Z,Touch move,static,Microwave,{339, 579}
2014-12-15T15:10:08.526Z,Touch move,static,Microwave,{340, 579}
2014-12-15T15:10:08.543Z,Touch move,static,Microwave,{341, 579}
2014-12-15T15:10:08.559Z,Touch move,static,Microwave,{342, 579}
2014-12-15T15:10:08.576Z,Touch move,static,Microwave,{343, 579}
2014-12-15T15:10:08.592Z,Touch move,static,Microwave,{344, 579}
2014-12-15T15:10:08.626Z,Touch move,static,Microwave,{345, 580}
2014-12-15T15:10:08.659Z,Touch move,static,Microwave,{346, 581}
2014-12-15T15:10:08.676Z,Touch move,static,Microwave,{348, 582}
2014-12-15T15:10:08.694Z,Touch move,static,Microwave,{350, 583}
2014-12-15T15:10:08.709Z,Touch move,static,Microwave,{352, 584}
2014-12-15T15:10:08.725Z,Touch move,static,Microwave,{353, 585}
2014-12-15T15:10:08.742Z,Touch move,static,Microwave,{354, 586}
2014-12-15T15:10:08.758Z,Touch move,static,Microwave,{354, 587}
2014-12-15T15:10:08.891Z,Touch move,static,Microwave,{354, 586}
2014-12-15T15:10:09.007Z,Touch move,static,Microwave,{354, 587}
2014-12-15T15:10:09.024Z,Touch move,static,Microwave,{354, 588}
2014-12-15T15:10:09.041Z,Touch move,static,Microwave,{354, 589}
2014-12-15T15:10:09.082Z,Touch move,static,Microwave,{354, 590}
2014-12-15T15:10:09.128Z,Touch move,static,Microwave,{354, 591}
2014-12-15T15:10:09.228Z,Touch move,static,Microwave,{354, 592}
2014-12-15T15:10:09.294Z,Touch move,static,Microwave,{353, 592}
2014-12-15T15:10:09.427Z,Touch move,static,Microwave,{353, 589}
2014-12-15T15:10:09.443Z,Touch end,static,Microwave,{361, 577}
2014-12-15T15:10:12.468Z,Touch,On Button ,Microwave,{872, 224}
2014-12-15T15:10:14.146Z,Touch,Off Button,Microwave,{872, 224}
2014-12-15T15:10:24.167Z,Touch,On Button ,Microwave,{872, 224}
2014-12-15T15:10:25.825Z,Touch,Off Button,Microwave,{872, 224}
2014-12-15T15:10:35.834Z,Touch,On Button ,Microwave,{872, 224}
2014-12-15T15:10:37.433Z,Touch start,static,Microwave,{222, 804}
2014-12-15T15:10:37.558Z,Touch move,static,Microwave,{222, 822}
2014-12-15T15:10:37.576Z,Touch end,static,Microwave,{222, 824}
2014-12-15T15:10:37.975Z,Touch,Off Button,Microwave,{872, 224}
2014-12-15T15:10:42.766Z,Scene Change,,Table,
2014-12-15T15:10:49.091Z,Scene Change,,Mixing,
2014-12-15T15:10:49.091Z,Touch,Blender Button,Mixing,{861.30005, 643}
2014-12-15T15:10:50.889Z,Touch start,static,Mixing,{138, 451}
2014-12-15T15:10:50.904Z,Touch move,static,Mixing,{133, 444}
2014-12-15T15:10:50.921Z,Touch move,static,Mixing,{132, 439}
2014-12-15T15:10:50.937Z,Touch move,static,Mixing,{131, 437}
2014-12-15T15:10:50.954Z,Touch move,static,Mixing,{131, 436}
2014-12-15T15:10:50.987Z,Touch move,static,Mixing,{131, 433}
2014-12-15T15:10:51.004Z,Touch move,static,Mixing,{133, 432}
2014-12-15T15:10:51.020Z,Touch move,static,Mixing,{140, 430}
2014-12-15T15:10:51.038Z,Touch move,static,Mixing,{151, 428}
2014-12-15T15:10:51.054Z,Touch end,static,Mixing,{171, 426}
2014-12-15T15:10:51.922Z,Touch start,static,Mixing,{152, 439}
2014-12-15T15:10:52.054Z,Touch move,static,Mixing,{147, 443}
2014-12-15T15:10:52.070Z,Touch move,static,Mixing,{147, 445}
2014-12-15T15:10:52.087Z,Touch move,static,Mixing,{147, 447}
2014-12-15T15:10:52.104Z,Touch move,static,Mixing,{147, 448}
2014-12-15T15:10:52.286Z,Touch move,static,Mixing,{147, 447}
2014-12-15T15:10:52.303Z,Touch move,static,Mixing,{147, 446}
2014-12-15T15:10:52.321Z,Touch move,static,Mixing,{147, 445}
2014-12-15T15:10:52.336Z,Touch move,static,Mixing,{147, 444}
2014-12-15T15:10:52.353Z,Touch move,static,Mixing,{147, 443}
2014-12-15T15:10:52.369Z,Touch move,static,Mixing,{147, 442}
2014-12-15T15:10:52.386Z,Touch move,static,Mixing,{147, 441}
2014-12-15T15:10:52.404Z,Touch move,static,Mixing,{147, 440}
2014-12-15T15:10:52.419Z,Touch move,static,Mixing,{147, 439}
2014-12-15T15:10:52.436Z,Touch move,static,Mixing,{147, 437}
2014-12-15T15:10:52.453Z,Touch move,static,Mixing,{147, 435}
2014-12-15T15:10:52.471Z,Touch move,static,Mixing,{147, 432}
2014-12-15T15:10:52.486Z,Touch move,static,Mixing,{147, 430}
2014-12-15T15:10:52.503Z,Touch move,static,Mixing,{147, 427}
2014-12-15T15:10:52.520Z,Touch move,static,Mixing,{149, 424}
2014-12-15T15:10:52.535Z,Touch move,static,Mixing,{150, 422}
2014-12-15T15:10:52.554Z,Touch move,static,Mixing,{152, 421}
2014-12-15T15:10:52.570Z,Touch move,static,Mixing,{153, 420}
2014-12-15T15:10:52.586Z,Touch move,static,Mixing,{154, 420}
2014-12-15T15:10:52.603Z,Touch move,static,Mixing,{155, 420}
2014-12-15T15:10:52.636Z,Touch move,static,Mixing,{153, 420}
2014-12-15T15:10:52.653Z,Touch end,static,Mixing,{151, 421}
2014-12-15T15:10:52.835Z,Touch start,static,Mixing,{121, 385}
2014-12-15T15:10:52.953Z,Touch end,static,Mixing,{121, 395}
2014-12-15T15:10:53.316Z,Touch start,static,Mixing,{136, 387}
2014-12-15T15:10:53.448Z,Touch end,static,Mixing,{133, 392}
2014-12-15T15:10:53.752Z,Touch start,static,Mixing,{132, 420}
2014-12-15T15:10:53.886Z,Touch end,static,Mixing,{139, 416}
2014-12-15T15:10:54.201Z,Touch start,static,Mixing,{170, 415}
2014-12-15T15:10:54.250Z,Touch move,static,Mixing,{164, 420}
2014-12-15T15:10:54.266Z,Touch move,static,Mixing,{162, 422}
2014-12-15T15:10:54.284Z,Touch move,static,Mixing,{161, 424}
2014-12-15T15:10:54.299Z,Touch move,static,Mixing,{159, 426}
2014-12-15T15:10:54.315Z,Touch end,static,Mixing,{157, 428}
2014-12-15T15:10:54.599Z,Touch start,static,Mixing,{128, 419}
2014-12-15T15:10:54.730Z,Touch end,static,Mixing,{132, 430}
2014-12-15T15:10:57.722Z,Touch start,static,Mixing,{123, 406}
2014-12-15T15:10:57.797Z,Touch move,static,Mixing,{122, 420}
2014-12-15T15:10:57.813Z,Touch move,static,Mixing,{122, 421}
2014-12-15T15:10:57.830Z,Touch move,static,Mixing,{122, 422}
2014-12-15T15:10:57.847Z,Touch move,static,Mixing,{122, 423}
2014-12-15T15:10:57.865Z,Touch move,static,Mixing,{122, 424}
2014-12-15T15:10:57.880Z,Touch move,static,Mixing,{122, 425}
2014-12-15T15:10:57.996Z,Touch move,static,Mixing,{122, 423}
2014-12-15T15:10:58.015Z,Touch move,static,Mixing,{122, 421}
2014-12-15T15:10:58.029Z,Touch move,static,Mixing,{122, 419}
2014-12-15T15:10:58.046Z,Touch move,static,Mixing,{121, 418}
2014-12-15T15:10:58.062Z,Touch end,static,Mixing,{119, 416}
2014-12-15T15:11:00.194Z,Touch start,static,Mixing,{154, 425}
2014-12-15T15:11:00.337Z,Touch end,static,Mixing,{155, 420}
2014-12-15T15:11:02.729Z,Touch start,static,Mixing,{463, 847}
2014-12-15T15:11:02.871Z,Touch end,static,Mixing,{469, 846}
2014-12-15T15:11:04.320Z,Touch start,static,Mixing,{184, 426}
2014-12-15T15:11:04.486Z,Touch end,static,Mixing,{183, 431}
2014-12-15T15:11:05.633Z,Touch start,static,Mixing,{137, 429}
2014-12-15T15:11:05.714Z,Touch end,static,Mixing,{147, 437}
2014-12-15T15:11:05.964Z,Touch start,static,Mixing,{157, 457}
2014-12-15T15:11:06.113Z,Touch end,static,Mixing,{160, 455}
2014-12-15T15:11:06.449Z,Touch start,static,Mixing,{141, 421}
2014-12-15T15:11:06.764Z,Touch move,static,Mixing,{139, 423}
2014-12-15T15:11:06.781Z,Touch move,static,Mixing,{139, 425}
2014-12-15T15:11:06.798Z,Touch move,static,Mixing,{138, 426}
2014-12-15T15:11:06.814Z,Touch move,static,Mixing,{138, 427}
2014-12-15T15:11:06.830Z,Touch move,static,Mixing,{137, 428}
2014-12-15T15:11:06.864Z,Touch move,static,Mixing,{136, 428}
2014-12-15T15:11:06.880Z,Touch move,static,Mixing,{136, 429}
2014-12-15T15:11:06.897Z,Touch move,static,Mixing,{135, 429}
2014-12-15T15:11:06.913Z,Touch move,static,Mixing,{135, 430}
2014-12-15T15:11:06.930Z,Touch move,static,Mixing,{134, 431}
2014-12-15T15:11:06.946Z,Touch move,static,Mixing,{132, 432}
2014-12-15T15:11:06.963Z,Touch move,static,Mixing,{131, 435}
2014-12-15T15:11:06.980Z,Touch move,static,Mixing,{129, 438}
2014-12-15T15:11:06.997Z,Touch move,static,Mixing,{127, 441}
2014-12-15T15:11:07.013Z,Touch move,static,Mixing,{126, 444}
2014-12-15T15:11:07.029Z,Touch move,static,Mixing,{125, 446}
2014-12-15T15:11:07.046Z,Touch move,static,Mixing,{124, 448}
2014-12-15T15:11:07.062Z,Touch move,static,Mixing,{123, 449}
2014-12-15T15:11:07.079Z,Touch move,static,Mixing,{123, 450}
2014-12-15T15:11:07.163Z,Touch move,static,Mixing,{123, 449}
2014-12-15T15:11:07.179Z,Touch move,static,Mixing,{124, 446}
2014-12-15T15:11:07.196Z,Touch end,static,Mixing,{130, 442}
2014-12-15T15:11:07.445Z,Touch start,static,Mixing,{149, 427}
2014-12-15T15:11:07.577Z,Touch end,static,Mixing,{150, 428}
2014-12-15T15:11:07.745Z,Touch start,static,Mixing,{145, 433}
2014-12-15T15:11:07.860Z,Touch end,static,Mixing,{145, 432}
2014-12-15T15:11:08.379Z,Touch start,static,Mixing,{145, 448}
2014-12-15T15:11:08.677Z,Touch end,static,Mixing,{146, 454}
2014-12-15T15:11:10.090Z,Touch start,static,Mixing,{144, 430}
2014-12-15T15:11:10.254Z,Touch move,static,Mixing,{145, 432}
2014-12-15T15:11:10.539Z,Touch end,static,Mixing,{146, 433}
2014-12-15T15:11:12.484Z,Touch start,static,Mixing,{152, 420}
2014-12-15T15:11:12.566Z,Touch move,static,Mixing,{159, 423}
2014-12-15T15:11:12.583Z,Touch move,static,Mixing,{161, 424}
2014-12-15T15:11:12.599Z,Touch move,static,Mixing,{163, 426}
2014-12-15T15:11:12.616Z,Touch move,static,Mixing,{165, 429}
2014-12-15T15:11:12.632Z,Touch move,static,Mixing,{166, 431}
2014-12-15T15:11:12.651Z,Touch move,static,Mixing,{167, 432}
2014-12-15T15:11:12.665Z,Touch move,static,Mixing,{168, 433}
2014-12-15T15:11:12.682Z,Touch move,static,Mixing,{169, 436}
2014-12-15T15:11:12.699Z,Touch move,static,Mixing,{169, 437}
2014-12-15T15:11:12.715Z,Touch move,static,Mixing,{169, 438}
2014-12-15T15:11:12.732Z,Touch move,static,Mixing,{169, 439}
2014-12-15T15:11:12.749Z,Touch move,static,Mixing,{170, 440}
2014-12-15T15:11:12.765Z,Touch move,static,Mixing,{170, 442}
2014-12-15T15:11:12.782Z,Touch move,static,Mixing,{170, 444}
2014-12-15T15:11:12.819Z,Touch end,static,Mixing,{170, 448}
2014-12-15T15:11:15.340Z,Scene Change,,Table,
2014-12-15T15:11:18.113Z,Touch move,static,Table,{753, 1021}
2014-12-15T15:11:18.129Z,Touch move,static,Table,{754, 1021}
2014-12-15T15:11:18.146Z,Touch move,static,Table,{755, 1021}
2014-12-15T15:11:18.162Z,Touch move,static,Table,{756, 1021}
2014-12-15T15:11:20.604Z,Touch move,static,Table,{572, 1021}
2014-12-15T15:11:24.393Z,Scene Change,,Microwave,
2014-12-15T15:11:24.394Z,Touch,Microwave Button,Microwave,{805.30005, 140}
2014-12-15T15:11:25.909Z,Touch,Off Button,Microwave,{872, 224}
2014-12-15T15:11:35.934Z,Touch,On Button ,Microwave,{872, 224}
2014-12-15T15:11:37.518Z,Touch,Off Button,Microwave,{872, 224}
2014-12-15T15:11:40.154Z,Scene Change,,Table,
2014-12-15T15:11:46.961Z,Scene Change,,Mixing,
2014-12-15T15:11:46.962Z,Touch,Blender Button,Mixing,{861.30005, 643}
2014-12-15T15:11:48.928Z,Touch start,static,Mixing,{144, 403}
2014-12-15T15:11:48.979Z,Touch move,static,Mixing,{133, 409}
2014-12-15T15:11:48.994Z,Touch move,static,Mixing,{131, 410}
2014-12-15T15:11:49.009Z,Touch move,static,Mixing,{130, 411}
2014-12-15T15:11:49.027Z,Touch move,static,Mixing,{129, 412}
2014-12-15T15:11:49.043Z,Touch end,static,Mixing,{127, 414}
2014-12-15T15:11:49.310Z,Touch start,static,Mixing,{132, 448}
2014-12-15T15:11:49.392Z,Touch end,static,Mixing,{125, 454}
2014-12-15T15:11:49.726Z,Touch start,static,Mixing,{117, 466}
2014-12-15T15:11:49.857Z,Touch end,static,Mixing,{117, 469}
2014-12-15T15:11:50.224Z,Touch start,static,Mixing,{105, 455}
2014-12-15T15:11:50.390Z,Touch end,static,Mixing,{108, 453}
2014-12-15T15:11:50.544Z,Touch start,static,Mixing,{116, 431}
2014-12-15T15:11:50.776Z,Touch end,static,Mixing,{118, 437}
2014-12-15T15:11:50.844Z,Touch start,static,Mixing,{117, 433}
2014-12-15T15:11:50.976Z,Touch end,static,Mixing,{118, 433}
2014-12-15T15:11:51.126Z,Touch start,static,Mixing,{134, 436}
2014-12-15T15:11:51.258Z,Touch end,static,Mixing,{138, 442}
2014-12-15T15:11:51.442Z,Touch start,static,Mixing,{136, 433}
2014-12-15T15:11:51.557Z,Touch move,static,Mixing,{137, 439}
2014-12-15T15:11:51.574Z,Touch move,static,Mixing,{137, 442}
2014-12-15T15:11:51.591Z,Touch move,static,Mixing,{138, 446}
2014-12-15T15:11:51.607Z,Touch end,static,Mixing,{140, 451}
2014-12-15T15:11:52.659Z,Touch start,static,Mixing,{148, 444}
2014-12-15T15:11:52.891Z,Touch end,static,Mixing,{148, 442}
2014-12-15T15:11:55.340Z,Scene Change,,Table,
2014-12-15T15:12:00.837Z,Scene Change,,Mixing,
2014-12-15T15:12:00.838Z,Touch,Blender Button,Mixing,{861.30005, 643}
2014-12-15T15:12:05.914Z,Touch start,static,Mixing,{139, 441}
2014-12-15T15:12:05.957Z,Touch move,static,Mixing,{142, 430}
2014-12-15T15:12:05.973Z,Touch move,static,Mixing,{142, 428}
2014-12-15T15:12:06.057Z,Touch move,static,Mixing,{142, 429}
2014-12-15T15:12:06.073Z,Touch move,static,Mixing,{142, 430}
2014-12-15T15:12:06.090Z,Touch move,static,Mixing,{142, 431}
2014-12-15T15:12:06.107Z,Touch move,static,Mixing,{142, 432}
2014-12-15T15:12:06.123Z,Touch move,static,Mixing,{142, 433}
2014-12-15T15:12:06.140Z,Touch move,static,Mixing,{142, 435}
2014-12-15T15:12:06.157Z,Touch move,static,Mixing,{142, 436}
2014-12-15T15:12:06.173Z,Touch move,static,Mixing,{142, 437}
2014-12-15T15:12:06.190Z,Touch move,static,Mixing,{143, 438}
2014-12-15T15:12:06.206Z,Touch move,static,Mixing,{146, 440}
2014-12-15T15:12:06.223Z,Touch move,static,Mixing,{155, 446}
2014-12-15T15:12:06.240Z,Touch end,static,Mixing,{158, 448}
2014-12-15T15:12:08.162Z,Scene Change,,Table,
2014-12-15T15:12:12.296Z,Scene Change,,Mixing,
2014-12-15T15:12:12.297Z,Touch,Blender Button,Mixing,{861.30005, 643}
2014-12-15T15:12:18.026Z,Scene Change,,Table,
2014-12-15T15:12:19.671Z,Touch move,static,Table,{27, 1020}
2014-12-15T15:12:19.688Z,Touch move,static,Table,{22, 1020}
2014-12-15T15:12:19.705Z,Touch move,static,Table,{20, 1020}
2014-12-15T15:12:19.788Z,Touch move,static,Table,{21, 1020}
2014-12-15T15:12:19.804Z,Touch move,static,Table,{24, 1020}
2014-12-15T15:12:19.821Z,Touch move,static,Table,{28, 1020}
2014-12-15T15:12:19.837Z,Touch move,static,Table,{29, 1020}
2014-12-15T15:12:19.854Z,Touch move,static,Table,{39, 1020}
2014-12-15T15:12:23.999Z,Scene Change,,Frying,
2014-12-15T15:12:23.999Z,Touch,Frying Pan Button,Frying,{915.30005, 392.5}
2014-12-15T15:12:30.723Z,Touch start,static,Frying,{679, 1}
2014-12-15T15:12:30.787Z,Touch move,static,Frying,{688, 8}
2014-12-15T15:12:30.803Z,Touch move,static,Frying,{690, 12}
2014-12-15T15:12:30.819Z,Touch move,static,Frying,{691, 15}
2014-12-15T15:12:30.839Z,Touch move,static,Frying,{692, 17}
2014-12-15T15:12:30.853Z,Touch move,static,Frying,{693, 19}
2014-12-15T15:12:30.870Z,Touch move,static,Frying,{693, 21}
2014-12-15T15:12:30.887Z,Touch move,static,Frying,{693, 22}
2014-12-15T15:12:30.904Z,Touch move,static,Frying,{693, 24}
2014-12-15T15:12:30.920Z,Touch move,static,Frying,{693, 26}
2014-12-15T15:12:30.937Z,Touch move,static,Frying,{693, 29}
2014-12-15T15:12:30.953Z,Touch move,static,Frying,{693, 32}
2014-12-15T15:12:30.969Z,Touch move,static,Frying,{693, 35}
2014-12-15T15:12:30.987Z,Touch move,static,Frying,{691, 37}
2014-12-15T15:12:31.003Z,Touch move,static,Frying,{688, 40}
2014-12-15T15:12:31.020Z,Touch end,static,Frying,{681, 43}
2014-12-15T15:12:32.174Z,Scene Change,,Table,
