time,event,object,scene,location
2014-12-10T19:41:46.463Z,App Started,iPad2,5,,
2014-12-10T19:41:46.479Z,Character Selected,monster2,,
2014-12-10T19:41:55.771Z,Touch start,monsterfood,Table,{296, 153}
2014-12-10T19:41:56.177Z,Touch start,monster,Table,{243, 404}
2014-12-10T19:41:56.178Z,Touch move,monster,Table,{243, 404}
2014-12-10T19:41:56.185Z,Touch move,monster,Table,{255, 418}
2014-12-10T19:41:56.201Z,Touch move,monster,Table,{262, 423}
2014-12-10T19:41:56.217Z,Touch move,monster,Table,{267, 429}
2014-12-10T19:41:56.238Z,Touch move,monster,Table,{272, 436}
2014-12-10T19:41:56.251Z,Touch move,monster,Table,{277, 440}
2014-12-10T19:41:56.267Z,Touch move,monster,Table,{283, 446}
2014-12-10T19:41:56.284Z,Touch move,monster,Table,{289, 452}
2014-12-10T19:41:56.302Z,Touch move,monster,Table,{295, 459}
2014-12-10T19:41:56.317Z,Touch move,monster,Table,{301, 466}
2014-12-10T19:41:56.334Z,Touch move,monster,Table,{306, 473}
2014-12-10T19:41:56.351Z,Touch move,monster,Table,{313, 480}
2014-12-10T19:41:56.367Z,Touch move,monster,Table,{318, 487}
2014-12-10T19:41:56.386Z,Touch move,monster,Table,{324, 492}
2014-12-10T19:41:56.401Z,Touch move,monster,Table,{329, 497}
2014-12-10T19:41:56.417Z,Touch move,monster,Table,{332, 501}
2014-12-10T19:41:56.434Z,Touch move,monster,Table,{335, 502}
2014-12-10T19:41:56.452Z,Touch move,monster,Table,{336, 503}
2014-12-10T19:41:56.467Z,Touch move,monster,Table,{337, 504}
2014-12-10T19:41:56.484Z,Touch move,monster,Table,{338, 504}
2014-12-10T19:41:56.501Z,Touch move,monster,Table,{339, 504}
2014-12-10T19:41:56.518Z,Touch move,monster,Table,{339, 503}
2014-12-10T19:41:56.536Z,Touch move,monster,Table,{340, 502}
2014-12-10T19:41:56.551Z,Touch move,monster,Table,{341, 500}
2014-12-10T19:41:56.567Z,Touch move,monster,Table,{341, 499}
2014-12-10T19:41:56.584Z,Touch move,monster,Table,{341, 498}
2014-12-10T19:41:56.601Z,Touch move,monster,Table,{341, 497}
2014-12-10T19:41:56.620Z,Touch move,monster,Table,{341, 496}
2014-12-10T19:41:56.634Z,Touch move,monster,Table,{341, 495}
2014-12-10T19:41:56.651Z,Touch move,monster,Table,{341, 495}
2014-12-10T19:41:56.668Z,Touch move,monster,Table,{341, 495}
2014-12-10T19:41:56.685Z,Touch move,monster,Table,{341, 495}
2014-12-10T19:41:56.701Z,Touch move,monster,Table,{341, 495}
2014-12-10T19:41:56.717Z,Touch move,monster,Table,{341, 495}
2014-12-10T19:41:56.734Z,Touch move,monster,Table,{341, 495}
2014-12-10T19:41:56.751Z,Touch move,monster,Table,{341, 495}
2014-12-10T19:41:56.768Z,Touch move,monster,Table,{341, 495}
2014-12-10T19:41:56.784Z,Touch move,monster,Table,{339, 495}
2014-12-10T19:41:56.801Z,Touch move,monster,Table,{337, 497}
2014-12-10T19:41:56.807Z,Touch end,monsterfood,Table,{513, 337}
2014-12-10T19:41:56.807Z,Touch end,monster,Table,{335, 499}
2014-12-10T19:41:56.811Z,Food swallowed,4.00 like score for monster,Table,
2014-12-10T19:42:03.212Z,Touch start,meat,Table,{118, 136}
2014-12-10T19:42:03.623Z,Touch start,meat,Table,{220, 348}
2014-12-10T19:42:03.624Z,Touch move,meat,Table,{220, 348}
2014-12-10T19:42:03.629Z,Touch move,meat,Table,{225, 361}
2014-12-10T19:42:03.634Z,Touch move,meat,Table,{231, 377}
2014-12-10T19:42:03.651Z,Touch move,meat,Table,{235, 391}
2014-12-10T19:42:03.667Z,Touch move,meat,Table,{240, 404}
2014-12-10T19:42:03.684Z,Touch move,meat,Table,{244, 413}
2014-12-10T19:42:03.702Z,Touch move,meat,Table,{248, 423}
2014-12-10T19:42:03.718Z,Touch move,meat,Table,{251, 430}
2014-12-10T19:42:03.735Z,Touch move,meat,Table,{254, 437}
2014-12-10T19:42:03.752Z,Touch move,meat,Table,{258, 445}
2014-12-10T19:42:03.769Z,Touch move,meat,Table,{261, 452}
2014-12-10T19:42:03.785Z,Touch move,meat,Table,{265, 460}
2014-12-10T19:42:03.802Z,Touch move,meat,Table,{271, 470}
2014-12-10T19:42:03.818Z,Touch move,meat,Table,{275, 477}
2014-12-10T19:42:03.835Z,Touch move,meat,Table,{279, 486}
2014-12-10T19:42:03.853Z,Touch move,meat,Table,{283, 492}
2014-12-10T19:42:03.870Z,Touch move,meat,Table,{286, 499}
2014-12-10T19:42:03.885Z,Touch move,meat,Table,{288, 505}
2014-12-10T19:42:03.902Z,Touch move,meat,Table,{290, 512}
2014-12-10T19:42:03.918Z,Touch move,meat,Table,{292, 518}
2014-12-10T19:42:03.935Z,Touch move,meat,Table,{295, 526}
2014-12-10T19:42:03.951Z,Touch move,meat,Table,{297, 532}
2014-12-10T19:42:03.969Z,Touch move,meat,Table,{299, 537}
2014-12-10T19:42:03.985Z,Touch move,meat,Table,{301, 541}
2014-12-10T19:42:04.003Z,Touch move,meat,Table,{303, 544}
2014-12-10T19:42:04.018Z,Touch move,meat,Table,{304, 546}
2014-12-10T19:42:04.034Z,Touch move,meat,Table,{305, 547}
2014-12-10T19:42:04.051Z,Touch move,meat,Table,{305, 547}
2014-12-10T19:42:04.067Z,Touch move,meat,Table,{305, 547}
2014-12-10T19:42:04.084Z,Touch move,meat,Table,{305, 547}
2014-12-10T19:42:04.101Z,Touch move,meat,Table,{305, 547}
2014-12-10T19:42:04.118Z,Touch move,meat,Table,{305, 547}
2014-12-10T19:42:04.134Z,Touch move,meat,Table,{306, 547}
2014-12-10T19:42:04.152Z,Touch move,meat,Table,{306, 546}
2014-12-10T19:42:04.167Z,Touch move,meat,Table,{307, 545}
2014-12-10T19:42:04.185Z,Touch move,meat,Table,{308, 544}
2014-12-10T19:42:04.201Z,Touch move,meat,Table,{309, 543}
2014-12-10T19:42:04.217Z,Touch move,meat,Table,{309, 543}
2014-12-10T19:42:04.235Z,Touch move,meat,Table,{309, 543}
2014-12-10T19:42:04.251Z,Touch move,meat,Table,{310, 542}
2014-12-10T19:42:04.267Z,Touch move,meat,Table,{310, 542}
2014-12-10T19:42:04.285Z,Touch move,meat,Table,{310, 542}
2014-12-10T19:42:04.302Z,Touch move,meat,Table,{310, 542}
2014-12-10T19:42:04.317Z,Touch move,meat,Table,{310, 542}
2014-12-10T19:42:04.334Z,Touch move,meat,Table,{310, 542}
2014-12-10T19:42:04.351Z,Touch move,meat,Table,{310, 542}
2014-12-10T19:42:04.367Z,Touch move,meat,Table,{310, 542}
2014-12-10T19:42:04.385Z,Touch move,meat,Table,{310, 542}
2014-12-10T19:42:04.401Z,Touch move,meat,Table,{310, 542}
2014-12-10T19:42:04.417Z,Touch move,meat,Table,{310, 542}
2014-12-10T19:42:04.434Z,Touch move,meat,Table,{310, 542}
2014-12-10T19:42:04.452Z,Touch move,meat,Table,{310, 542}
2014-12-10T19:42:04.467Z,Touch move,meat,Table,{310, 542}
2014-12-10T19:42:04.484Z,Touch move,meat,Table,{311, 542}
2014-12-10T19:42:04.502Z,Touch move,meat,Table,{311, 542}
2014-12-10T19:42:04.518Z,Touch move,meat,Table,{311, 542}
2014-12-10T19:42:04.535Z,Touch move,meat,Table,{311, 541}
2014-12-10T19:42:04.551Z,Touch move,meat,Table,{312, 541}
2014-12-10T19:42:04.567Z,Touch move,meat,Table,{312, 540}
2014-12-10T19:42:04.584Z,Touch move,meat,Table,{312, 540}
2014-12-10T19:42:04.601Z,Touch move,meat,Table,{312, 540}
2014-12-10T19:42:04.617Z,Touch move,meat,Table,{312, 540}
2014-12-10T19:42:04.634Z,Touch move,meat,Table,{311, 540}
2014-12-10T19:42:04.649Z,Touch end,meat,Table,{570, 334}
2014-12-10T19:42:04.650Z,Touch end,meat,Table,{307, 537}
2014-12-10T19:42:04.652Z,Food swallowed,4.00 like score for meat,Table,
2014-12-10T19:42:05.801Z,Touch start,static,Table,{222, 460}
2014-12-10T19:42:05.849Z,Touch move,static,Table,{228, 461}
2014-12-10T19:42:05.865Z,Touch move,static,Table,{229, 468}
2014-12-10T19:42:05.881Z,Touch move,static,Table,{232, 482}
2014-12-10T19:42:05.898Z,Touch move,static,Table,{238, 500}
2014-12-10T19:42:05.915Z,Touch move,static,Table,{243, 515}
2014-12-10T19:42:05.931Z,Touch move,static,Table,{248, 536}
2014-12-10T19:42:05.948Z,Touch move,static,Table,{249, 551}
2014-12-10T19:42:05.965Z,Touch move,static,Table,{249, 572}
2014-12-10T19:42:05.981Z,Touch move,static,Table,{237, 590}
2014-12-10T19:42:05.998Z,Touch end,static,Table,{214, 609}
2014-12-10T19:42:06.150Z,Touch start,static,Table,{170, 650}
2014-12-10T19:42:06.197Z,Touch end,static,Table,{167, 650}
2014-12-10T19:42:06.649Z,Touch start,static,Table,{210, 426}
2014-12-10T19:42:06.679Z,Touch move,static,Table,{215, 432}
2014-12-10T19:42:06.695Z,Touch move,static,Table,{215, 436}
2014-12-10T19:42:06.712Z,Touch move,static,Table,{215, 440}
2014-12-10T19:42:06.728Z,Touch move,static,Table,{215, 446}
2014-12-10T19:42:06.745Z,Touch move,static,Table,{215, 455}
2014-12-10T19:42:06.762Z,Touch move,static,Table,{214, 466}
2014-12-10T19:42:06.778Z,Touch move,static,Table,{214, 480}
2014-12-10T19:42:06.795Z,Touch move,static,Table,{214, 492}
2014-12-10T19:42:06.812Z,Touch move,static,Table,{213, 503}
2014-12-10T19:42:06.828Z,Touch move,static,Table,{213, 512}
2014-12-10T19:42:06.845Z,Touch move,static,Table,{212, 520}
2014-12-10T19:42:06.862Z,Touch move,static,Table,{210, 528}
2014-12-10T19:42:06.878Z,Touch move,static,Table,{208, 535}
2014-12-10T19:42:06.894Z,Touch move,static,Table,{207, 539}
2014-12-10T19:42:06.911Z,Touch move,static,Table,{205, 544}
2014-12-10T19:42:06.928Z,Touch move,static,Table,{202, 548}
2014-12-10T19:42:06.946Z,Touch move,static,Table,{200, 552}
2014-12-10T19:42:06.961Z,Touch move,static,Table,{198, 556}
2014-12-10T19:42:06.977Z,Touch move,static,Table,{194, 561}
2014-12-10T19:42:06.994Z,Touch move,static,Table,{190, 566}
2014-12-10T19:42:07.011Z,Touch move,static,Table,{185, 574}
2014-12-10T19:42:07.027Z,Touch move,static,Table,{171, 588}
2014-12-10T19:42:07.044Z,Touch end,static,Table,{169, 590}
2014-12-10T19:42:10.894Z,Touch start,sausage,Table,{296, 272}
2014-12-10T19:42:11.134Z,Touch start,sausage,Table,{270, 327}
2014-12-10T19:42:11.135Z,Touch move,sausage,Table,{270, 327}
2014-12-10T19:42:11.140Z,Touch move,sausage,Table,{270, 334}
2014-12-10T19:42:11.150Z,Touch move,sausage,Table,{271, 343}
2014-12-10T19:42:11.168Z,Touch move,sausage,Table,{272, 350}
2014-12-10T19:42:11.184Z,Touch move,sausage,Table,{275, 358}
2014-12-10T19:42:11.201Z,Touch move,sausage,Table,{278, 366}
2014-12-10T19:42:11.218Z,Touch move,sausage,Table,{282, 375}
2014-12-10T19:42:11.235Z,Touch move,sausage,Table,{288, 386}
2014-12-10T19:42:11.251Z,Touch move,sausage,Table,{292, 396}
2014-12-10T19:42:11.268Z,Touch move,sausage,Table,{296, 405}
2014-12-10T19:42:11.284Z,Touch move,sausage,Table,{301, 415}
2014-12-10T19:42:11.301Z,Touch move,sausage,Table,{307, 427}
2014-12-10T19:42:11.319Z,Touch move,sausage,Table,{314, 439}
2014-12-10T19:42:11.334Z,Touch move,sausage,Table,{320, 450}
2014-12-10T19:42:11.351Z,Touch move,sausage,Table,{326, 457}
2014-12-10T19:42:11.368Z,Touch move,sausage,Table,{332, 464}
2014-12-10T19:42:11.385Z,Touch move,sausage,Table,{338, 471}
2014-12-10T19:42:11.401Z,Touch move,sausage,Table,{343, 475}
2014-12-10T19:42:11.417Z,Touch move,sausage,Table,{349, 481}
2014-12-10T19:42:11.434Z,Touch move,sausage,Table,{353, 484}
2014-12-10T19:42:11.451Z,Touch move,sausage,Table,{357, 486}
2014-12-10T19:42:11.469Z,Touch move,sausage,Table,{361, 489}
2014-12-10T19:42:11.484Z,Touch move,sausage,Table,{365, 491}
2014-12-10T19:42:11.501Z,Touch move,sausage,Table,{368, 493}
2014-12-10T19:42:11.518Z,Touch move,sausage,Table,{371, 496}
2014-12-10T19:42:11.534Z,Touch move,sausage,Table,{375, 501}
2014-12-10T19:42:11.552Z,Touch move,sausage,Table,{378, 504}
2014-12-10T19:42:11.567Z,Touch move,sausage,Table,{379, 507}
2014-12-10T19:42:11.584Z,Touch move,sausage,Table,{380, 508}
2014-12-10T19:42:11.601Z,Touch move,sausage,Table,{381, 509}
2014-12-10T19:42:11.618Z,Touch move,sausage,Table,{381, 510}
2014-12-10T19:42:11.634Z,Touch move,sausage,Table,{381, 510}
2014-12-10T19:42:11.651Z,Touch move,sausage,Table,{381, 510}
2014-12-10T19:42:11.668Z,Touch move,sausage,Table,{379, 510}
2014-12-10T19:42:11.684Z,Touch move,sausage,Table,{378, 510}
2014-12-10T19:42:11.702Z,Touch move,sausage,Table,{377, 510}
2014-12-10T19:42:11.717Z,Touch move,sausage,Table,{375, 510}
2014-12-10T19:42:11.734Z,Touch move,sausage,Table,{374, 510}
2014-12-10T19:42:11.751Z,Touch move,sausage,Table,{372, 510}
2014-12-10T19:42:11.768Z,Touch move,sausage,Table,{371, 510}
2014-12-10T19:42:11.784Z,Touch move,sausage,Table,{369, 510}
2014-12-10T19:42:11.801Z,Touch move,sausage,Table,{367, 511}
2014-12-10T19:42:11.817Z,Touch move,sausage,Table,{366, 512}
2014-12-10T19:42:11.834Z,Touch move,sausage,Table,{365, 513}
2014-12-10T19:42:11.853Z,Touch move,sausage,Table,{362, 513}
2014-12-10T19:42:11.867Z,Touch move,sausage,Table,{361, 514}
2014-12-10T19:42:11.884Z,Touch move,sausage,Table,{361, 515}
2014-12-10T19:42:11.901Z,Touch move,sausage,Table,{361, 515}
2014-12-10T19:42:11.918Z,Touch move,sausage,Table,{361, 515}
2014-12-10T19:42:11.934Z,Touch move,sausage,Table,{361, 516}
2014-12-10T19:42:11.951Z,Touch move,sausage,Table,{361, 517}
2014-12-10T19:42:11.967Z,Touch move,sausage,Table,{361, 520}
2014-12-10T19:42:11.972Z,Touch end,sausage,Table,{558, 336}
2014-12-10T19:42:11.973Z,Touch end,sausage,Table,{362, 522}
2014-12-10T19:42:11.974Z,Food swallowed,3.00 like score for sausage,Table,
2014-12-10T19:42:18.222Z,Touch start,carrot,Table,{118, 257}
2014-12-10T19:42:18.530Z,Touch start,carrot,Table,{318, 300}
2014-12-10T19:42:18.531Z,Touch move,carrot,Table,{318, 300}
2014-12-10T19:42:18.535Z,Touch move,carrot,Table,{318, 317}
2014-12-10T19:42:18.552Z,Touch move,carrot,Table,{319, 333}
2014-12-10T19:42:18.568Z,Touch move,carrot,Table,{320, 350}
2014-12-10T19:42:18.584Z,Touch move,carrot,Table,{321, 368}
2014-12-10T19:42:18.601Z,Touch move,carrot,Table,{324, 383}
2014-12-10T19:42:18.617Z,Touch move,carrot,Table,{325, 394}
2014-12-10T19:42:18.635Z,Touch move,carrot,Table,{326, 401}
2014-12-10T19:42:18.651Z,Touch move,carrot,Table,{326, 408}
2014-12-10T19:42:18.667Z,Touch move,carrot,Table,{327, 413}
2014-12-10T19:42:18.684Z,Touch move,carrot,Table,{327, 418}
2014-12-10T19:42:18.702Z,Touch move,carrot,Table,{327, 423}
2014-12-10T19:42:18.717Z,Touch move,carrot,Table,{328, 429}
2014-12-10T19:42:18.735Z,Touch move,carrot,Table,{329, 442}
2014-12-10T19:42:18.751Z,Touch move,carrot,Table,{331, 455}
2014-12-10T19:42:18.768Z,Touch move,carrot,Table,{336, 474}
2014-12-10T19:42:18.787Z,Touch move,carrot,Table,{341, 493}
2014-12-10T19:42:18.801Z,Touch move,carrot,Table,{347, 510}
2014-12-10T19:42:18.818Z,Touch move,carrot,Table,{351, 524}
2014-12-10T19:42:18.834Z,Touch move,carrot,Table,{354, 535}
2014-12-10T19:42:18.851Z,Touch move,carrot,Table,{355, 538}
2014-12-10T19:42:18.867Z,Touch move,carrot,Table,{356, 539}
2014-12-10T19:42:18.884Z,Touch move,carrot,Table,{356, 540}
2014-12-10T19:42:18.901Z,Touch move,carrot,Table,{356, 540}
2014-12-10T19:42:18.918Z,Touch move,carrot,Table,{356, 540}
2014-12-10T19:42:18.935Z,Touch move,carrot,Table,{356, 540}
2014-12-10T19:42:18.951Z,Touch move,carrot,Table,{356, 540}
2014-12-10T19:42:18.968Z,Touch move,carrot,Table,{356, 540}
2014-12-10T19:42:18.984Z,Touch move,carrot,Table,{355, 540}
2014-12-10T19:42:19.001Z,Touch move,carrot,Table,{355, 539}
2014-12-10T19:42:19.017Z,Touch move,carrot,Table,{354, 539}
2014-12-10T19:42:19.034Z,Touch move,carrot,Table,{353, 538}
2014-12-10T19:42:19.051Z,Touch move,carrot,Table,{352, 538}
2014-12-10T19:42:19.068Z,Touch move,carrot,Table,{351, 538}
2014-12-10T19:42:19.085Z,Touch move,carrot,Table,{351, 537}
2014-12-10T19:42:19.101Z,Touch move,carrot,Table,{350, 537}
2014-12-10T19:42:19.117Z,Touch move,carrot,Table,{349, 536}
2014-12-10T19:42:19.134Z,Touch move,carrot,Table,{349, 536}
2014-12-10T19:42:19.151Z,Touch move,carrot,Table,{349, 536}
2014-12-10T19:42:19.169Z,Touch move,carrot,Table,{348, 535}
2014-12-10T19:42:19.185Z,Touch move,carrot,Table,{348, 535}
2014-12-10T19:42:19.201Z,Touch move,carrot,Table,{348, 534}
2014-12-10T19:42:19.217Z,Touch move,carrot,Table,{348, 534}
2014-12-10T19:42:19.236Z,Touch move,carrot,Table,{348, 534}
2014-12-10T19:42:19.251Z,Touch move,carrot,Table,{348, 534}
2014-12-10T19:42:19.267Z,Touch move,carrot,Table,{348, 533}
2014-12-10T19:42:19.284Z,Touch move,carrot,Table,{347, 533}
2014-12-10T19:42:19.301Z,Touch move,carrot,Table,{347, 532}
2014-12-10T19:42:19.318Z,Touch move,carrot,Table,{347, 532}
2014-12-10T19:42:19.334Z,Touch move,carrot,Table,{347, 531}
2014-12-10T19:42:19.351Z,Touch move,carrot,Table,{347, 531}
2014-12-10T19:42:19.367Z,Touch move,carrot,Table,{347, 530}
2014-12-10T19:42:19.385Z,Touch move,carrot,Table,{347, 529}
2014-12-10T19:42:19.401Z,Touch move,carrot,Table,{347, 529}
2014-12-10T19:42:19.418Z,Touch move,carrot,Table,{347, 527}
2014-12-10T19:42:19.434Z,Touch move,carrot,Table,{347, 527}
2014-12-10T19:42:19.451Z,Touch move,carrot,Table,{347, 526}
2014-12-10T19:42:19.468Z,Touch move,carrot,Table,{347, 524}
2014-12-10T19:42:19.484Z,Touch move,carrot,Table,{347, 523}
2014-12-10T19:42:19.501Z,Touch move,carrot,Table,{346, 522}
2014-12-10T19:42:19.517Z,Touch move,carrot,Table,{346, 520}
2014-12-10T19:42:19.534Z,Touch move,carrot,Table,{345, 519}
2014-12-10T19:42:19.551Z,Touch move,carrot,Table,{345, 518}
2014-12-10T19:42:19.568Z,Touch move,carrot,Table,{344, 517}
2014-12-10T19:42:19.584Z,Touch move,carrot,Table,{344, 517}
2014-12-10T19:42:19.601Z,Touch move,carrot,Table,{344, 517}
2014-12-10T19:42:19.618Z,Touch move,carrot,Table,{344, 517}
2014-12-10T19:42:19.634Z,Touch move,carrot,Table,{344, 517}
2014-12-10T19:42:19.651Z,Touch move,carrot,Table,{343, 517}
2014-12-10T19:42:19.667Z,Touch move,carrot,Table,{343, 517}
2014-12-10T19:42:19.684Z,Touch move,carrot,Table,{343, 517}
2014-12-10T19:42:19.704Z,Touch move,carrot,Table,{343, 517}
2014-12-10T19:42:19.717Z,Touch move,carrot,Table,{343, 517}
2014-12-10T19:42:19.734Z,Touch move,carrot,Table,{343, 517}
2014-12-10T19:42:19.751Z,Touch move,carrot,Table,{343, 517}
2014-12-10T19:42:19.768Z,Touch move,carrot,Table,{343, 517}
2014-12-10T19:42:19.784Z,Touch move,carrot,Table,{343, 517}
2014-12-10T19:42:19.801Z,Touch move,carrot,Table,{343, 517}
2014-12-10T19:42:19.818Z,Touch move,carrot,Table,{343, 517}
2014-12-10T19:42:19.834Z,Touch move,carrot,Table,{343, 517}
2014-12-10T19:42:19.852Z,Touch move,carrot,Table,{343, 517}
2014-12-10T19:42:19.867Z,Touch move,carrot,Table,{343, 517}
2014-12-10T19:42:19.884Z,Touch move,carrot,Table,{343, 517}
2014-12-10T19:42:19.901Z,Touch move,carrot,Table,{343, 517}
2014-12-10T19:42:19.918Z,Touch move,carrot,Table,{343, 517}
2014-12-10T19:42:19.934Z,Touch move,carrot,Table,{343, 517}
2014-12-10T19:42:19.951Z,Touch move,carrot,Table,{343, 517}
2014-12-10T19:42:19.968Z,Touch move,carrot,Table,{342, 517}
2014-12-10T19:42:19.984Z,Touch move,carrot,Table,{342, 517}
2014-12-10T19:42:20.002Z,Touch move,carrot,Table,{341, 515}
2014-12-10T19:42:20.017Z,Touch move,carrot,Table,{339, 512}
2014-12-10T19:42:20.034Z,Touch move,carrot,Table,{337, 509}
2014-12-10T19:42:20.051Z,Touch move,carrot,Table,{334, 505}
2014-12-10T19:42:20.053Z,Food swallowed,3.00 like score for carrot,Table,
2014-12-10T19:42:20.454Z,Touch end,carrot,Table,{514, 323}
2014-12-10T19:42:25.434Z,Touch start,lemon,Table,{296, 409}
2014-12-10T19:42:25.651Z,Touch start,lemon,Table,{424, 347}
2014-12-10T19:42:25.652Z,Touch move,lemon,Table,{424, 347}
2014-12-10T19:42:25.657Z,Touch move,lemon,Table,{421, 357}
2014-12-10T19:42:25.667Z,Touch move,lemon,Table,{417, 369}
2014-12-10T19:42:25.684Z,Touch move,lemon,Table,{413, 380}
2014-12-10T19:42:25.701Z,Touch move,lemon,Table,{409, 391}
2014-12-10T19:42:25.719Z,Touch move,lemon,Table,{405, 401}
2014-12-10T19:42:25.734Z,Touch move,lemon,Table,{402, 409}
2014-12-10T19:42:25.751Z,Touch move,lemon,Table,{399, 418}
2014-12-10T19:42:25.768Z,Touch move,lemon,Table,{398, 425}
2014-12-10T19:42:25.785Z,Touch move,lemon,Table,{396, 435}
2014-12-10T19:42:25.801Z,Touch move,lemon,Table,{394, 444}
2014-12-10T19:42:25.818Z,Touch move,lemon,Table,{393, 452}
2014-12-10T19:42:25.834Z,Touch move,lemon,Table,{391, 462}
2014-12-10T19:42:25.851Z,Touch move,lemon,Table,{389, 473}
2014-12-10T19:42:25.869Z,Touch move,lemon,Table,{386, 487}
2014-12-10T19:42:25.884Z,Touch move,lemon,Table,{383, 500}
2014-12-10T19:42:25.901Z,Touch move,lemon,Table,{380, 509}
2014-12-10T19:42:25.918Z,Touch move,lemon,Table,{377, 518}
2014-12-10T19:42:25.934Z,Touch move,lemon,Table,{375, 524}
2014-12-10T19:42:25.951Z,Touch move,lemon,Table,{373, 530}
2014-12-10T19:42:25.967Z,Touch move,lemon,Table,{371, 534}
2014-12-10T19:42:25.984Z,Touch move,lemon,Table,{370, 536}
2014-12-10T19:42:26.001Z,Touch move,lemon,Table,{369, 538}
2014-12-10T19:42:26.018Z,Touch move,lemon,Table,{369, 540}
2014-12-10T19:42:26.034Z,Touch move,lemon,Table,{368, 542}
2014-12-10T19:42:26.051Z,Touch move,lemon,Table,{367, 544}
2014-12-10T19:42:26.067Z,Touch move,lemon,Table,{366, 546}
2014-12-10T19:42:26.084Z,Touch move,lemon,Table,{365, 548}
2014-12-10T19:42:26.102Z,Touch move,lemon,Table,{363, 549}
2014-12-10T19:42:26.118Z,Touch move,lemon,Table,{361, 550}
2014-12-10T19:42:26.134Z,Touch move,lemon,Table,{359, 551}
2014-12-10T19:42:26.151Z,Touch move,lemon,Table,{357, 551}
2014-12-10T19:42:26.168Z,Touch move,lemon,Table,{355, 551}
2014-12-10T19:42:26.184Z,Touch move,lemon,Table,{352, 551}
2014-12-10T19:42:26.201Z,Touch move,lemon,Table,{350, 551}
2014-12-10T19:42:26.217Z,Touch move,lemon,Table,{346, 551}
2014-12-10T19:42:26.235Z,Touch move,lemon,Table,{341, 551}
2014-12-10T19:42:26.252Z,Touch move,lemon,Table,{336, 551}
2014-12-10T19:42:26.267Z,Touch move,lemon,Table,{332, 550}
2014-12-10T19:42:26.284Z,Touch move,lemon,Table,{329, 549}
2014-12-10T19:42:26.301Z,Touch move,lemon,Table,{327, 548}
2014-12-10T19:42:26.318Z,Touch move,lemon,Table,{326, 547}
2014-12-10T19:42:26.334Z,Touch move,lemon,Table,{326, 546}
2014-12-10T19:42:26.351Z,Touch move,lemon,Table,{326, 544}
2014-12-10T19:42:26.367Z,Touch move,lemon,Table,{326, 543}
2014-12-10T19:42:26.384Z,Touch move,lemon,Table,{326, 541}
2014-12-10T19:42:26.402Z,Touch move,lemon,Table,{327, 540}
2014-12-10T19:42:26.417Z,Touch move,lemon,Table,{328, 538}
2014-12-10T19:42:26.434Z,Touch move,lemon,Table,{329, 536}
2014-12-10T19:42:26.451Z,Touch move,lemon,Table,{331, 535}
2014-12-10T19:42:26.468Z,Touch move,lemon,Table,{332, 533}
2014-12-10T19:42:26.484Z,Touch move,lemon,Table,{333, 532}
2014-12-10T19:42:26.501Z,Touch move,lemon,Table,{334, 531}
2014-12-10T19:42:26.517Z,Touch move,lemon,Table,{334, 531}
2014-12-10T19:42:26.534Z,Touch move,lemon,Table,{334, 530}
2014-12-10T19:42:26.553Z,Touch move,lemon,Table,{334, 530}
2014-12-10T19:42:26.567Z,Touch move,lemon,Table,{334, 530}
2014-12-10T19:42:26.584Z,Touch move,lemon,Table,{334, 530}
2014-12-10T19:42:26.601Z,Touch move,lemon,Table,{334, 530}
2014-12-10T19:42:26.617Z,Touch move,lemon,Table,{334, 530}
2014-12-10T19:42:26.635Z,Touch move,lemon,Table,{334, 530}
2014-12-10T19:42:26.651Z,Touch move,lemon,Table,{334, 530}
2014-12-10T19:42:26.667Z,Touch move,lemon,Table,{334, 530}
2014-12-10T19:42:26.684Z,Touch move,lemon,Table,{334, 530}
2014-12-10T19:42:26.702Z,Touch move,lemon,Table,{334, 530}
2014-12-10T19:42:26.717Z,Touch move,lemon,Table,{335, 529}
2014-12-10T19:42:26.734Z,Touch move,lemon,Table,{335, 529}
2014-12-10T19:42:26.751Z,Touch move,lemon,Table,{336, 529}
2014-12-10T19:42:26.767Z,Touch move,lemon,Table,{337, 529}
2014-12-10T19:42:26.785Z,Touch move,lemon,Table,{337, 529}
2014-12-10T19:42:26.801Z,Touch move,lemon,Table,{337, 529}
2014-12-10T19:42:26.817Z,Touch move,lemon,Table,{337, 529}
2014-12-10T19:42:26.834Z,Touch move,lemon,Table,{337, 529}
2014-12-10T19:42:26.851Z,Touch move,lemon,Table,{337, 529}
2014-12-10T19:42:26.867Z,Touch move,lemon,Table,{337, 529}
2014-12-10T19:42:26.884Z,Touch move,lemon,Table,{337, 529}
2014-12-10T19:42:26.901Z,Touch move,lemon,Table,{337, 529}
2014-12-10T19:42:26.918Z,Touch move,lemon,Table,{337, 529}
2014-12-10T19:42:26.935Z,Touch move,lemon,Table,{337, 529}
2014-12-10T19:42:26.951Z,Touch move,lemon,Table,{337, 529}
2014-12-10T19:42:26.967Z,Touch move,lemon,Table,{337, 529}
2014-12-10T19:42:26.984Z,Touch move,lemon,Table,{337, 529}
2014-12-10T19:42:27.001Z,Touch move,lemon,Table,{338, 528}
2014-12-10T19:42:27.017Z,Touch move,lemon,Table,{339, 528}
2014-12-10T19:42:27.034Z,Touch move,lemon,Table,{341, 527}
2014-12-10T19:42:27.051Z,Touch move,lemon,Table,{343, 526}
2014-12-10T19:42:27.067Z,Touch move,lemon,Table,{344, 523}
2014-12-10T19:42:27.086Z,Touch move,lemon,Table,{346, 520}
2014-12-10T19:42:27.101Z,Touch move,lemon,Table,{348, 515}
2014-12-10T19:42:27.117Z,Touch move,lemon,Table,{350, 507}
2014-12-10T19:42:27.134Z,Touch move,lemon,Table,{352, 498}
2014-12-10T19:42:27.150Z,Touch move,lemon,Table,{353, 488}
2014-12-10T19:42:27.152Z,Food swallowed,2.00 like score for lemon,Table,
2014-12-10T19:42:29.186Z,Touch start,static,Table,{320, 521}
2014-12-10T19:42:29.233Z,Touch move,static,Table,{318, 526}
2014-12-10T19:42:29.249Z,Touch move,static,Table,{318, 536}
2014-12-10T19:42:29.266Z,Touch move,static,Table,{317, 550}
2014-12-10T19:42:29.283Z,Touch move,static,Table,{313, 566}
2014-12-10T19:42:29.299Z,Touch move,static,Table,{308, 587}
2014-12-10T19:42:29.316Z,Touch move,static,Table,{303, 605}
2014-12-10T19:42:29.332Z,Touch move,static,Table,{298, 623}
2014-12-10T19:42:29.348Z,Touch move,static,Table,{292, 640}
2014-12-10T19:42:29.366Z,Touch move,static,Table,{288, 652}
2014-12-10T19:42:29.382Z,Touch move,static,Table,{283, 667}
2014-12-10T19:42:29.399Z,Touch move,static,Table,{277, 679}
2014-12-10T19:42:29.416Z,Touch move,static,Table,{272, 690}
2014-12-10T19:42:29.432Z,Touch move,static,Table,{267, 702}
2014-12-10T19:42:29.449Z,Touch move,static,Table,{263, 712}
2014-12-10T19:42:29.466Z,Touch move,static,Table,{259, 725}
2014-12-10T19:42:29.482Z,Touch move,static,Table,{256, 737}
2014-12-10T19:42:29.497Z,Touch move,static,Table,{252, 752}
2014-12-10T19:42:29.516Z,Touch move,static,Table,{247, 771}
2014-12-10T19:42:29.531Z,Touch move,static,Table,{241, 791}
2014-12-10T19:42:29.548Z,Touch move,static,Table,{234, 812}
2014-12-10T19:42:29.565Z,Touch move,static,Table,{227, 840}
2014-12-10T19:42:29.581Z,Touch move,static,Table,{216, 872}
2014-12-10T19:42:29.598Z,Touch end,static,Table,{200, 919}
2014-12-10T19:42:31.275Z,Food disliked,2.00 like score for lemon,Table,
2014-12-10T19:42:35.055Z,Touch start,broccoli,Table,{118, 408}
2014-12-10T19:42:35.545Z,Touch start,broccoli,Table,{436, 199}
2014-12-10T19:42:35.545Z,Touch move,broccoli,Table,{436, 199}
2014-12-10T19:42:35.551Z,Touch move,broccoli,Table,{436, 207}
2014-12-10T19:42:35.567Z,Touch move,broccoli,Table,{436, 214}
2014-12-10T19:42:35.584Z,Touch move,broccoli,Table,{436, 223}
2014-12-10T19:42:35.601Z,Touch move,broccoli,Table,{436, 232}
2014-12-10T19:42:35.618Z,Touch move,broccoli,Table,{436, 242}
2014-12-10T19:42:35.634Z,Touch move,broccoli,Table,{436, 250}
2014-12-10T19:42:35.651Z,Touch move,broccoli,Table,{436, 260}
2014-12-10T19:42:35.667Z,Touch move,broccoli,Table,{436, 266}
2014-12-10T19:42:35.684Z,Touch move,broccoli,Table,{436, 275}
2014-12-10T19:42:35.703Z,Touch move,broccoli,Table,{436, 283}
2014-12-10T19:42:35.717Z,Touch move,broccoli,Table,{435, 293}
2014-12-10T19:42:35.734Z,Touch move,broccoli,Table,{435, 302}
2014-12-10T19:42:35.751Z,Touch move,broccoli,Table,{435, 313}
2014-12-10T19:42:35.768Z,Touch move,broccoli,Table,{433, 324}
2014-12-10T19:42:35.784Z,Touch move,broccoli,Table,{433, 332}
2014-12-10T19:42:35.801Z,Touch move,broccoli,Table,{431, 346}
2014-12-10T19:42:35.818Z,Touch move,broccoli,Table,{430, 356}
2014-12-10T19:42:35.834Z,Touch move,broccoli,Table,{428, 364}
2014-12-10T19:42:35.852Z,Touch move,broccoli,Table,{426, 374}
2014-12-10T19:42:35.868Z,Touch move,broccoli,Table,{424, 380}
2014-12-10T19:42:35.884Z,Touch move,broccoli,Table,{421, 387}
2014-12-10T19:42:35.901Z,Touch move,broccoli,Table,{419, 395}
2014-12-10T19:42:35.918Z,Touch move,broccoli,Table,{415, 402}
2014-12-10T19:42:35.934Z,Touch move,broccoli,Table,{411, 411}
2014-12-10T19:42:35.951Z,Touch move,broccoli,Table,{405, 422}
2014-12-10T19:42:35.968Z,Touch move,broccoli,Table,{402, 430}
2014-12-10T19:42:35.984Z,Touch move,broccoli,Table,{398, 442}
2014-12-10T19:42:36.002Z,Touch move,broccoli,Table,{395, 452}
2014-12-10T19:42:36.017Z,Touch move,broccoli,Table,{392, 461}
2014-12-10T19:42:36.034Z,Touch move,broccoli,Table,{388, 467}
2014-12-10T19:42:36.051Z,Touch move,broccoli,Table,{385, 473}
2014-12-10T19:42:36.068Z,Touch move,broccoli,Table,{383, 476}
2014-12-10T19:42:36.084Z,Touch move,broccoli,Table,{379, 478}
2014-12-10T19:42:36.101Z,Touch move,broccoli,Table,{377, 480}
2014-12-10T19:42:36.117Z,Touch move,broccoli,Table,{373, 482}
2014-12-10T19:42:36.134Z,Touch move,broccoli,Table,{367, 483}
2014-12-10T19:42:36.153Z,Touch move,broccoli,Table,{361, 485}
2014-12-10T19:42:36.167Z,Touch move,broccoli,Table,{354, 487}
2014-12-10T19:42:36.185Z,Touch move,broccoli,Table,{348, 490}
2014-12-10T19:42:36.201Z,Touch move,broccoli,Table,{341, 493}
2014-12-10T19:42:36.217Z,Touch move,broccoli,Table,{337, 495}
2014-12-10T19:42:36.236Z,Touch move,broccoli,Table,{332, 497}
2014-12-10T19:42:36.251Z,Touch move,broccoli,Table,{328, 500}
2014-12-10T19:42:36.267Z,Touch move,broccoli,Table,{325, 502}
2014-12-10T19:42:36.284Z,Touch move,broccoli,Table,{324, 504}
2014-12-10T19:42:36.302Z,Touch move,broccoli,Table,{323, 505}
2014-12-10T19:42:36.317Z,Touch move,broccoli,Table,{323, 506}
2014-12-10T19:42:36.334Z,Touch move,broccoli,Table,{323, 507}
2014-12-10T19:42:36.351Z,Touch move,broccoli,Table,{323, 507}
2014-12-10T19:42:36.367Z,Touch move,broccoli,Table,{323, 507}
2014-12-10T19:42:36.385Z,Touch move,broccoli,Table,{324, 507}
2014-12-10T19:42:36.401Z,Touch move,broccoli,Table,{324, 507}
2014-12-10T19:42:36.417Z,Touch move,broccoli,Table,{325, 507}
2014-12-10T19:42:36.434Z,Touch move,broccoli,Table,{325, 507}
2014-12-10T19:42:36.451Z,Touch move,broccoli,Table,{326, 507}
2014-12-10T19:42:36.468Z,Touch move,broccoli,Table,{326, 507}
2014-12-10T19:42:36.484Z,Touch move,broccoli,Table,{326, 507}
2014-12-10T19:42:36.501Z,Touch move,broccoli,Table,{326, 507}
2014-12-10T19:42:36.517Z,Touch move,broccoli,Table,{327, 507}
2014-12-10T19:42:36.536Z,Touch move,broccoli,Table,{328, 506}
2014-12-10T19:42:36.551Z,Touch move,broccoli,Table,{337, 506}
2014-12-10T19:42:36.556Z,Touch end,broccoli,Table,{508, 308}
2014-12-10T19:42:36.557Z,Touch end,broccoli,Table,{339, 506}
2014-12-10T19:42:37.077Z,Food spitted out,0.00 like score for broccoli,Table,
2014-12-10T19:42:38.107Z,Touch start,static,Table,{200, 448}
2014-12-10T19:42:38.155Z,Touch move,static,Table,{200, 456}
2014-12-10T19:42:38.171Z,Touch move,static,Table,{200, 468}
2014-12-10T19:42:38.188Z,Touch move,static,Table,{200, 490}
2014-12-10T19:42:38.203Z,Touch move,static,Table,{200, 513}
2014-12-10T19:42:38.223Z,Touch move,static,Table,{200, 532}
2014-12-10T19:42:38.238Z,Touch move,static,Table,{201, 551}
2014-12-10T19:42:38.255Z,Touch move,static,Table,{202, 568}
2014-12-10T19:42:38.271Z,Touch move,static,Table,{203, 584}
2014-12-10T19:42:38.288Z,Touch move,static,Table,{204, 598}
2014-12-10T19:42:38.305Z,Touch move,static,Table,{204, 613}
2014-12-10T19:42:38.322Z,Touch move,static,Table,{205, 629}
2014-12-10T19:42:38.339Z,Touch move,static,Table,{205, 644}
2014-12-10T19:42:38.353Z,Touch move,static,Table,{206, 661}
2014-12-10T19:42:38.373Z,Touch move,static,Table,{206, 678}
2014-12-10T19:42:38.389Z,Touch move,static,Table,{206, 695}
2014-12-10T19:42:38.405Z,Touch move,static,Table,{206, 715}
2014-12-10T19:42:38.422Z,Touch move,static,Table,{206, 735}
2014-12-10T19:42:38.438Z,Touch move,static,Table,{206, 759}
2014-12-10T19:42:38.455Z,Touch move,static,Table,{206, 777}
2014-12-10T19:42:38.472Z,Touch move,static,Table,{206, 801}
2014-12-10T19:42:38.489Z,Touch move,static,Table,{206, 822}
2014-12-10T19:42:38.503Z,Touch move,static,Table,{206, 843}
2014-12-10T19:42:38.523Z,Touch move,static,Table,{205, 866}
2014-12-10T19:42:38.539Z,Touch move,static,Table,{202, 888}
2014-12-10T19:42:38.556Z,Touch move,static,Table,{196, 911}
2014-12-10T19:42:38.573Z,Touch move,static,Table,{189, 931}
2014-12-10T19:42:38.587Z,Touch end,static,Table,{176, 949}
2014-12-10T19:42:43.122Z,Touch start,tomato,Table,{296, 548}
2014-12-10T19:42:43.380Z,Touch start,tomato,Table,{503, 327}
2014-12-10T19:42:43.380Z,Touch move,tomato,Table,{503, 327}
2014-12-10T19:42:43.385Z,Touch move,tomato,Table,{498, 334}
2014-12-10T19:42:43.401Z,Touch move,tomato,Table,{495, 341}
2014-12-10T19:42:43.418Z,Touch move,tomato,Table,{489, 348}
2014-12-10T19:42:43.435Z,Touch move,tomato,Table,{484, 354}
2014-12-10T19:42:43.451Z,Touch move,tomato,Table,{478, 360}
2014-12-10T19:42:43.470Z,Touch move,tomato,Table,{472, 366}
2014-12-10T19:42:43.484Z,Touch move,tomato,Table,{466, 372}
2014-12-10T19:42:43.501Z,Touch move,tomato,Table,{460, 379}
2014-12-10T19:42:43.518Z,Touch move,tomato,Table,{452, 387}
2014-12-10T19:42:43.534Z,Touch move,tomato,Table,{443, 395}
2014-12-10T19:42:43.551Z,Touch move,tomato,Table,{434, 402}
2014-12-10T19:42:43.568Z,Touch move,tomato,Table,{424, 411}
2014-12-10T19:42:43.584Z,Touch move,tomato,Table,{411, 423}
2014-12-10T19:42:43.601Z,Touch move,tomato,Table,{400, 432}
2014-12-10T19:42:43.619Z,Touch move,tomato,Table,{390, 442}
2014-12-10T19:42:43.634Z,Touch move,tomato,Table,{381, 450}
2014-12-10T19:42:43.651Z,Touch move,tomato,Table,{374, 455}
2014-12-10T19:42:43.668Z,Touch move,tomato,Table,{368, 462}
2014-12-10T19:42:43.684Z,Touch move,tomato,Table,{361, 468}
2014-12-10T19:42:43.702Z,Touch move,tomato,Table,{356, 475}
2014-12-10T19:42:43.718Z,Touch move,tomato,Table,{352, 482}
2014-12-10T19:42:43.734Z,Touch move,tomato,Table,{348, 487}
2014-12-10T19:42:43.751Z,Touch move,tomato,Table,{345, 494}
2014-12-10T19:42:43.769Z,Touch move,tomato,Table,{343, 498}
2014-12-10T19:42:43.784Z,Touch move,tomato,Table,{342, 502}
2014-12-10T19:42:43.801Z,Touch move,tomato,Table,{341, 504}
2014-12-10T19:42:43.818Z,Touch move,tomato,Table,{341, 505}
2014-12-10T19:42:43.834Z,Touch move,tomato,Table,{341, 506}
2014-12-10T19:42:43.852Z,Touch move,tomato,Table,{341, 506}
2014-12-10T19:42:43.867Z,Touch move,tomato,Table,{341, 506}
2014-12-10T19:42:43.885Z,Touch move,tomato,Table,{341, 506}
2014-12-10T19:42:43.901Z,Touch move,tomato,Table,{340, 506}
2014-12-10T19:42:43.918Z,Touch move,tomato,Table,{340, 506}
2014-12-10T19:42:43.934Z,Touch move,tomato,Table,{340, 506}
2014-12-10T19:42:43.951Z,Touch move,tomato,Table,{340, 506}
2014-12-10T19:42:43.968Z,Touch move,tomato,Table,{339, 506}
2014-12-10T19:42:43.984Z,Touch move,tomato,Table,{339, 506}
2014-12-10T19:42:44.002Z,Touch move,tomato,Table,{338, 507}
2014-12-10T19:42:44.017Z,Touch move,tomato,Table,{338, 510}
2014-12-10T19:42:44.028Z,Touch end,tomato,Table,{527, 345}
2014-12-10T19:42:44.029Z,Touch end,tomato,Table,{336, 512}
2014-12-10T19:42:44.031Z,Food swallowed,4.00 like score for tomato,Table,
2014-12-10T19:42:49.514Z,Touch start,mushroom,Table,{118, 540}
2014-12-10T19:42:50.028Z,Touch start,mushroom,Table,{528, 143}
2014-12-10T19:42:50.029Z,Touch move,mushroom,Table,{528, 143}
2014-12-10T19:42:50.034Z,Touch move,mushroom,Table,{526, 156}
2014-12-10T19:42:50.051Z,Touch move,mushroom,Table,{522, 171}
2014-12-10T19:42:50.068Z,Touch move,mushroom,Table,{520, 181}
2014-12-10T19:42:50.084Z,Touch move,mushroom,Table,{518, 188}
2014-12-10T19:42:50.102Z,Touch move,mushroom,Table,{517, 193}
2014-12-10T19:42:50.117Z,Touch move,mushroom,Table,{515, 199}
2014-12-10T19:42:50.134Z,Touch move,mushroom,Table,{513, 204}
2014-12-10T19:42:50.151Z,Touch move,mushroom,Table,{511, 214}
2014-12-10T19:42:50.169Z,Touch move,mushroom,Table,{507, 223}
2014-12-10T19:42:50.184Z,Touch move,mushroom,Table,{503, 236}
2014-12-10T19:42:50.201Z,Touch move,mushroom,Table,{497, 254}
2014-12-10T19:42:50.218Z,Touch move,mushroom,Table,{494, 264}
2014-12-10T19:42:50.234Z,Touch move,mushroom,Table,{489, 272}
2014-12-10T19:42:50.252Z,Touch move,mushroom,Table,{487, 279}
2014-12-10T19:42:50.267Z,Touch move,mushroom,Table,{485, 283}
2014-12-10T19:42:50.284Z,Touch move,mushroom,Table,{483, 289}
2014-12-10T19:42:50.301Z,Touch move,mushroom,Table,{480, 295}
2014-12-10T19:42:50.318Z,Touch move,mushroom,Table,{475, 306}
2014-12-10T19:42:50.334Z,Touch move,mushroom,Table,{467, 322}
2014-12-10T19:42:50.351Z,Touch move,mushroom,Table,{458, 337}
2014-12-10T19:42:50.367Z,Touch move,mushroom,Table,{452, 348}
2014-12-10T19:42:50.384Z,Touch move,mushroom,Table,{446, 354}
2014-12-10T19:42:50.403Z,Touch move,mushroom,Table,{442, 360}
2014-12-10T19:42:50.417Z,Touch move,mushroom,Table,{437, 366}
2014-12-10T19:42:50.434Z,Touch move,mushroom,Table,{432, 370}
2014-12-10T19:42:50.451Z,Touch move,mushroom,Table,{425, 376}
2014-12-10T19:42:50.468Z,Touch move,mushroom,Table,{413, 389}
2014-12-10T19:42:50.484Z,Touch move,mushroom,Table,{392, 407}
2014-12-10T19:42:50.501Z,Touch move,mushroom,Table,{366, 427}
2014-12-10T19:42:50.518Z,Touch move,mushroom,Table,{343, 446}
2014-12-10T19:42:50.535Z,Touch move,mushroom,Table,{330, 456}
2014-12-10T19:42:50.553Z,Touch move,mushroom,Table,{319, 463}
2014-12-10T19:42:50.567Z,Touch move,mushroom,Table,{313, 466}
2014-12-10T19:42:50.584Z,Touch move,mushroom,Table,{310, 467}
2014-12-10T19:42:50.601Z,Touch move,mushroom,Table,{308, 468}
2014-12-10T19:42:50.617Z,Touch move,mushroom,Table,{307, 468}
2014-12-10T19:42:50.636Z,Touch move,mushroom,Table,{304, 468}
2014-12-10T19:42:50.651Z,Touch move,mushroom,Table,{298, 469}
2014-12-10T19:42:50.668Z,Touch move,mushroom,Table,{291, 473}
2014-12-10T19:42:50.685Z,Touch move,mushroom,Table,{288, 477}
2014-12-10T19:42:50.703Z,Touch move,mushroom,Table,{286, 481}
2014-12-10T19:42:50.718Z,Touch move,mushroom,Table,{285, 484}
2014-12-10T19:42:50.735Z,Touch move,mushroom,Table,{285, 487}
2014-12-10T19:42:50.752Z,Touch move,mushroom,Table,{286, 490}
2014-12-10T19:42:50.768Z,Touch move,mushroom,Table,{291, 493}
2014-12-10T19:42:50.787Z,Touch move,mushroom,Table,{296, 497}
2014-12-10T19:42:50.801Z,Touch move,mushroom,Table,{302, 500}
2014-12-10T19:42:50.818Z,Touch move,mushroom,Table,{306, 502}
2014-12-10T19:42:50.835Z,Touch move,mushroom,Table,{308, 503}
2014-12-10T19:42:50.852Z,Touch move,mushroom,Table,{310, 504}
2014-12-10T19:42:50.868Z,Touch move,mushroom,Table,{311, 504}
2014-12-10T19:42:50.884Z,Touch move,mushroom,Table,{312, 504}
2014-12-10T19:42:50.901Z,Touch move,mushroom,Table,{312, 504}
2014-12-10T19:42:50.918Z,Touch move,mushroom,Table,{312, 504}
2014-12-10T19:42:50.936Z,Touch move,mushroom,Table,{312, 504}
2014-12-10T19:42:50.951Z,Touch move,mushroom,Table,{313, 503}
2014-12-10T19:42:50.968Z,Touch move,mushroom,Table,{314, 502}
2014-12-10T19:42:50.972Z,Touch end,mushroom,Table,{540, 331}
2014-12-10T19:42:50.972Z,Touch end,mushroom,Table,{316, 500}
2014-12-10T19:42:50.974Z,Food swallowed,3.00 like score for mushroom,Table,
2014-12-10T19:42:59.330Z,Touch move,static,Table,{168, 295}
2014-12-10T19:42:59.345Z,Touch move,static,Table,{177, 313}
2014-12-10T19:42:59.362Z,Touch move,static,Table,{189, 336}
2014-12-10T19:42:59.378Z,Touch move,static,Table,{199, 362}
2014-12-10T19:42:59.395Z,Touch move,static,Table,{210, 391}
2014-12-10T19:42:59.411Z,Touch move,static,Table,{222, 418}
2014-12-10T19:42:59.428Z,Touch move,static,Table,{232, 445}
2014-12-10T19:42:59.445Z,Touch move,static,Table,{241, 465}
2014-12-10T19:42:59.461Z,Touch move,static,Table,{250, 485}
2014-12-10T19:42:59.488Z,Touch start,monster,Table,{250, 485}
2014-12-10T19:42:59.489Z,Touch move,monster,Table,{250, 485}
2014-12-10T19:42:59.494Z,Touch move,static,Table,{258, 503}
2014-12-10T19:42:59.494Z,Touch move,monster,Table,{258, 503}
2014-12-10T19:42:59.497Z,Touch move,static,Table,{263, 517}
2014-12-10T19:42:59.501Z,Touch move,monster,Table,{263, 517}
2014-12-10T19:42:59.512Z,Touch move,static,Table,{268, 532}
2014-12-10T19:42:59.518Z,Touch move,monster,Table,{268, 532}
2014-12-10T19:42:59.528Z,Touch move,static,Table,{273, 543}
2014-12-10T19:42:59.534Z,Touch move,monster,Table,{273, 543}
2014-12-10T19:42:59.544Z,Touch move,static,Table,{278, 552}
2014-12-10T19:42:59.551Z,Touch move,monster,Table,{278, 552}
2014-12-10T19:42:59.561Z,Touch move,static,Table,{283, 563}
2014-12-10T19:42:59.568Z,Touch move,monster,Table,{283, 563}
2014-12-10T19:42:59.577Z,Touch move,static,Table,{287, 573}
2014-12-10T19:42:59.584Z,Touch move,monster,Table,{287, 573}
2014-12-10T19:42:59.594Z,Touch move,static,Table,{291, 581}
2014-12-10T19:42:59.601Z,Touch move,monster,Table,{291, 581}
2014-12-10T19:42:59.610Z,Touch move,static,Table,{293, 587}
2014-12-10T19:42:59.618Z,Touch move,monster,Table,{293, 587}
2014-12-10T19:42:59.627Z,Touch move,static,Table,{296, 592}
2014-12-10T19:42:59.635Z,Touch move,monster,Table,{296, 592}
2014-12-10T19:42:59.644Z,Touch move,static,Table,{299, 596}
2014-12-10T19:42:59.651Z,Touch move,monster,Table,{299, 596}
2014-12-10T19:42:59.661Z,Touch move,static,Table,{300, 598}
2014-12-10T19:42:59.668Z,Touch move,monster,Table,{300, 598}
2014-12-10T19:42:59.677Z,Touch move,static,Table,{301, 599}
2014-12-10T19:42:59.684Z,Touch move,monster,Table,{301, 599}
2014-12-10T19:42:59.693Z,Touch move,static,Table,{302, 599}
2014-12-10T19:42:59.702Z,Touch move,monster,Table,{302, 599}
2014-12-10T19:42:59.710Z,Touch move,static,Table,{303, 599}
2014-12-10T19:42:59.718Z,Touch move,monster,Table,{303, 599}
2014-12-10T19:42:59.734Z,Touch move,monster,Table,{303, 599}
2014-12-10T19:42:59.743Z,Touch move,static,Table,{303, 598}
2014-12-10T19:42:59.751Z,Touch move,monster,Table,{303, 598}
2014-12-10T19:42:59.768Z,Touch move,monster,Table,{303, 598}
2014-12-10T19:42:59.777Z,Touch move,static,Table,{302, 597}
2014-12-10T19:42:59.784Z,Touch move,monster,Table,{302, 597}
2014-12-10T19:42:59.793Z,Touch end,monster,Table,{300, 595}
2014-12-10T19:42:59.795Z,Food swallowed,4.00 like score for monster,Table,
2014-12-10T19:43:16.917Z,Character Selected,monster1,,
2014-12-10T19:43:23.513Z,Touch start,monsterfood,Table,{296, 153}
2014-12-10T19:43:23.809Z,Touch start,monster,Table,{259, 465}
2014-12-10T19:43:23.810Z,Touch move,monster,Table,{259, 465}
2014-12-10T19:43:23.815Z,Touch move,monster,Table,{265, 483}
2014-12-10T19:43:23.819Z,Touch move,monster,Table,{269, 496}
2014-12-10T19:43:23.837Z,Touch move,monster,Table,{269, 496}
2014-12-10T19:43:23.855Z,Touch move,monster,Table,{283, 522}
2014-12-10T19:43:23.870Z,Touch move,monster,Table,{283, 522}
2014-12-10T19:43:23.886Z,Touch move,monster,Table,{283, 522}
2014-12-10T19:43:23.905Z,Touch move,monster,Table,{291, 533}
2014-12-10T19:43:23.919Z,Touch move,monster,Table,{291, 533}
2014-12-10T19:43:23.937Z,Touch move,monster,Table,{291, 533}
2014-12-10T19:43:23.955Z,Touch move,monster,Table,{304, 550}
2014-12-10T19:43:23.971Z,Touch move,monster,Table,{311, 563}
2014-12-10T19:43:23.988Z,Touch move,monster,Table,{320, 583}
2014-12-10T19:43:24.004Z,Touch end,monsterfood,Table,{564.64453, 303}
2014-12-10T19:43:24.005Z,Touch end,monster,Table,{330, 598}
2014-12-10T19:43:24.006Z,Food swallowed,4.00 like score for monster,Table,
2014-12-10T19:43:24.105Z,Touch start,static,Table,{340, 596}
2014-12-10T19:43:24.253Z,Touch end,static,Table,{338, 591}
2014-12-10T19:43:29.070Z,Touch start,meat,Table,{118, 136}
2014-12-10T19:43:29.341Z,Touch start,meat,Table,{257, 335}
2014-12-10T19:43:29.341Z,Touch move,meat,Table,{257, 335}
2014-12-10T19:43:29.346Z,Touch move,meat,Table,{259, 344}
2014-12-10T19:43:29.355Z,Touch move,meat,Table,{260, 351}
2014-12-10T19:43:29.371Z,Touch move,meat,Table,{261, 355}
2014-12-10T19:43:29.388Z,Touch move,meat,Table,{262, 358}
2014-12-10T19:43:29.403Z,Touch move,meat,Table,{262, 360}
2014-12-10T19:43:29.421Z,Touch move,meat,Table,{262, 361}
2014-12-10T19:43:29.437Z,Touch move,meat,Table,{262, 362}
2014-12-10T19:43:29.454Z,Touch move,meat,Table,{263, 364}
2014-12-10T19:43:29.471Z,Touch move,meat,Table,{264, 367}
2014-12-10T19:43:29.487Z,Touch move,meat,Table,{265, 372}
2014-12-10T19:43:29.505Z,Touch move,meat,Table,{266, 380}
2014-12-10T19:43:29.520Z,Touch move,meat,Table,{269, 389}
2014-12-10T19:43:29.537Z,Touch move,meat,Table,{272, 399}
2014-12-10T19:43:29.554Z,Touch move,meat,Table,{275, 408}
2014-12-10T19:43:29.571Z,Touch move,meat,Table,{279, 419}
2014-12-10T19:43:29.587Z,Touch move,meat,Table,{283, 429}
2014-12-10T19:43:29.604Z,Touch move,meat,Table,{287, 441}
2014-12-10T19:43:29.620Z,Touch move,meat,Table,{291, 450}
2014-12-10T19:43:29.637Z,Touch move,meat,Table,{295, 458}
2014-12-10T19:43:29.654Z,Touch move,meat,Table,{299, 465}
2014-12-10T19:43:29.670Z,Touch move,meat,Table,{304, 470}
2014-12-10T19:43:29.687Z,Touch move,meat,Table,{309, 475}
2014-12-10T19:43:29.703Z,Touch move,meat,Table,{315, 481}
2014-12-10T19:43:29.721Z,Touch move,meat,Table,{320, 485}
2014-12-10T19:43:29.737Z,Touch move,meat,Table,{326, 489}
2014-12-10T19:43:29.754Z,Touch move,meat,Table,{332, 493}
2014-12-10T19:43:29.770Z,Touch move,meat,Table,{337, 497}
2014-12-10T19:43:29.786Z,Touch move,meat,Table,{343, 502}
2014-12-10T19:43:29.804Z,Touch move,meat,Table,{349, 506}
2014-12-10T19:43:29.820Z,Touch move,meat,Table,{355, 512}
2014-12-10T19:43:29.836Z,Touch move,meat,Table,{361, 516}
2014-12-10T19:43:29.853Z,Touch move,meat,Table,{363, 517}
2014-12-10T19:43:29.870Z,Touch move,meat,Table,{367, 518}
2014-12-10T19:43:29.887Z,Touch move,meat,Table,{369, 518}
2014-12-10T19:43:29.903Z,Touch move,meat,Table,{370, 518}
2014-12-10T19:43:29.920Z,Touch move,meat,Table,{371, 517}
2014-12-10T19:43:29.935Z,Touch move,meat,Table,{371, 515}
2014-12-10T19:43:29.953Z,Touch move,meat,Table,{371, 514}
2014-12-10T19:43:29.969Z,Touch move,meat,Table,{371, 514}
2014-12-10T19:43:29.985Z,Touch move,meat,Table,{371, 514}
2014-12-10T19:43:30.003Z,Touch move,meat,Table,{371, 514}
2014-12-10T19:43:30.019Z,Touch move,meat,Table,{371, 514}
2014-12-10T19:43:30.036Z,Touch move,meat,Table,{371, 514}
2014-12-10T19:43:30.052Z,Touch move,meat,Table,{371, 514}
2014-12-10T19:43:30.069Z,Touch move,meat,Table,{371, 514}
2014-12-10T19:43:30.086Z,Touch move,meat,Table,{371, 514}
2014-12-10T19:43:30.103Z,Touch move,meat,Table,{371, 514}
2014-12-10T19:43:30.119Z,Touch move,meat,Table,{371, 514}
2014-12-10T19:43:30.136Z,Touch move,meat,Table,{370, 514}
2014-12-10T19:43:30.153Z,Touch move,meat,Table,{370, 514}
2014-12-10T19:43:30.169Z,Touch move,meat,Table,{370, 514}
2014-12-10T19:43:30.186Z,Touch end,meat,Table,{516, 363}
2014-12-10T19:43:30.188Z,Touch end,meat,Table,{369, 514}
2014-12-10T19:43:30.709Z,Food spitted out,1.00 like score for meat,Table,
2014-12-10T19:43:31.822Z,Touch start,meat,Table,{202, 554}
2014-12-10T19:43:31.836Z,Touch move,meat,Table,{206, 559}
2014-12-10T19:43:31.852Z,Touch move,meat,Table,{206, 568}
2014-12-10T19:43:31.887Z,Touch move,meat,Table,{207, 584}
2014-12-10T19:43:31.888Z,Touch move,meat,Table,{208, 603}
2014-12-10T19:43:31.903Z,Touch move,meat,Table,{208, 630}
2014-12-10T19:43:31.920Z,Touch move,meat,Table,{208, 654}
2014-12-10T19:43:31.936Z,Touch move,meat,Table,{209, 678}
2014-12-10T19:43:31.953Z,Touch move,meat,Table,{209, 702}
2014-12-10T19:43:31.970Z,Touch move,meat,Table,{209, 724}
2014-12-10T19:43:31.987Z,Touch move,meat,Table,{209, 742}
2014-12-10T19:43:32.003Z,Touch move,meat,Table,{209, 760}
2014-12-10T19:43:32.019Z,Touch move,meat,Table,{208, 776}
2014-12-10T19:43:32.036Z,Touch move,meat,Table,{206, 788}
2014-12-10T19:43:32.053Z,Touch move,meat,Table,{204, 800}
2014-12-10T19:43:32.070Z,Touch move,meat,Table,{202, 811}
2014-12-10T19:43:32.087Z,Touch move,meat,Table,{201, 819}
2014-12-10T19:43:32.103Z,Touch move,meat,Table,{200, 827}
2014-12-10T19:43:32.119Z,Touch move,meat,Table,{199, 833}
2014-12-10T19:43:32.136Z,Touch move,meat,Table,{196, 839}
2014-12-10T19:43:32.153Z,Touch move,meat,Table,{195, 842}
2014-12-10T19:43:32.172Z,Touch move,meat,Table,{195, 844}
2014-12-10T19:43:32.186Z,Touch move,meat,Table,{194, 846}
2014-12-10T19:43:32.236Z,Touch move,meat,Table,{192, 846}
2014-12-10T19:43:32.253Z,Touch end,meat,Table,{190, 841}
2014-12-10T19:43:35.487Z,Scene Change,,Frying,
2014-12-10T19:43:35.487Z,Touch,Frying Pan Button,Frying,{915.30005, 392.5}
2014-12-10T19:43:35.907Z,Frying start,meat,Frying,
2014-12-10T19:43:46.808Z,Frying end,meat fried 100.00% burned 0.00% hot,Frying,
2014-12-10T19:43:46.811Z,Scene Change,,Table,
2014-12-10T19:43:48.740Z,Touch start,meat,Table,{210, 568}
2014-12-10T19:43:48.838Z,Touch move,meat,Table,{217, 565}
2014-12-10T19:43:48.856Z,Touch move,meat,Table,{218, 565}
2014-12-10T19:43:48.872Z,Touch move,meat,Table,{220, 565}
2014-12-10T19:43:48.888Z,Touch move,meat,Table,{222, 565}
2014-12-10T19:43:48.905Z,Touch move,meat,Table,{223, 565}
2014-12-10T19:43:48.923Z,Touch move,meat,Table,{225, 565}
2014-12-10T19:43:48.939Z,Touch move,meat,Table,{226, 565}
2014-12-10T19:43:48.955Z,Touch move,meat,Table,{227, 565}
2014-12-10T19:43:48.972Z,Touch move,meat,Table,{228, 565}
2014-12-10T19:43:48.988Z,Touch move,meat,Table,{230, 565}
2014-12-10T19:43:49.006Z,Touch move,meat,Table,{231, 565}
2014-12-10T19:43:49.022Z,Touch move,meat,Table,{232, 565}
2014-12-10T19:43:49.039Z,Touch move,meat,Table,{233, 565}
2014-12-10T19:43:49.056Z,Touch move,meat,Table,{234, 565}
2014-12-10T19:43:49.072Z,Touch move,meat,Table,{236, 565}
2014-12-10T19:43:49.089Z,Touch move,meat,Table,{240, 565}
2014-12-10T19:43:49.105Z,Touch move,meat,Table,{243, 565}
2014-12-10T19:43:49.122Z,Touch move,meat,Table,{248, 565}
2014-12-10T19:43:49.137Z,Touch move,meat,Table,{253, 565}
2014-12-10T19:43:49.156Z,Touch move,meat,Table,{258, 564}
2014-12-10T19:43:49.172Z,Touch move,meat,Table,{264, 564}
2014-12-10T19:43:49.189Z,Touch move,meat,Table,{270, 562}
2014-12-10T19:43:49.205Z,Touch move,meat,Table,{275, 561}
2014-12-10T19:43:49.222Z,Touch move,meat,Table,{282, 558}
2014-12-10T19:43:49.239Z,Touch move,meat,Table,{287, 558}
2014-12-10T19:43:49.255Z,Touch move,meat,Table,{292, 556}
2014-12-10T19:43:49.272Z,Touch move,meat,Table,{297, 554}
2014-12-10T19:43:49.287Z,Touch move,meat,Table,{303, 552}
2014-12-10T19:43:49.307Z,Touch move,meat,Table,{307, 551}
2014-12-10T19:43:49.323Z,Touch move,meat,Table,{312, 550}
2014-12-10T19:43:49.339Z,Touch move,meat,Table,{319, 548}
2014-12-10T19:43:49.356Z,Touch move,meat,Table,{326, 547}
2014-12-10T19:43:49.371Z,Touch move,meat,Table,{332, 545}
2014-12-10T19:43:49.390Z,Touch move,meat,Table,{337, 544}
2014-12-10T19:43:49.405Z,Touch move,meat,Table,{342, 542}
2014-12-10T19:43:49.422Z,Touch move,meat,Table,{347, 541}
2014-12-10T19:43:49.438Z,Touch move,meat,Table,{353, 539}
2014-12-10T19:43:49.457Z,Touch move,meat,Table,{357, 538}
2014-12-10T19:43:49.473Z,Touch move,meat,Table,{360, 537}
2014-12-10T19:43:49.488Z,Touch move,meat,Table,{365, 536}
2014-12-10T19:43:49.505Z,Touch move,meat,Table,{368, 535}
2014-12-10T19:43:49.520Z,Touch move,meat,Table,{369, 534}
2014-12-10T19:43:49.539Z,Touch move,meat,Table,{371, 534}
2014-12-10T19:43:49.555Z,Touch move,meat,Table,{372, 534}
2014-12-10T19:43:49.572Z,Touch move,meat,Table,{373, 533}
2014-12-10T19:43:49.602Z,Touch move,meat,Table,{373, 532}
2014-12-10T19:43:49.750Z,Touch end,meat,Table,{373, 533}
2014-12-10T19:43:49.753Z,Food swallowed,4.00 like score for meat fried 100.00% burned 0.00% hot,Table,
2014-12-10T19:43:56.259Z,Touch start,sausage,Table,{296, 272}
2014-12-10T19:43:56.465Z,Touch start,sausage,Table,{336, 401}
2014-12-10T19:43:56.466Z,Touch move,sausage,Table,{336, 401}
2014-12-10T19:43:56.471Z,Touch move,sausage,Table,{345, 422}
2014-12-10T19:43:56.484Z,Touch move,sausage,Table,{352, 446}
2014-12-10T19:43:56.501Z,Touch move,sausage,Table,{359, 469}
2014-12-10T19:43:56.518Z,Touch move,sausage,Table,{367, 494}
2014-12-10T19:43:56.535Z,Touch move,sausage,Table,{373, 514}
2014-12-10T19:43:56.551Z,Touch move,sausage,Table,{377, 530}
2014-12-10T19:43:56.568Z,Touch move,sausage,Table,{380, 541}
2014-12-10T19:43:56.585Z,Touch move,sausage,Table,{383, 548}
2014-12-10T19:43:56.601Z,Touch move,sausage,Table,{384, 552}
2014-12-10T19:43:56.620Z,Touch move,sausage,Table,{385, 554}
2014-12-10T19:43:56.634Z,Touch move,sausage,Table,{386, 555}
2014-12-10T19:43:56.651Z,Touch move,sausage,Table,{387, 555}
2014-12-10T19:43:56.668Z,Touch move,sausage,Table,{387, 555}
2014-12-10T19:43:56.685Z,Touch move,sausage,Table,{387, 555}
2014-12-10T19:43:56.701Z,Touch move,sausage,Table,{387, 555}
2014-12-10T19:43:56.717Z,Touch move,sausage,Table,{387, 554}
2014-12-10T19:43:56.734Z,Touch move,sausage,Table,{387, 554}
2014-12-10T19:43:56.751Z,Touch move,sausage,Table,{387, 554}
2014-12-10T19:43:56.769Z,Touch move,sausage,Table,{387, 552}
2014-12-10T19:43:56.784Z,Touch move,sausage,Table,{384, 551}
2014-12-10T19:43:56.789Z,Touch end,sausage,Table,{547.48724, 380}
2014-12-10T19:43:56.789Z,Touch end,sausage,Table,{382, 549}
2014-12-10T19:43:56.791Z,Food swallowed,3.00 like score for sausage,Table,
2014-12-10T19:44:03.444Z,Touch start,fridge,Table,{236, 384}
2014-12-10T19:44:04.089Z,Touch end,fridge,Table,{236, 384}
2014-12-10T19:44:04.401Z,Touch start,fridge,Table,{236, 384}
2014-12-10T19:44:04.931Z,Touch end,fridge,Table,{236, 384}
2014-12-10T19:44:05.272Z,Touch start,carrot,Table,{118, 257}
2014-12-10T19:44:05.677Z,Touch start,carrot,Table,{294, 207}
2014-12-10T19:44:05.678Z,Touch move,carrot,Table,{294, 207}
2014-12-10T19:44:05.684Z,Touch move,carrot,Table,{295, 224}
2014-12-10T19:44:05.701Z,Touch move,carrot,Table,{297, 242}
2014-12-10T19:44:05.717Z,Touch move,carrot,Table,{298, 262}
2014-12-10T19:44:05.734Z,Touch move,carrot,Table,{302, 282}
2014-12-10T19:44:05.752Z,Touch move,carrot,Table,{304, 296}
2014-12-10T19:44:05.767Z,Touch move,carrot,Table,{307, 308}
2014-12-10T19:44:05.785Z,Touch move,carrot,Table,{311, 318}
2014-12-10T19:44:05.801Z,Touch move,carrot,Table,{314, 327}
2014-12-10T19:44:05.817Z,Touch move,carrot,Table,{317, 335}
2014-12-10T19:44:05.835Z,Touch move,carrot,Table,{320, 345}
2014-12-10T19:44:05.851Z,Touch move,carrot,Table,{324, 355}
2014-12-10T19:44:05.867Z,Touch move,carrot,Table,{329, 368}
2014-12-10T19:44:05.884Z,Touch move,carrot,Table,{334, 382}
2014-12-10T19:44:05.901Z,Touch move,carrot,Table,{341, 396}
2014-12-10T19:44:05.917Z,Touch move,carrot,Table,{347, 408}
2014-12-10T19:44:05.934Z,Touch move,carrot,Table,{353, 419}
2014-12-10T19:44:05.951Z,Touch move,carrot,Table,{358, 428}
2014-12-10T19:44:05.968Z,Touch move,carrot,Table,{365, 440}
2014-12-10T19:44:05.985Z,Touch move,carrot,Table,{370, 448}
2014-12-10T19:44:06.001Z,Touch move,carrot,Table,{376, 455}
2014-12-10T19:44:06.017Z,Touch move,carrot,Table,{379, 461}
2014-12-10T19:44:06.034Z,Touch move,carrot,Table,{381, 464}
2014-12-10T19:44:06.051Z,Touch move,carrot,Table,{382, 467}
2014-12-10T19:44:06.067Z,Touch move,carrot,Table,{383, 469}
2014-12-10T19:44:06.084Z,Touch move,carrot,Table,{384, 470}
2014-12-10T19:44:06.101Z,Touch move,carrot,Table,{384, 470}
2014-12-10T19:44:06.118Z,Touch move,carrot,Table,{384, 470}
2014-12-10T19:44:06.135Z,Touch move,carrot,Table,{384, 470}
2014-12-10T19:44:06.151Z,Touch move,carrot,Table,{384, 470}
2014-12-10T19:44:06.168Z,Touch move,carrot,Table,{384, 470}
2014-12-10T19:44:06.184Z,Touch move,carrot,Table,{384, 470}
2014-12-10T19:44:06.200Z,Touch move,carrot,Table,{383, 470}
2014-12-10T19:44:06.217Z,Touch move,carrot,Table,{383, 470}
2014-12-10T19:44:06.234Z,Touch move,carrot,Table,{382, 470}
2014-12-10T19:44:06.251Z,Touch move,carrot,Table,{381, 470}
2014-12-10T19:44:06.268Z,Touch move,carrot,Table,{380, 470}
2014-12-10T19:44:06.285Z,Touch move,carrot,Table,{379, 470}
2014-12-10T19:44:06.301Z,Touch move,carrot,Table,{379, 470}
2014-12-10T19:44:06.317Z,Touch move,carrot,Table,{379, 470}
2014-12-10T19:44:06.334Z,Touch move,carrot,Table,{378, 470}
2014-12-10T19:44:06.351Z,Touch move,carrot,Table,{378, 470}
2014-12-10T19:44:06.369Z,Touch move,carrot,Table,{378, 470}
2014-12-10T19:44:06.384Z,Touch move,carrot,Table,{378, 470}
2014-12-10T19:44:06.401Z,Touch move,carrot,Table,{378, 470}
2014-12-10T19:44:06.417Z,Touch move,carrot,Table,{378, 470}
2014-12-10T19:44:06.435Z,Touch move,carrot,Table,{378, 470}
2014-12-10T19:44:06.451Z,Touch move,carrot,Table,{378, 470}
2014-12-10T19:44:06.467Z,Touch move,carrot,Table,{378, 470}
2014-12-10T19:44:06.484Z,Touch move,carrot,Table,{377, 470}
2014-12-10T19:44:06.501Z,Touch move,carrot,Table,{376, 470}
2014-12-10T19:44:06.519Z,Touch move,carrot,Table,{374, 469}
2014-12-10T19:44:06.534Z,Touch move,carrot,Table,{371, 470}
2014-12-10T19:44:06.546Z,Touch end,carrot,Table,{511, 361}
2014-12-10T19:44:06.546Z,Touch end,carrot,Table,{369, 472}
2014-12-10T19:44:06.548Z,Food swallowed,3.00 like score for carrot,Table,
2014-12-10T19:44:21.905Z,Touch start,broccoli,Table,{118, 408}
2014-12-10T19:44:22.147Z,Touch start,broccoli,Table,{423, 337}
2014-12-10T19:44:22.148Z,Touch move,broccoli,Table,{423, 337}
2014-12-10T19:44:22.152Z,Touch move,broccoli,Table,{423, 353}
2014-12-10T19:44:22.168Z,Touch move,broccoli,Table,{423, 364}
2014-12-10T19:44:22.184Z,Touch move,broccoli,Table,{423, 375}
2014-12-10T19:44:22.201Z,Touch move,broccoli,Table,{423, 382}
2014-12-10T19:44:22.218Z,Touch move,broccoli,Table,{422, 387}
2014-12-10T19:44:22.234Z,Touch move,broccoli,Table,{421, 394}
2014-12-10T19:44:22.251Z,Touch move,broccoli,Table,{420, 399}
2014-12-10T19:44:22.268Z,Touch move,broccoli,Table,{417, 405}
2014-12-10T19:44:22.285Z,Touch move,broccoli,Table,{414, 413}
2014-12-10T19:44:22.301Z,Touch move,broccoli,Table,{410, 424}
2014-12-10T19:44:22.318Z,Touch move,broccoli,Table,{405, 437}
2014-12-10T19:44:22.334Z,Touch move,broccoli,Table,{400, 453}
2014-12-10T19:44:22.350Z,Touch move,broccoli,Table,{395, 471}
2014-12-10T19:44:22.369Z,Touch move,broccoli,Table,{392, 488}
2014-12-10T19:44:22.384Z,Touch move,broccoli,Table,{387, 503}
2014-12-10T19:44:22.401Z,Touch move,broccoli,Table,{385, 517}
2014-12-10T19:44:22.418Z,Touch move,broccoli,Table,{382, 528}
2014-12-10T19:44:22.435Z,Touch move,broccoli,Table,{381, 535}
2014-12-10T19:44:22.451Z,Touch move,broccoli,Table,{379, 540}
2014-12-10T19:44:22.467Z,Touch move,broccoli,Table,{379, 544}
2014-12-10T19:44:22.484Z,Touch move,broccoli,Table,{379, 545}
2014-12-10T19:44:22.501Z,Touch move,broccoli,Table,{379, 546}
2014-12-10T19:44:22.518Z,Touch move,broccoli,Table,{379, 546}
2014-12-10T19:44:22.534Z,Touch move,broccoli,Table,{379, 546}
2014-12-10T19:44:22.551Z,Touch move,broccoli,Table,{379, 546}
2014-12-10T19:44:22.568Z,Touch move,broccoli,Table,{379, 546}
2014-12-10T19:44:22.585Z,Touch move,broccoli,Table,{379, 546}
2014-12-10T19:44:22.601Z,Touch move,broccoli,Table,{379, 546}
2014-12-10T19:44:22.617Z,Touch move,broccoli,Table,{379, 546}
2014-12-10T19:44:22.634Z,Touch move,broccoli,Table,{379, 546}
2014-12-10T19:44:22.652Z,Touch move,broccoli,Table,{379, 545}
2014-12-10T19:44:22.669Z,Touch move,broccoli,Table,{379, 545}
2014-12-10T19:44:22.685Z,Touch move,broccoli,Table,{379, 544}
2014-12-10T19:44:22.701Z,Touch move,broccoli,Table,{379, 543}
2014-12-10T19:44:22.717Z,Touch move,broccoli,Table,{379, 542}
2014-12-10T19:44:22.734Z,Touch move,broccoli,Table,{379, 541}
2014-12-10T19:44:22.751Z,Touch move,broccoli,Table,{378, 540}
2014-12-10T19:44:22.767Z,Touch move,broccoli,Table,{377, 538}
2014-12-10T19:44:22.784Z,Touch move,broccoli,Table,{376, 536}
2014-12-10T19:44:22.792Z,Touch end,broccoli,Table,{564, 376}
2014-12-10T19:44:22.793Z,Touch end,broccoli,Table,{374, 534}
2014-12-10T19:44:22.795Z,Food swallowed,3.00 like score for broccoli,Table,
2014-12-10T19:44:28.753Z,Touch start,lemon,Table,{296, 409}
2014-12-10T19:44:28.903Z,Touch start,lemon,Table,{417, 437}
2014-12-10T19:44:28.903Z,Touch move,lemon,Table,{417, 437}
2014-12-10T19:44:28.908Z,Touch move,lemon,Table,{403, 470}
2014-12-10T19:44:28.920Z,Touch move,lemon,Table,{394, 497}
2014-12-10T19:44:28.935Z,Touch move,lemon,Table,{388, 515}
2014-12-10T19:44:28.951Z,Touch move,lemon,Table,{383, 529}
2014-12-10T19:44:28.968Z,Touch move,lemon,Table,{380, 537}
2014-12-10T19:44:28.985Z,Touch move,lemon,Table,{379, 539}
2014-12-10T19:44:29.001Z,Touch move,lemon,Table,{379, 541}
2014-12-10T19:44:29.018Z,Touch move,lemon,Table,{379, 541}
2014-12-10T19:44:29.034Z,Touch move,lemon,Table,{379, 541}
2014-12-10T19:44:29.051Z,Touch move,lemon,Table,{379, 541}
2014-12-10T19:44:29.069Z,Touch move,lemon,Table,{379, 541}
2014-12-10T19:44:29.084Z,Touch move,lemon,Table,{379, 541}
2014-12-10T19:44:29.101Z,Touch move,lemon,Table,{379, 541}
2014-12-10T19:44:29.118Z,Touch move,lemon,Table,{379, 541}
2014-12-10T19:44:29.134Z,Touch move,lemon,Table,{379, 541}
2014-12-10T19:44:29.151Z,Touch move,lemon,Table,{379, 540}
2014-12-10T19:44:29.168Z,Touch move,lemon,Table,{379, 539}
2014-12-10T19:44:29.184Z,Touch move,lemon,Table,{379, 538}
2014-12-10T19:44:29.201Z,Touch move,lemon,Table,{379, 537}
2014-12-10T19:44:29.218Z,Touch move,lemon,Table,{376, 537}
2014-12-10T19:44:29.226Z,Touch end,lemon,Table,{541.66956, 348}
2014-12-10T19:44:29.227Z,Touch end,lemon,Table,{374, 535}
2014-12-10T19:44:29.755Z,Food spitted out,1.00 like score for lemon,Table,
2014-12-10T19:44:32.622Z,Touch start,pepper,Table,{890, 197}
2014-12-10T19:44:32.649Z,Touch move,pepper,Table,{209, 873}
2014-12-10T19:44:32.666Z,Touch move,pepper,Table,{209, 863}
2014-12-10T19:44:32.682Z,Touch move,pepper,Table,{210, 849}
2014-12-10T19:44:32.699Z,Touch move,pepper,Table,{211, 831}
2014-12-10T19:44:32.716Z,Touch move,pepper,Table,{212, 812}
2014-12-10T19:44:32.732Z,Touch move,pepper,Table,{213, 791}
2014-12-10T19:44:32.749Z,Touch move,pepper,Table,{213, 771}
2014-12-10T19:44:32.765Z,Touch move,pepper,Table,{213, 752}
2014-12-10T19:44:32.782Z,Touch move,pepper,Table,{213, 735}
2014-12-10T19:44:32.798Z,Touch move,pepper,Table,{212, 720}
2014-12-10T19:44:32.815Z,Touch move,pepper,Table,{211, 706}
2014-12-10T19:44:32.832Z,Touch move,pepper,Table,{209, 694}
2014-12-10T19:44:32.848Z,Touch move,pepper,Table,{208, 683}
2014-12-10T19:44:32.865Z,Touch move,pepper,Table,{206, 674}
2014-12-10T19:44:32.882Z,Touch move,pepper,Table,{205, 667}
2014-12-10T19:44:32.898Z,Touch move,pepper,Table,{205, 659}
2014-12-10T19:44:32.915Z,Touch move,pepper,Table,{204, 651}
2014-12-10T19:44:32.932Z,Touch move,pepper,Table,{203, 644}
2014-12-10T19:44:32.948Z,Touch move,pepper,Table,{202, 634}
2014-12-10T19:44:32.965Z,Touch move,pepper,Table,{201, 626}
2014-12-10T19:44:32.981Z,Touch move,pepper,Table,{200, 617}
2014-12-10T19:44:32.997Z,Touch move,pepper,Table,{199, 607}
2014-12-10T19:44:33.013Z,Touch move,pepper,Table,{198, 598}
2014-12-10T19:44:33.031Z,Touch move,pepper,Table,{195, 587}
2014-12-10T19:44:33.047Z,Touch move,pepper,Table,{193, 574}
2014-12-10T19:44:33.064Z,Touch move,pepper,Table,{191, 563}
2014-12-10T19:44:33.081Z,Touch move,pepper,Table,{187, 550}
2014-12-10T19:44:33.097Z,Touch move,pepper,Table,{185, 541}
2014-12-10T19:44:33.114Z,Touch move,pepper,Table,{182, 535}
2014-12-10T19:44:33.131Z,Touch end,pepper,Table,{535, 194.5}
2014-12-10T19:44:35.078Z,Touch start,pepper,Table,{535, 197}
2014-12-10T19:44:35.110Z,Touch move,pepper,Table,{220, 540}
2014-12-10T19:44:35.127Z,Touch move,pepper,Table,{220, 544}
2014-12-10T19:44:35.143Z,Touch move,pepper,Table,{220, 552}
2014-12-10T19:44:35.160Z,Touch move,pepper,Table,{220, 565}
2014-12-10T19:44:35.177Z,Touch move,pepper,Table,{219, 582}
2014-12-10T19:44:35.193Z,Touch move,pepper,Table,{218, 599}
2014-12-10T19:44:35.209Z,Touch move,pepper,Table,{215, 619}
2014-12-10T19:44:35.226Z,Touch move,pepper,Table,{212, 636}
2014-12-10T19:44:35.243Z,Touch move,pepper,Table,{209, 653}
2014-12-10T19:44:35.259Z,Touch move,pepper,Table,{207, 670}
2014-12-10T19:44:35.276Z,Touch move,pepper,Table,{204, 685}
2014-12-10T19:44:35.293Z,Touch move,pepper,Table,{202, 697}
2014-12-10T19:44:35.309Z,Touch move,pepper,Table,{200, 713}
2014-12-10T19:44:35.326Z,Touch move,pepper,Table,{199, 722}
2014-12-10T19:44:35.342Z,Touch move,pepper,Table,{196, 733}
2014-12-10T19:44:35.359Z,Touch move,pepper,Table,{195, 741}
2014-12-10T19:44:35.376Z,Touch move,pepper,Table,{194, 749}
2014-12-10T19:44:35.392Z,Touch move,pepper,Table,{194, 758}
2014-12-10T19:44:35.409Z,Touch move,pepper,Table,{193, 765}
2014-12-10T19:44:35.427Z,Touch move,pepper,Table,{192, 771}
2014-12-10T19:44:35.442Z,Touch move,pepper,Table,{192, 778}
2014-12-10T19:44:35.458Z,Touch move,pepper,Table,{192, 784}
2014-12-10T19:44:35.475Z,Touch move,pepper,Table,{192, 790}
2014-12-10T19:44:35.492Z,Touch move,pepper,Table,{191, 796}
2014-12-10T19:44:35.508Z,Touch move,pepper,Table,{191, 802}
2014-12-10T19:44:35.525Z,Touch move,pepper,Table,{191, 809}
2014-12-10T19:44:35.542Z,Touch move,pepper,Table,{191, 815}
2014-12-10T19:44:35.558Z,Touch move,pepper,Table,{191, 822}
2014-12-10T19:44:35.575Z,Touch move,pepper,Table,{191, 829}
2014-12-10T19:44:35.591Z,Touch move,pepper,Table,{191, 840}
2014-12-10T19:44:35.608Z,Touch move,pepper,Table,{191, 852}
2014-12-10T19:44:35.625Z,Touch move,pepper,Table,{190, 864}
2014-12-10T19:44:35.641Z,Touch move,pepper,Table,{189, 875}
2014-12-10T19:44:35.657Z,Touch move,pepper,Table,{187, 886}
2014-12-10T19:44:35.674Z,Touch end,pepper,Table,{886, 194.5}
2014-12-10T19:44:45.355Z,Scene Change,,Mixing,
2014-12-10T19:44:45.355Z,Touch,Blender Button,Mixing,{861.30005, 643}
2014-12-10T19:44:50.105Z,Touch start,Button,Mixing,{131, 394}
2014-12-10T19:44:50.105Z,Blending start,lemon blended,Mixing,
2014-12-10T19:44:50.237Z,Touch end,Button,Mixing,{434, 140}
2014-12-10T19:44:50.237Z,Blending end,lemon blended,Mixing,
2014-12-10T19:44:51.489Z,Touch start,Button,Mixing,{168, 426}
2014-12-10T19:44:51.490Z,Blending start,lemon blended,Mixing,
2014-12-10T19:44:51.640Z,Touch end,Button,Mixing,{434, 140}
2014-12-10T19:44:51.641Z,Blending end,lemon blended,Mixing,
2014-12-10T19:44:51.940Z,Touch start,Button,Mixing,{160, 430}
2014-12-10T19:44:51.940Z,Blending start,lemon blended,Mixing,
2014-12-10T19:44:52.006Z,Touch end,Button,Mixing,{434, 140}
2014-12-10T19:44:52.007Z,Blending end,lemon blended,Mixing,
2014-12-10T19:44:52.189Z,Touch start,Button,Mixing,{165, 423}
2014-12-10T19:44:52.189Z,Blending start,lemon blended,Mixing,
2014-12-10T19:44:52.319Z,Touch end,Button,Mixing,{434, 140}
2014-12-10T19:44:52.320Z,Blending end,lemon blended,Mixing,
2014-12-10T19:44:52.453Z,Touch start,Button,Mixing,{165, 422}
2014-12-10T19:44:52.453Z,Blending start,lemon blended,Mixing,
2014-12-10T19:44:52.602Z,Touch end,Button,Mixing,{434, 140}
2014-12-10T19:44:52.602Z,Blending end,lemon blended,Mixing,
2014-12-10T19:44:52.718Z,Touch start,Button,Mixing,{160, 420}
2014-12-10T19:44:52.719Z,Blending start,lemon blended,Mixing,
2014-12-10T19:44:52.884Z,Touch end,Button,Mixing,{434, 140}
2014-12-10T19:44:52.884Z,Blending end,lemon blended,Mixing,
2014-12-10T19:44:53.017Z,Touch start,Button,Mixing,{155, 416}
2014-12-10T19:44:53.018Z,Blending start,lemon blended,Mixing,
2014-12-10T19:44:53.166Z,Touch end,Button,Mixing,{434, 140}
2014-12-10T19:44:53.166Z,Blending end,lemon blended,Mixing,
2014-12-10T19:44:53.299Z,Touch start,Button,Mixing,{161, 422}
2014-12-10T19:44:53.300Z,Blending start,lemon blended,Mixing,
2014-12-10T19:44:53.432Z,Touch end,Button,Mixing,{434, 140}
2014-12-10T19:44:53.432Z,Blending end,lemon blended,Mixing,
2014-12-10T19:44:54.397Z,Scene Change,,Table,
2014-12-10T19:44:55.939Z,Touch start,lemon,Table,{212, 460}
2014-12-10T19:44:56.020Z,Touch move,lemon,Table,{218, 464}
2014-12-10T19:44:56.036Z,Touch move,lemon,Table,{220, 464}
2014-12-10T19:44:56.036Z,Touch move,lemon,Table,{222, 465}
2014-12-10T19:44:56.053Z,Touch move,lemon,Table,{226, 467}
2014-12-10T19:44:56.070Z,Touch move,lemon,Table,{229, 468}
2014-12-10T19:44:56.086Z,Touch move,lemon,Table,{234, 470}
2014-12-10T19:44:56.103Z,Touch move,lemon,Table,{240, 472}
2014-12-10T19:44:56.120Z,Touch move,lemon,Table,{246, 474}
2014-12-10T19:44:56.137Z,Touch move,lemon,Table,{253, 475}
2014-12-10T19:44:56.153Z,Touch move,lemon,Table,{259, 477}
2014-12-10T19:44:56.170Z,Touch move,lemon,Table,{266, 480}
2014-12-10T19:44:56.186Z,Touch move,lemon,Table,{273, 482}
2014-12-10T19:44:56.204Z,Touch move,lemon,Table,{280, 484}
2014-12-10T19:44:56.220Z,Touch move,lemon,Table,{287, 486}
2014-12-10T19:44:56.236Z,Touch move,lemon,Table,{294, 488}
2014-12-10T19:44:56.253Z,Touch move,lemon,Table,{299, 490}
2014-12-10T19:44:56.270Z,Touch move,lemon,Table,{306, 493}
2014-12-10T19:44:56.286Z,Touch move,lemon,Table,{312, 496}
2014-12-10T19:44:56.304Z,Touch move,lemon,Table,{316, 498}
2014-12-10T19:44:56.320Z,Touch move,lemon,Table,{320, 500}
2014-12-10T19:44:56.335Z,Touch move,lemon,Table,{324, 502}
2014-12-10T19:44:56.355Z,Touch move,lemon,Table,{327, 504}
2014-12-10T19:44:56.370Z,Touch move,lemon,Table,{330, 506}
2014-12-10T19:44:56.386Z,Touch move,lemon,Table,{333, 508}
2014-12-10T19:44:56.403Z,Touch move,lemon,Table,{335, 510}
2014-12-10T19:44:56.420Z,Touch move,lemon,Table,{337, 511}
2014-12-10T19:44:56.436Z,Touch move,lemon,Table,{339, 512}
2014-12-10T19:44:56.453Z,Touch move,lemon,Table,{341, 513}
2014-12-10T19:44:56.470Z,Touch move,lemon,Table,{343, 514}
2014-12-10T19:44:56.485Z,Touch move,lemon,Table,{345, 515}
2014-12-10T19:44:56.504Z,Touch move,lemon,Table,{348, 517}
2014-12-10T19:44:56.519Z,Touch move,lemon,Table,{351, 518}
2014-12-10T19:44:56.537Z,Touch move,lemon,Table,{353, 520}
2014-12-10T19:44:56.553Z,Touch move,lemon,Table,{357, 522}
2014-12-10T19:44:56.569Z,Touch move,lemon,Table,{360, 523}
2014-12-10T19:44:56.587Z,Touch move,lemon,Table,{365, 524}
2014-12-10T19:44:56.603Z,Touch move,lemon,Table,{368, 526}
2014-12-10T19:44:56.620Z,Touch move,lemon,Table,{372, 527}
2014-12-10T19:44:56.636Z,Touch move,lemon,Table,{373, 528}
2014-12-10T19:44:56.653Z,Touch move,lemon,Table,{374, 529}
2014-12-10T19:44:56.703Z,Touch end,lemon,Table,{374, 530}
2014-12-10T19:44:56.705Z,Food swallowed,3.00 like score for lemon blended,Table,
2014-12-10T19:45:03.037Z,Touch start,tomato,Table,{296, 548}
2014-12-10T19:45:03.198Z,Touch start,tomato,Table,{536, 425}
2014-12-10T19:45:03.198Z,Touch move,tomato,Table,{536, 425}
2014-12-10T19:45:03.204Z,Touch move,tomato,Table,{513, 496}
2014-12-10T19:45:03.221Z,Touch move,tomato,Table,{499, 528}
2014-12-10T19:45:03.238Z,Touch move,tomato,Table,{486, 557}
2014-12-10T19:45:03.253Z,Touch move,tomato,Table,{470, 583}
2014-12-10T19:45:03.269Z,Touch move,tomato,Table,{457, 606}
2014-12-10T19:45:03.288Z,Touch move,tomato,Table,{445, 623}
2014-12-10T19:45:03.303Z,Touch move,tomato,Table,{435, 637}
2014-12-10T19:45:03.320Z,Touch move,tomato,Table,{435, 637}
2014-12-10T19:45:03.337Z,Touch move,tomato,Table,{428, 645}
2014-12-10T19:45:03.354Z,Touch move,tomato,Table,{423, 650}
2014-12-10T19:45:03.371Z,Touch move,tomato,Table,{422, 650}
2014-12-10T19:45:03.387Z,Touch move,tomato,Table,{421, 650}
2014-12-10T19:45:03.404Z,Touch move,tomato,Table,{421, 648}
2014-12-10T19:45:03.419Z,Touch move,tomato,Table,{421, 644}
2014-12-10T19:45:03.438Z,Touch move,tomato,Table,{421, 642}
2014-12-10T19:45:03.454Z,Touch move,tomato,Table,{420, 640}
2014-12-10T19:45:03.470Z,Touch move,tomato,Table,{420, 640}
2014-12-10T19:45:03.487Z,Touch move,tomato,Table,{419, 639}
2014-12-10T19:45:03.503Z,Touch move,tomato,Table,{418, 639}
2014-12-10T19:45:03.522Z,Touch move,tomato,Table,{416, 639}
2014-12-10T19:45:03.537Z,Touch end,tomato,Table,{649, 405}
2014-12-10T19:45:03.537Z,Touch end,tomato,Table,{412, 638}
2014-12-10T19:45:05.254Z,Touch start,tomato,Table,{222, 649}
2014-12-10T19:45:05.270Z,Touch move,tomato,Table,{228, 649}
2014-12-10T19:45:05.286Z,Touch move,tomato,Table,{229, 649}
2014-12-10T19:45:05.303Z,Touch move,tomato,Table,{230, 649}
2014-12-10T19:45:05.353Z,Touch move,tomato,Table,{231, 649}
2014-12-10T19:45:05.370Z,Touch move,tomato,Table,{232, 648}
2014-12-10T19:45:05.386Z,Touch move,tomato,Table,{234, 647}
2014-12-10T19:45:05.387Z,Touch move,tomato,Table,{237, 643}
2014-12-10T19:45:05.404Z,Touch move,tomato,Table,{243, 640}
2014-12-10T19:45:05.420Z,Touch move,tomato,Table,{249, 634}
2014-12-10T19:45:05.436Z,Touch move,tomato,Table,{256, 629}
2014-12-10T19:45:05.453Z,Touch move,tomato,Table,{264, 622}
2014-12-10T19:45:05.469Z,Touch move,tomato,Table,{272, 614}
2014-12-10T19:45:05.486Z,Touch move,tomato,Table,{279, 607}
2014-12-10T19:45:05.503Z,Touch move,tomato,Table,{286, 601}
2014-12-10T19:45:05.519Z,Touch move,tomato,Table,{291, 596}
2014-12-10T19:45:05.537Z,Touch move,tomato,Table,{295, 592}
2014-12-10T19:45:05.552Z,Touch move,tomato,Table,{299, 588}
2014-12-10T19:45:05.570Z,Touch move,tomato,Table,{302, 585}
2014-12-10T19:45:05.586Z,Touch move,tomato,Table,{305, 583}
2014-12-10T19:45:05.603Z,Touch move,tomato,Table,{307, 581}
2014-12-10T19:45:05.620Z,Touch move,tomato,Table,{310, 579}
2014-12-10T19:45:05.636Z,Touch move,tomato,Table,{313, 577}
2014-12-10T19:45:05.653Z,Touch move,tomato,Table,{317, 574}
2014-12-10T19:45:05.669Z,Touch move,tomato,Table,{320, 570}
2014-12-10T19:45:05.687Z,Touch move,tomato,Table,{324, 567}
2014-12-10T19:45:05.703Z,Touch move,tomato,Table,{328, 563}
2014-12-10T19:45:05.720Z,Touch move,tomato,Table,{331, 560}
2014-12-10T19:45:05.736Z,Touch move,tomato,Table,{334, 557}
2014-12-10T19:45:05.753Z,Touch move,tomato,Table,{336, 555}
2014-12-10T19:45:05.770Z,Touch move,tomato,Table,{337, 554}
2014-12-10T19:45:05.786Z,Touch move,tomato,Table,{338, 554}
2014-12-10T19:45:05.835Z,Touch move,tomato,Table,{337, 555}
2014-12-10T19:45:05.853Z,Touch end,tomato,Table,{329, 567}
2014-12-10T19:45:06.373Z,Food spitted out,0.00 like score for tomato,Table,
2014-12-10T19:45:09.669Z,Touch start,pepper,Table,{890, 197}
2014-12-10T19:45:09.719Z,Touch move,pepper,Table,{200, 875}
2014-12-10T19:45:09.736Z,Touch move,pepper,Table,{202, 874}
2014-12-10T19:45:09.737Z,Touch move,pepper,Table,{203, 872}
2014-12-10T19:45:09.753Z,Touch move,pepper,Table,{206, 870}
2014-12-10T19:45:09.770Z,Touch move,pepper,Table,{210, 865}
2014-12-10T19:45:09.786Z,Touch move,pepper,Table,{214, 859}
2014-12-10T19:45:09.802Z,Touch move,pepper,Table,{218, 853}
2014-12-10T19:45:09.818Z,Touch move,pepper,Table,{222, 844}
2014-12-10T19:45:09.837Z,Touch move,pepper,Table,{226, 836}
2014-12-10T19:45:09.853Z,Touch move,pepper,Table,{229, 830}
2014-12-10T19:45:09.869Z,Touch move,pepper,Table,{232, 823}
2014-12-10T19:45:09.886Z,Touch move,pepper,Table,{235, 816}
2014-12-10T19:45:09.902Z,Touch move,pepper,Table,{237, 811}
2014-12-10T19:45:09.920Z,Touch move,pepper,Table,{240, 807}
2014-12-10T19:45:09.936Z,Touch move,pepper,Table,{242, 802}
2014-12-10T19:45:09.953Z,Touch move,pepper,Table,{243, 798}
2014-12-10T19:45:09.970Z,Touch move,pepper,Table,{246, 796}
2014-12-10T19:45:09.987Z,Touch move,pepper,Table,{247, 794}
2014-12-10T19:45:10.003Z,Touch move,pepper,Table,{249, 791}
2014-12-10T19:45:10.019Z,Touch move,pepper,Table,{250, 789}
2014-12-10T19:45:10.036Z,Touch move,pepper,Table,{252, 786}
2014-12-10T19:45:10.052Z,Touch move,pepper,Table,{254, 783}
2014-12-10T19:45:10.070Z,Touch move,pepper,Table,{255, 780}
2014-12-10T19:45:10.086Z,Touch move,pepper,Table,{256, 776}
2014-12-10T19:45:10.103Z,Touch move,pepper,Table,{258, 773}
2014-12-10T19:45:10.120Z,Touch move,pepper,Table,{260, 769}
2014-12-10T19:45:10.137Z,Touch move,pepper,Table,{262, 765}
2014-12-10T19:45:10.153Z,Touch move,pepper,Table,{264, 760}
2014-12-10T19:45:10.170Z,Touch move,pepper,Table,{266, 755}
2014-12-10T19:45:10.186Z,Touch move,pepper,Table,{268, 746}
2014-12-10T19:45:10.202Z,Touch move,pepper,Table,{270, 740}
2014-12-10T19:45:10.221Z,Touch move,pepper,Table,{272, 733}
2014-12-10T19:45:10.236Z,Touch move,pepper,Table,{273, 725}
2014-12-10T19:45:10.253Z,Touch move,pepper,Table,{274, 720}
2014-12-10T19:45:10.269Z,Touch move,pepper,Table,{275, 713}
2014-12-10T19:45:10.286Z,Touch move,pepper,Table,{277, 707}
2014-12-10T19:45:10.302Z,Touch move,pepper,Table,{278, 701}
2014-12-10T19:45:10.320Z,Touch move,pepper,Table,{279, 695}
2014-12-10T19:45:10.336Z,Touch move,pepper,Table,{280, 690}
2014-12-10T19:45:10.353Z,Touch move,pepper,Table,{283, 682}
2014-12-10T19:45:10.370Z,Touch move,pepper,Table,{284, 675}
2014-12-10T19:45:10.386Z,Touch move,pepper,Table,{286, 668}
2014-12-10T19:45:10.403Z,Touch move,pepper,Table,{287, 660}
2014-12-10T19:45:10.419Z,Touch move,pepper,Table,{288, 654}
2014-12-10T19:45:10.436Z,Touch move,pepper,Table,{289, 647}
2014-12-10T19:45:10.453Z,Touch move,pepper,Table,{290, 641}
2014-12-10T19:45:10.470Z,Touch move,pepper,Table,{290, 635}
2014-12-10T19:45:10.486Z,Touch move,pepper,Table,{290, 629}
2014-12-10T19:45:10.503Z,Touch move,pepper,Table,{290, 621}
2014-12-10T19:45:10.520Z,Touch move,pepper,Table,{289, 611}
2014-12-10T19:45:10.536Z,Touch move,pepper,Table,{286, 598}
2014-12-10T19:45:10.553Z,Touch move,pepper,Table,{278, 578}
2014-12-10T19:45:10.570Z,Touch move,pepper,Table,{270, 558}
2014-12-10T19:45:10.586Z,Touch move,pepper,Table,{266, 547}
2014-12-10T19:45:10.603Z,Touch move,pepper,Table,{262, 539}
2014-12-10T19:45:10.620Z,Touch move,pepper,Table,{259, 534}
2014-12-10T19:45:10.636Z,Touch move,pepper,Table,{257, 531}
2014-12-10T19:45:10.653Z,Touch move,pepper,Table,{254, 529}
2014-12-10T19:45:10.670Z,Touch move,pepper,Table,{252, 529}
2014-12-10T19:45:10.686Z,Touch move,pepper,Table,{248, 528}
2014-12-10T19:45:10.703Z,Touch move,pepper,Table,{241, 524}
2014-12-10T19:45:10.720Z,Touch move,pepper,Table,{233, 520}
2014-12-10T19:45:10.735Z,Touch move,pepper,Table,{225, 515}
2014-12-10T19:45:10.753Z,Touch move,pepper,Table,{217, 510}
2014-12-10T19:45:10.770Z,Touch move,pepper,Table,{210, 506}
2014-12-10T19:45:10.787Z,Touch move,pepper,Table,{204, 502}
2014-12-10T19:45:10.803Z,Touch move,pepper,Table,{199, 500}
2014-12-10T19:45:10.820Z,Touch move,pepper,Table,{195, 498}
2014-12-10T19:45:10.836Z,Touch move,pepper,Table,{193, 498}
2014-12-10T19:45:10.886Z,Touch move,pepper,Table,{192, 498}
2014-12-10T19:45:10.969Z,Touch end,pepper,Table,{527.3833, 194.5}
2014-12-10T19:45:12.836Z,Touch start,salt,Table,{977.20001, 197}
2014-12-10T19:45:12.886Z,Touch move,salt,Table,{185, 995}
2014-12-10T19:45:12.903Z,Touch move,salt,Table,{188, 989}
2014-12-10T19:45:12.919Z,Touch move,salt,Table,{190, 986}
2014-12-10T19:45:12.937Z,Touch move,salt,Table,{193, 979}
2014-12-10T19:45:12.953Z,Touch move,salt,Table,{195, 973}
2014-12-10T19:45:12.969Z,Touch move,salt,Table,{198, 962}
2014-12-10T19:45:12.987Z,Touch move,salt,Table,{201, 944}
2014-12-10T19:45:13.003Z,Touch move,salt,Table,{206, 924}
2014-12-10T19:45:13.019Z,Touch move,salt,Table,{212, 896}
2014-12-10T19:45:13.037Z,Touch move,salt,Table,{215, 876}
2014-12-10T19:45:13.053Z,Touch move,salt,Table,{219, 854}
2014-12-10T19:45:13.070Z,Touch move,salt,Table,{222, 833}
2014-12-10T19:45:13.087Z,Touch move,salt,Table,{223, 816}
2014-12-10T19:45:13.103Z,Touch move,salt,Table,{225, 792}
2014-12-10T19:45:13.120Z,Touch move,salt,Table,{226, 776}
2014-12-10T19:45:13.136Z,Touch move,salt,Table,{226, 766}
2014-12-10T19:45:13.153Z,Touch move,salt,Table,{226, 759}
2014-12-10T19:45:13.170Z,Touch move,salt,Table,{226, 754}
2014-12-10T19:45:13.188Z,Touch move,salt,Table,{225, 749}
2014-12-10T19:45:13.203Z,Touch move,salt,Table,{224, 748}
2014-12-10T19:45:13.220Z,Touch move,salt,Table,{223, 748}
2014-12-10T19:45:13.286Z,Touch move,salt,Table,{223, 749}
2014-12-10T19:45:13.303Z,Touch move,salt,Table,{223, 750}
2014-12-10T19:45:13.304Z,Touch move,salt,Table,{223, 751}
2014-12-10T19:45:13.319Z,Touch move,salt,Table,{223, 752}
2014-12-10T19:45:13.336Z,Touch move,salt,Table,{223, 754}
2014-12-10T19:45:13.352Z,Touch move,salt,Table,{223, 755}
2014-12-10T19:45:13.370Z,Touch end,salt,Table,{755, 223}
2014-12-10T19:45:16.303Z,Touch start,mushroom,Table,{118, 540}
2014-12-10T19:45:16.646Z,Touch start,mushroom,Table,{491, 278}
2014-12-10T19:45:16.647Z,Touch move,mushroom,Table,{491, 278}
2014-12-10T19:45:16.655Z,Touch move,mushroom,Table,{491, 278}
2014-12-10T19:45:16.670Z,Touch move,mushroom,Table,{491, 278}
2014-12-10T19:45:16.687Z,Touch move,mushroom,Table,{491, 278}
2014-12-10T19:45:16.703Z,Touch move,mushroom,Table,{491, 278}
2014-12-10T19:45:16.720Z,Touch move,mushroom,Table,{491, 278}
2014-12-10T19:45:16.736Z,Touch move,mushroom,Table,{491, 278}
2014-12-10T19:45:16.752Z,Touch move,mushroom,Table,{491, 278}
2014-12-10T19:45:16.771Z,Touch move,mushroom,Table,{491, 278}
2014-12-10T19:45:16.787Z,Touch move,mushroom,Table,{491, 278}
2014-12-10T19:45:16.803Z,Touch move,mushroom,Table,{491, 278}
2014-12-10T19:45:16.820Z,Touch move,mushroom,Table,{489, 280}
2014-12-10T19:45:16.837Z,Touch move,mushroom,Table,{485, 291}
2014-12-10T19:45:16.854Z,Touch move,mushroom,Table,{480, 304}
2014-12-10T19:45:16.870Z,Touch move,mushroom,Table,{473, 314}
2014-12-10T19:45:16.887Z,Touch move,mushroom,Table,{466, 327}
2014-12-10T19:45:16.904Z,Touch move,mushroom,Table,{456, 341}
2014-12-10T19:45:16.921Z,Touch move,mushroom,Table,{447, 352}
2014-12-10T19:45:16.937Z,Touch move,mushroom,Table,{434, 363}
2014-12-10T19:45:16.953Z,Touch move,mushroom,Table,{422, 372}
2014-12-10T19:45:16.970Z,Touch move,mushroom,Table,{405, 379}
2014-12-10T19:45:16.986Z,Touch move,mushroom,Table,{387, 385}
2014-12-10T19:45:17.004Z,Touch move,mushroom,Table,{366, 391}
2014-12-10T19:45:17.020Z,Touch move,mushroom,Table,{342, 396}
2014-12-10T19:45:17.037Z,Touch move,mushroom,Table,{319, 400}
2014-12-10T19:45:17.053Z,Touch move,mushroom,Table,{297, 404}
2014-12-10T19:45:17.070Z,Touch move,mushroom,Table,{275, 409}
2014-12-10T19:45:17.087Z,Touch move,mushroom,Table,{258, 412}
2014-12-10T19:45:17.103Z,Touch move,mushroom,Table,{243, 415}
2014-12-10T19:45:17.120Z,Touch move,mushroom,Table,{229, 418}
2014-12-10T19:45:17.136Z,Touch move,mushroom,Table,{219, 419}
2014-12-10T19:45:17.154Z,Touch move,mushroom,Table,{209, 422}
2014-12-10T19:45:17.170Z,Touch move,mushroom,Table,{202, 425}
2014-12-10T19:45:17.187Z,Touch move,mushroom,Table,{195, 429}
2014-12-10T19:45:17.203Z,Touch move,mushroom,Table,{189, 435}
2014-12-10T19:45:17.221Z,Touch move,mushroom,Table,{184, 443}
2014-12-10T19:45:17.237Z,Touch move,mushroom,Table,{180, 452}
2014-12-10T19:45:17.254Z,Touch move,mushroom,Table,{175, 465}
2014-12-10T19:45:17.270Z,Touch move,mushroom,Table,{173, 475}
2014-12-10T19:45:17.285Z,Touch move,mushroom,Table,{170, 490}
2014-12-10T19:45:17.304Z,Touch move,mushroom,Table,{169, 500}
2014-12-10T19:45:17.321Z,Touch move,mushroom,Table,{168, 508}
2014-12-10T19:45:17.336Z,Touch move,mushroom,Table,{167, 514}
2014-12-10T19:45:17.354Z,Touch move,mushroom,Table,{167, 518}
2014-12-10T19:45:17.370Z,Touch move,mushroom,Table,{167, 520}
2014-12-10T19:45:17.387Z,Touch move,mushroom,Table,{167, 521}
2014-12-10T19:45:17.403Z,Touch move,mushroom,Table,{167, 521}
2014-12-10T19:45:17.420Z,Touch move,mushroom,Table,{167, 521}
2014-12-10T19:45:17.436Z,Touch move,mushroom,Table,{167, 521}
2014-12-10T19:45:17.453Z,Touch move,mushroom,Table,{167, 521}
2014-12-10T19:45:17.469Z,Touch move,mushroom,Table,{167, 521}
2014-12-10T19:45:17.487Z,Touch move,mushroom,Table,{167, 521}
2014-12-10T19:45:17.503Z,Touch move,mushroom,Table,{167, 521}
2014-12-10T19:45:17.519Z,Touch move,mushroom,Table,{167, 521}
2014-12-10T19:45:17.536Z,Touch move,mushroom,Table,{167, 521}
2014-12-10T19:45:17.553Z,Touch move,mushroom,Table,{167, 521}
2014-12-10T19:45:17.570Z,Touch move,mushroom,Table,{167, 521}
2014-12-10T19:45:17.587Z,Touch move,mushroom,Table,{168, 521}
2014-12-10T19:45:17.604Z,Touch move,mushroom,Table,{184, 527}
2014-12-10T19:45:17.621Z,Touch move,mushroom,Table,{192, 531}
2014-12-10T19:45:17.637Z,Touch move,mushroom,Table,{206, 535}
2014-12-10T19:45:17.653Z,Touch move,mushroom,Table,{217, 538}
2014-12-10T19:45:17.669Z,Touch move,mushroom,Table,{232, 541}
2014-12-10T19:45:17.689Z,Touch move,mushroom,Table,{249, 545}
2014-12-10T19:45:17.703Z,Touch move,mushroom,Table,{265, 549}
2014-12-10T19:45:17.721Z,Touch move,mushroom,Table,{280, 553}
2014-12-10T19:45:17.736Z,Touch move,mushroom,Table,{295, 556}
2014-12-10T19:45:17.752Z,Touch move,mushroom,Table,{308, 559}
2014-12-10T19:45:17.770Z,Touch move,mushroom,Table,{318, 560}
2014-12-10T19:45:17.787Z,Touch move,mushroom,Table,{326, 561}
2014-12-10T19:45:17.803Z,Touch move,mushroom,Table,{330, 561}
2014-12-10T19:45:17.820Z,Touch move,mushroom,Table,{333, 561}
2014-12-10T19:45:17.838Z,Touch move,mushroom,Table,{334, 561}
2014-12-10T19:45:17.853Z,Touch move,mushroom,Table,{335, 561}
2014-12-10T19:45:17.869Z,Touch move,mushroom,Table,{335, 561}
2014-12-10T19:45:17.886Z,Touch move,mushroom,Table,{335, 561}
2014-12-10T19:45:17.902Z,Touch move,mushroom,Table,{335, 561}
2014-12-10T19:45:17.921Z,Touch move,mushroom,Table,{333, 561}
2014-12-10T19:45:17.937Z,Touch move,mushroom,Table,{327, 561}
2014-12-10T19:45:17.953Z,Touch end,mushroom,Table,{555, 293}
2014-12-10T19:45:17.954Z,Touch end,mushroom,Table,{325, 561}
2014-12-10T19:45:17.955Z,Food swallowed,2.00 like score for mushroom,Table,
2014-12-10T19:45:21.577Z,Food disliked,2.00 like score for mushroom,Table,
