time,event,object,scene,location
2014-10-28T15:33:03.593Z,App Started,iPad2,5,,
2014-10-28T15:33:03.614Z,Character Selected,monster2,,
2014-10-28T15:33:19.596Z,Touch start,sausage,Table,{296, 272}
2014-10-28T15:33:19.673Z,Touch end,sausage,Table,{296, 272}
2014-10-28T15:33:29.414Z,Touch start,sausage,Table,{162, 315}
2014-10-28T15:33:29.516Z,Touch end,sausage,Table,{165, 304}
2014-10-28T15:33:30.716Z,Touch start,sausage,Table,{173, 294}
2014-10-28T15:33:30.797Z,Touch move,sausage,Table,{180, 300}
2014-10-28T15:33:30.811Z,Touch move,sausage,Table,{181, 300}
2014-10-28T15:33:30.861Z,Touch end,sausage,Table,{178, 296}
2014-10-28T15:33:31.367Z,Touch start,sausage,Table,{167, 270}
2014-10-28T15:33:31.481Z,Touch end,sausage,Table,{168, 273}
2014-10-28T15:33:31.781Z,Touch start,sausage,Table,{182, 310}
2014-10-28T15:33:31.845Z,Touch end,sausage,Table,{176, 307}
2014-10-28T15:33:32.346Z,Touch start,sausage,Table,{163, 318}
2014-10-28T15:33:32.409Z,Touch end,sausage,Table,{157, 316}
2014-10-28T15:33:37.155Z,Scene Change,,Cutting,
2014-10-28T15:33:37.156Z,Touch,Knife Button,Cutting,{673.30005, 636.5}
2014-10-28T15:33:40.447Z,Touch start,static,Cutting,{485, 937}
2014-10-28T15:33:40.492Z,Touch end,static,Cutting,{480, 941}
2014-10-28T15:33:42.977Z,Touch start,static,Cutting,{435, 795}
2014-10-28T15:33:43.064Z,Touch move,static,Cutting,{423, 802}
2014-10-28T15:33:43.081Z,Touch end,static,Cutting,{421, 802}
2014-10-28T15:33:43.923Z,Touch start,static,Cutting,{262, 761}
2014-10-28T15:33:44.016Z,Touch end,static,Cutting,{255, 772}
2014-10-28T15:33:45.114Z,Scene Change,,Table,
2014-10-28T15:33:50.160Z,Touch start,static,Table,{210, 599}
2014-10-28T15:33:50.160Z,Touch start,sausage,Table,{210, 599}
2014-10-28T15:33:50.161Z,Touch move,sausage,Table,{210, 599}
2014-10-28T15:33:50.233Z,Touch end,sausage,Table,{203, 604}
2014-10-28T15:33:50.234Z,Touch end,static,Table,{203, 604}
2014-10-28T15:33:53.071Z,Touch start,pepper,Table,{890, 197}
2014-10-28T15:33:53.181Z,Touch end,pepper,Table,{890, 197}
2014-10-28T15:33:53.782Z,Touch start,salt,Table,{790, 197}
2014-10-28T15:33:53.881Z,Touch end,salt,Table,{790, 197}
2014-10-28T15:33:56.519Z,Touch start,sausage,Table,{207, 731}
2014-10-28T15:33:56.648Z,Touch end,sausage,Table,{206, 741}
2014-10-28T15:33:57.869Z,Touch start,sausage,Table,{211, 725}
2014-10-28T15:33:57.964Z,Touch end,sausage,Table,{202, 738}
2014-10-28T15:33:59.064Z,Touch start,sausage,Table,{196, 728}
2014-10-28T15:33:59.143Z,Touch end,sausage,Table,{193, 738}
2014-10-28T15:33:59.580Z,Touch start,salt,Table,{790, 197}
2014-10-28T15:33:59.645Z,Touch end,salt,Table,{790, 197}
2014-10-28T15:33:59.983Z,Touch start,sausage,Table,{187, 746}
2014-10-28T15:34:00.028Z,Touch end,sausage,Table,{181, 750}
2014-10-28T15:34:00.961Z,Touch start,pepper,Table,{890, 197}
2014-10-28T15:34:01.009Z,Touch end,pepper,Table,{890, 197}
2014-10-28T15:34:01.227Z,Touch start,pepper,Table,{890, 197}
2014-10-28T15:34:01.244Z,Touch move,pepper,Table,{164, 858}
2014-10-28T15:34:01.276Z,Touch move,pepper,Table,{164, 860}
2014-10-28T15:34:01.293Z,Touch end,pepper,Table,{860, 194.5}
2014-10-28T15:34:01.526Z,Touch start,pepper,Table,{860, 195.22028}
2014-10-28T15:34:01.593Z,Touch end,pepper,Table,{860, 195.22028}
2014-10-28T15:34:07.194Z,Character Selected,monster2,,
2014-10-28T15:34:10.831Z,Touch start,carrot,Table,{118, 257}
2014-10-28T15:34:10.927Z,Touch end,carrot,Table,{110, 263}
2014-10-28T15:34:16.084Z,Scene Change,,Frying,
2014-10-28T15:34:16.084Z,Touch,Frying Pan Button,Frying,{915.30005, 392.5}
2014-10-28T15:34:16.541Z,Frying start,carrot,Frying,
2014-10-28T15:34:20.025Z,Touch start,static,Frying,{655, 912}
2014-10-28T15:34:20.064Z,Touch end,static,Frying,{653, 914}
2014-10-28T15:34:21.226Z,Frying end,carrot fried 53.33% burned 0.00% hot,Frying,
2014-10-28T15:34:21.231Z,Scene Change,,Table,
2014-10-28T15:34:26.295Z,Touch start,carrot,Table,{174, 517}
2014-10-28T15:34:26.311Z,Touch move,carrot,Table,{178, 512}
2014-10-28T15:34:26.328Z,Touch move,carrot,Table,{178, 511}
2014-10-28T15:34:26.375Z,Touch move,carrot,Table,{177, 514}
2014-10-28T15:34:26.394Z,Touch end,carrot,Table,{175, 516}
2014-10-28T15:34:27.274Z,Touch start,static,Table,{199, 547}
2014-10-28T15:34:27.275Z,Touch start,carrot,Table,{199, 547}
2014-10-28T15:34:27.276Z,Touch move,carrot,Table,{199, 547}
2014-10-28T15:34:27.320Z,Touch move,carrot,Table,{198, 550}
2014-10-28T15:34:27.321Z,Touch move,static,Table,{198, 550}
2014-10-28T15:34:27.337Z,Touch move,carrot,Table,{198, 555}
2014-10-28T15:34:27.338Z,Touch move,static,Table,{198, 555}
2014-10-28T15:34:27.353Z,Touch move,carrot,Table,{195, 562}
2014-10-28T15:34:27.354Z,Touch move,static,Table,{195, 562}
2014-10-28T15:34:27.370Z,Touch move,carrot,Table,{189, 575}
2014-10-28T15:34:27.372Z,Touch move,static,Table,{189, 575}
2014-10-28T15:34:27.386Z,Touch end,carrot,Table,{187, 577}
2014-10-28T15:34:27.389Z,Touch end,static,Table,{187, 577}
2014-10-28T15:34:28.557Z,Touch start,carrot,Table,{182, 587}
2014-10-28T15:34:28.589Z,Touch move,carrot,Table,{185, 588}
2014-10-28T15:34:28.603Z,Touch move,carrot,Table,{186, 592}
2014-10-28T15:34:28.620Z,Touch move,carrot,Table,{186, 602}
2014-10-28T15:34:28.636Z,Touch move,carrot,Table,{186, 613}
2014-10-28T15:34:28.653Z,Touch move,carrot,Table,{186, 631}
2014-10-28T15:34:28.669Z,Touch move,carrot,Table,{185, 648}
2014-10-28T15:34:28.686Z,Touch move,carrot,Table,{181, 672}
2014-10-28T15:34:28.702Z,Touch move,carrot,Table,{177, 694}
2014-10-28T15:34:28.718Z,Touch move,carrot,Table,{174, 719}
2014-10-28T15:34:28.736Z,Touch move,carrot,Table,{171, 742}
2014-10-28T15:34:28.752Z,Touch move,carrot,Table,{169, 764}
2014-10-28T15:34:28.769Z,Touch end,carrot,Table,{164, 783}
2014-10-28T15:34:30.118Z,Touch start,carrot,Table,{146, 745}
2014-10-28T15:34:30.147Z,Touch end,carrot,Table,{145, 751}
2014-10-28T15:34:32.143Z,Touch start,salt,Table,{790, 197}
2014-10-28T15:34:32.209Z,Touch end,salt,Table,{790, 197}
2014-10-28T15:34:32.930Z,Touch start,salt,Table,{790, 197}
2014-10-28T15:34:33.044Z,Touch end,salt,Table,{790, 197}
2014-10-28T15:34:37.626Z,Character Selected,monster2,,
2014-10-28T15:34:40.710Z,Touch start,lemon,Table,{296, 409}
2014-10-28T15:34:40.836Z,Touch end,lemon,Table,{296, 409}
2014-10-28T15:34:45.869Z,Scene Change,,Frying,
2014-10-28T15:34:45.869Z,Touch,Frying Pan Button,Frying,{915.30005, 392.5}
2014-10-28T15:34:46.292Z,Frying start,lemon,Frying,
2014-10-28T15:34:50.480Z,Frying end,lemon fried 47.84% burned 0.00% hot,Frying,
2014-10-28T15:34:50.485Z,Scene Change,,Table,
2014-10-28T15:34:51.381Z,Food disliked,2.00 like score for lemon fried 47.84% burned 0.00% hot,Table,
2014-10-28T15:34:59.496Z,Touch start,lemon,Table,{169, 555}
2014-10-28T15:34:59.543Z,Touch end,lemon,Table,{169, 561}
2014-10-28T15:35:00.277Z,Touch start,lemon,Table,{221, 534}
2014-10-28T15:35:00.308Z,Touch move,lemon,Table,{219, 540}
2014-10-28T15:35:00.327Z,Touch move,lemon,Table,{219, 550}
2014-10-28T15:35:00.343Z,Touch move,lemon,Table,{219, 565}
2014-10-28T15:35:00.358Z,Touch move,lemon,Table,{218, 589}
2014-10-28T15:35:00.377Z,Touch move,lemon,Table,{217, 612}
2014-10-28T15:35:00.393Z,Touch end,lemon,Table,{213, 643}
2014-10-28T15:35:06.917Z,Touch start,pepper,Table,{890, 197}
2014-10-28T15:35:06.967Z,Touch move,pepper,Table,{187, 856}
2014-10-28T15:35:06.983Z,Touch move,pepper,Table,{186, 834}
2014-10-28T15:35:07.000Z,Touch move,pepper,Table,{176, 800}
2014-10-28T15:35:07.016Z,Touch end,pepper,Table,{800, 194.5}
2014-10-28T15:35:07.839Z,Touch start,lemon,Table,{182, 942}
2014-10-28T15:35:07.851Z,Touch move,lemon,Table,{183, 938}
2014-10-28T15:35:07.867Z,Touch move,lemon,Table,{185, 932}
2014-10-28T15:35:07.886Z,Touch move,lemon,Table,{186, 922}
2014-10-28T15:35:07.901Z,Touch move,lemon,Table,{186, 905}
2014-10-28T15:35:07.917Z,Touch move,lemon,Table,{179, 884}
2014-10-28T15:35:07.934Z,Touch move,lemon,Table,{171, 863}
2014-10-28T15:35:07.951Z,Touch end,lemon,Table,{159, 839}
2014-10-28T15:35:10.972Z,Touch start,static,Table,{206, 639}
2014-10-28T15:35:10.973Z,Touch start,lemon,Table,{206, 639}
2014-10-28T15:35:10.974Z,Touch move,lemon,Table,{206, 639}
2014-10-28T15:35:11.012Z,Touch move,lemon,Table,{205, 637}
2014-10-28T15:35:11.012Z,Touch move,static,Table,{205, 637}
2014-10-28T15:35:11.029Z,Touch move,lemon,Table,{205, 631}
2014-10-28T15:35:11.029Z,Touch move,static,Table,{205, 631}
2014-10-28T15:35:11.045Z,Touch move,lemon,Table,{204, 624}
2014-10-28T15:35:11.045Z,Touch move,static,Table,{204, 624}
2014-10-28T15:35:11.063Z,Touch move,lemon,Table,{200, 609}
2014-10-28T15:35:11.064Z,Touch move,static,Table,{200, 609}
2014-10-28T15:35:11.077Z,Touch move,lemon,Table,{192, 594}
2014-10-28T15:35:11.078Z,Touch move,static,Table,{192, 594}
2014-10-28T15:35:11.094Z,Touch move,lemon,Table,{183, 580}
2014-10-28T15:35:11.095Z,Touch move,static,Table,{183, 580}
2014-10-28T15:35:11.111Z,Touch move,lemon,Table,{176, 569}
2014-10-28T15:35:11.111Z,Touch move,static,Table,{176, 569}
2014-10-28T15:35:11.127Z,Touch end,lemon,Table,{168, 559}
2014-10-28T15:35:11.128Z,Touch end,static,Table,{168, 559}
2014-10-28T15:35:13.368Z,Touch start,pepper,Table,{800, 197}
2014-10-28T15:35:13.384Z,Touch move,pepper,Table,{168, 821}
2014-10-28T15:35:13.400Z,Touch move,pepper,Table,{168, 814}
2014-10-28T15:35:13.417Z,Touch move,pepper,Table,{168, 804}
2014-10-28T15:35:13.433Z,Touch move,pepper,Table,{166, 789}
2014-10-28T15:35:13.450Z,Touch move,pepper,Table,{157, 768}
2014-10-28T15:35:13.467Z,Touch move,pepper,Table,{142, 744}
2014-10-28T15:35:13.484Z,Touch move,pepper,Table,{129, 724}
2014-10-28T15:35:13.501Z,Touch end,pepper,Table,{724, 194.5}
2014-10-28T15:35:14.712Z,Touch start,salt,Table,{790, 197}
2014-10-28T15:35:14.729Z,Touch move,salt,Table,{183, 755}
2014-10-28T15:35:14.745Z,Touch move,salt,Table,{180, 723}
2014-10-28T15:35:14.762Z,Touch move,salt,Table,{168, 688}
2014-10-28T15:35:14.779Z,Touch move,salt,Table,{149, 657}
2014-10-28T15:35:14.797Z,Touch end,salt,Table,{657, 194.5}
2014-10-28T15:35:15.415Z,Touch start,pepper,Table,{724, 197}
2014-10-28T15:35:15.431Z,Touch move,pepper,Table,{183, 710}
2014-10-28T15:35:15.448Z,Touch move,pepper,Table,{185, 694}
2014-10-28T15:35:15.464Z,Touch move,pepper,Table,{183, 666}
2014-10-28T15:35:15.481Z,Touch end,pepper,Table,{666, 194.5}
2014-10-28T15:35:16.629Z,Touch start,static,Table,{208, 702}
2014-10-28T15:35:16.643Z,Touch move,static,Table,{206, 694}
2014-10-28T15:35:16.660Z,Touch move,static,Table,{203, 678}
2014-10-28T15:35:16.677Z,Touch move,static,Table,{189, 655}
2014-10-28T15:35:16.692Z,Touch move,static,Table,{174, 632}
2014-10-28T15:35:16.709Z,Touch move,static,Table,{163, 615}
2014-10-28T15:35:16.726Z,Touch move,static,Table,{151, 601}
2014-10-28T15:35:16.743Z,Touch move,static,Table,{142, 592}
2014-10-28T15:35:16.760Z,Touch move,static,Table,{136, 587}
2014-10-28T15:35:16.776Z,Touch move,static,Table,{130, 585}
2014-10-28T15:35:16.793Z,Touch end,static,Table,{123, 583}
2014-10-28T15:35:17.030Z,Touch start,static,Table,{212, 703}
2014-10-28T15:35:17.042Z,Touch move,static,Table,{212, 699}
2014-10-28T15:35:17.061Z,Touch move,static,Table,{211, 688}
2014-10-28T15:35:17.077Z,Touch move,static,Table,{206, 675}
2014-10-28T15:35:17.093Z,Touch move,static,Table,{194, 657}
2014-10-28T15:35:17.110Z,Touch move,static,Table,{183, 640}
2014-10-28T15:35:17.127Z,Touch move,static,Table,{172, 625}
2014-10-28T15:35:17.144Z,Touch move,static,Table,{165, 613}
2014-10-28T15:35:17.160Z,Touch move,static,Table,{161, 606}
2014-10-28T15:35:17.176Z,Touch move,static,Table,{158, 602}
2014-10-28T15:35:17.191Z,Touch move,static,Table,{157, 601}
2014-10-28T15:35:17.211Z,Touch move,static,Table,{155, 600}
2014-10-28T15:35:17.226Z,Touch move,static,Table,{153, 599}
2014-10-28T15:35:17.243Z,Touch move,static,Table,{146, 596}
2014-10-28T15:35:17.260Z,Touch move,static,Table,{137, 593}
2014-10-28T15:35:17.276Z,Touch move,static,Table,{130, 592}
2014-10-28T15:35:17.293Z,Touch move,static,Table,{124, 592}
2014-10-28T15:35:17.310Z,Touch end,static,Table,{119, 594}
2014-10-28T15:35:17.594Z,Touch start,pepper,Table,{666, 197}
2014-10-28T15:35:17.643Z,Touch move,pepper,Table,{182, 660}
2014-10-28T15:35:17.659Z,Touch move,pepper,Table,{182, 670}
2014-10-28T15:35:17.677Z,Touch move,pepper,Table,{182, 685}
2014-10-28T15:35:17.693Z,Touch move,pepper,Table,{182, 703}
2014-10-28T15:35:17.709Z,Touch move,pepper,Table,{183, 724}
2014-10-28T15:35:17.726Z,Touch move,pepper,Table,{183, 748}
2014-10-28T15:35:17.744Z,Touch end,pepper,Table,{748, 194.5}
2014-10-28T15:35:18.694Z,Touch start,salt,Table,{657, 197}
2014-10-28T15:35:18.710Z,Touch move,salt,Table,{174, 669}
2014-10-28T15:35:18.727Z,Touch move,salt,Table,{170, 657}
2014-10-28T15:35:18.744Z,Touch move,salt,Table,{160, 643}
2014-10-28T15:35:18.759Z,Touch move,salt,Table,{147, 628}
2014-10-28T15:35:18.776Z,Touch move,salt,Table,{136, 612}
2014-10-28T15:35:18.791Z,Touch move,salt,Table,{124, 599}
2014-10-28T15:35:18.811Z,Touch move,salt,Table,{117, 591}
2014-10-28T15:35:18.827Z,Touch end,salt,Table,{591, 194.5}
2014-10-28T15:35:19.796Z,Touch start,static,Table,{159, 631}
2014-10-28T15:35:19.827Z,Touch move,static,Table,{160, 631}
2014-10-28T15:35:19.843Z,Touch move,static,Table,{161, 629}
2014-10-28T15:35:19.858Z,Touch move,static,Table,{162, 623}
2014-10-28T15:35:19.878Z,Touch move,static,Table,{165, 612}
2014-10-28T15:35:19.893Z,Touch move,static,Table,{168, 599}
2014-10-28T15:35:19.910Z,Touch move,static,Table,{172, 585}
2014-10-28T15:35:19.927Z,Touch move,static,Table,{175, 569}
2014-10-28T15:35:19.943Z,Touch move,static,Table,{177, 553}
2014-10-28T15:35:19.960Z,Touch move,static,Table,{179, 536}
2014-10-28T15:35:19.976Z,Touch move,static,Table,{180, 519}
2014-10-28T15:35:19.993Z,Touch move,static,Table,{181, 504}
2014-10-28T15:35:20.007Z,Touch move,static,Table,{182, 493}
2014-10-28T15:35:20.027Z,Touch move,static,Table,{182, 483}
2014-10-28T15:35:20.043Z,Touch end,static,Table,{180, 474}
2014-10-28T15:35:20.388Z,Touch start,salt,Table,{591, 197}
2014-10-28T15:35:20.421Z,Touch move,salt,Table,{168, 592}
2014-10-28T15:35:20.437Z,Touch move,salt,Table,{169, 583}
2014-10-28T15:35:20.454Z,Touch move,salt,Table,{171, 573}
2014-10-28T15:35:20.473Z,Touch move,salt,Table,{174, 558}
2014-10-28T15:35:20.487Z,Touch move,salt,Table,{177, 545}
2014-10-28T15:35:20.504Z,Touch move,salt,Table,{180, 531}
2014-10-28T15:35:20.520Z,Touch move,salt,Table,{182, 518}
2014-10-28T15:35:20.538Z,Touch move,salt,Table,{184, 503}
2014-10-28T15:35:20.553Z,Touch move,salt,Table,{184, 491}
2014-10-28T15:35:20.570Z,Touch move,salt,Table,{184, 474}
2014-10-28T15:35:20.587Z,Touch end,salt,Table,{474, 194.5}
2014-10-28T15:35:22.634Z,Touch start,pepper,Table,{748, 197}
2014-10-28T15:35:22.649Z,Touch move,pepper,Table,{177, 764}
2014-10-28T15:35:22.667Z,Touch move,pepper,Table,{176, 755}
2014-10-28T15:35:22.683Z,Touch move,pepper,Table,{176, 746}
2014-10-28T15:35:22.700Z,Touch move,pepper,Table,{174, 740}
2014-10-28T15:35:22.716Z,Touch move,pepper,Table,{173, 733}
2014-10-28T15:35:22.733Z,Touch move,pepper,Table,{170, 724}
2014-10-28T15:35:22.750Z,Touch move,pepper,Table,{166, 717}
2014-10-28T15:35:22.766Z,Touch end,pepper,Table,{717, 194.5}
2014-10-28T15:35:23.933Z,Touch start,pepper,Table,{717, 197}
2014-10-28T15:35:23.966Z,Touch move,pepper,Table,{183, 744}
2014-10-28T15:35:23.982Z,Touch move,pepper,Table,{183, 738}
2014-10-28T15:35:23.999Z,Touch move,pepper,Table,{183, 732}
2014-10-28T15:35:24.016Z,Touch move,pepper,Table,{183, 724}
2014-10-28T15:35:24.033Z,Touch move,pepper,Table,{183, 714}
2014-10-28T15:35:24.049Z,Touch move,pepper,Table,{181, 703}
2014-10-28T15:35:24.066Z,Touch move,pepper,Table,{176, 690}
2014-10-28T15:35:24.082Z,Touch move,pepper,Table,{170, 679}
2014-10-28T15:35:24.099Z,Touch move,pepper,Table,{162, 667}
2014-10-28T15:35:24.116Z,Touch move,pepper,Table,{151, 656}
2014-10-28T15:35:24.132Z,Touch end,pepper,Table,{656, 194.5}
2014-10-28T15:35:24.635Z,Touch start,static,Table,{178, 729}
2014-10-28T15:35:24.647Z,Touch move,static,Table,{178, 725}
2014-10-28T15:35:24.663Z,Touch move,static,Table,{178, 717}
2014-10-28T15:35:24.680Z,Touch move,static,Table,{178, 709}
2014-10-28T15:35:24.697Z,Touch move,static,Table,{178, 699}
2014-10-28T15:35:24.713Z,Touch move,static,Table,{177, 689}
2014-10-28T15:35:24.730Z,Touch move,static,Table,{175, 679}
2014-10-28T15:35:24.747Z,Touch move,static,Table,{172, 669}
2014-10-28T15:35:24.763Z,Touch move,static,Table,{167, 657}
2014-10-28T15:35:24.780Z,Touch move,static,Table,{158, 647}
2014-10-28T15:35:24.796Z,Touch move,static,Table,{147, 635}
2014-10-28T15:35:24.813Z,Touch end,static,Table,{145, 633}
2014-10-28T15:35:25.195Z,Touch start,pepper,Table,{656, 197}
2014-10-28T15:35:25.230Z,Touch move,pepper,Table,{153, 634}
2014-10-28T15:35:25.277Z,Touch move,pepper,Table,{151, 633}
2014-10-28T15:35:25.294Z,Touch end,pepper,Table,{633, 194.5}
2014-10-28T15:35:25.530Z,Touch start,static,Table,{184, 692}
2014-10-28T15:35:25.559Z,Touch move,static,Table,{177, 681}
2014-10-28T15:35:25.576Z,Touch move,static,Table,{164, 668}
2014-10-28T15:35:25.592Z,Touch end,static,Table,{162, 666}
2014-10-28T15:35:26.050Z,Touch start,static,Table,{188, 694}
2014-10-28T15:35:26.079Z,Touch move,static,Table,{183, 684}
2014-10-28T15:35:26.096Z,Touch move,static,Table,{177, 677}
2014-10-28T15:35:26.112Z,Touch move,static,Table,{170, 671}
2014-10-28T15:35:26.129Z,Touch move,static,Table,{160, 661}
2014-10-28T15:35:26.145Z,Touch move,static,Table,{146, 652}
2014-10-28T15:35:26.162Z,Touch move,static,Table,{129, 641}
2014-10-28T15:35:26.178Z,Touch move,static,Table,{118, 633}
2014-10-28T15:35:26.195Z,Touch move,static,Table,{110, 630}
2014-10-28T15:35:26.211Z,Touch move,static,Table,{105, 627}
2014-10-28T15:35:26.228Z,Touch end,static,Table,{96, 623}
2014-10-28T15:35:26.779Z,Touch start,lemon,Table,{202, 406}
2014-10-28T15:35:26.876Z,Touch end,lemon,Table,{194, 407}
2014-10-28T15:35:32.214Z,Character Selected,monster2,,
2014-10-28T15:35:35.841Z,Touch start,tomato,Table,{296, 548}
2014-10-28T15:35:35.933Z,Touch end,tomato,Table,{296, 548}
2014-10-28T15:35:40.777Z,Scene Change,,Microwave,
2014-10-28T15:35:40.777Z,Touch,Microwave Button,Microwave,{805.30005, 140}
2014-10-28T15:35:46.384Z,Microwaving end,tomato,Microwave,
2014-10-28T15:35:46.388Z,Scene Change,,Table,
2014-10-28T15:35:50.209Z,Touch start,pepper,Table,{890, 197}
2014-10-28T15:35:50.288Z,Touch end,pepper,Table,{890, 197}
2014-10-28T15:35:51.108Z,Touch start,tomato,Table,{188, 493}
2014-10-28T15:35:51.151Z,Touch move,tomato,Table,{190, 501}
2014-10-28T15:35:51.168Z,Touch move,tomato,Table,{191, 514}
2014-10-28T15:35:51.184Z,Touch move,tomato,Table,{193, 531}
2014-10-28T15:35:51.201Z,Touch move,tomato,Table,{194, 551}
2014-10-28T15:35:51.217Z,Touch move,tomato,Table,{196, 576}
2014-10-28T15:35:51.236Z,Touch move,tomato,Table,{198, 598}
2014-10-28T15:35:51.251Z,Touch move,tomato,Table,{199, 623}
2014-10-28T15:35:51.268Z,Touch move,tomato,Table,{199, 649}
2014-10-28T15:35:51.284Z,Touch move,tomato,Table,{199, 677}
2014-10-28T15:35:51.300Z,Touch move,tomato,Table,{196, 702}
2014-10-28T15:35:51.317Z,Touch move,tomato,Table,{194, 727}
2014-10-28T15:35:51.334Z,Touch end,tomato,Table,{192, 729}
2014-10-28T15:35:54.077Z,Touch start,pepper,Table,{890, 197}
2014-10-28T15:35:54.141Z,Touch end,pepper,Table,{890, 197}
2014-10-28T15:35:55.186Z,Touch start,salt,Table,{790, 197}
2014-10-28T15:35:55.268Z,Touch end,salt,Table,{790, 197}
2014-10-28T15:35:57.575Z,Touch move,static,Table,{195, 997}
2014-10-28T15:35:57.594Z,Touch move,static,Table,{200, 988}
2014-10-28T15:35:57.610Z,Touch move,static,Table,{204, 972}
2014-10-28T15:35:57.626Z,Touch move,static,Table,{205, 948}
2014-10-28T15:35:57.643Z,Touch move,static,Table,{196, 906}
2014-10-28T15:36:00.916Z,Scene Change,,Frying,
2014-10-28T15:36:00.917Z,Touch,Frying Pan Button,Frying,{915.30005, 392.5}
2014-10-28T15:36:01.342Z,Frying start,tomato,Frying,
2014-10-28T15:36:04.835Z,Touch start,static,Frying,{686, 928}
2014-10-28T15:36:04.866Z,Touch end,static,Frying,{684, 928}
2014-10-28T15:36:05.778Z,Frying end,tomato fried 50.98% burned 0.00% hot,Frying,
2014-10-28T15:36:05.783Z,Scene Change,,Table,
2014-10-28T15:36:15.545Z,Touch start,static,Table,{39, 756}
2014-10-28T15:36:16.170Z,Touch move,static,Table,{34, 755}
2014-10-28T15:36:16.303Z,Touch move,static,Table,{35, 755}
2014-10-28T15:36:16.319Z,Touch move,static,Table,{35, 754}
2014-10-28T15:36:16.354Z,Touch end,static,Table,{29, 734}
2014-10-28T15:36:16.759Z,Touch start,static,Table,{69, 670}
2014-10-28T15:36:16.940Z,Touch move,static,Table,{66, 672}
2014-10-28T15:36:16.954Z,Touch move,static,Table,{65, 672}
2014-10-28T15:36:16.987Z,Touch move,static,Table,{64, 673}
2014-10-28T15:36:17.006Z,Touch move,static,Table,{64, 674}
2014-10-28T15:36:17.020Z,Touch move,static,Table,{64, 675}
2014-10-28T15:36:17.037Z,Touch move,static,Table,{63, 675}
2014-10-28T15:36:17.203Z,Touch move,static,Table,{63, 676}
2014-10-28T15:36:17.220Z,Touch end,static,Table,{64, 680}
2014-10-28T15:36:17.407Z,Touch start,static,Table,{61, 679}
2014-10-28T15:36:17.552Z,Touch end,static,Table,{62, 675}
2014-10-28T15:36:17.706Z,Touch start,static,Table,{61, 659}
2014-10-28T15:36:17.834Z,Touch end,static,Table,{60, 663}
2014-10-28T15:36:22.141Z,Character Selected,monster2,,
2014-10-28T15:36:26.080Z,Touch start,mushroom,Table,{118, 540}
2014-10-28T15:36:26.212Z,Touch end,mushroom,Table,{118, 540}
2014-10-28T15:36:30.642Z,Scene Change,,Frying,
2014-10-28T15:36:30.642Z,Touch,Frying Pan Button,Frying,{915.30005, 392.5}
2014-10-28T15:36:31.067Z,Frying start,mushroom,Frying,
2014-10-28T15:36:33.169Z,Touch start,static,Frying,{607, 942}
2014-10-28T15:36:33.230Z,Touch end,static,Frying,{608, 947}
2014-10-28T15:36:34.409Z,Frying end,mushroom fried 38.04% burned 0.00% hot,Frying,
2014-10-28T15:36:34.412Z,Scene Change,,Table,
2014-10-28T15:36:41.583Z,Character Selected,monster2,,
2014-10-28T15:36:46.747Z,Touch start,broccoli,Table,{118, 408}
2014-10-28T15:36:46.843Z,Touch end,broccoli,Table,{118, 408}
2014-10-28T15:36:46.880Z,Food disliked,1.50 like score for broccoli,Table,
2014-10-28T15:36:51.848Z,Scene Change,,Frying,
2014-10-28T15:36:51.849Z,Touch,Frying Pan Button,Frying,{915.30005, 392.5}
2014-10-28T15:36:52.265Z,Frying start,broccoli,Frying,
2014-10-28T15:36:54.173Z,Touch start,static,Frying,{697, 913}
2014-10-28T15:36:54.213Z,Touch end,static,Frying,{687, 908}
2014-10-28T15:36:55.175Z,Frying end,broccoli fried 33.33% burned 0.00% hot,Frying,
2014-10-28T15:36:55.180Z,Scene Change,,Table,
2014-10-28T15:36:56.082Z,Food spitted out,0.00 like score for broccoli fried 33.33% burned 0.00% hot,Table,
2014-10-28T15:37:02.238Z,Character Selected,monster2,,
2014-10-28T15:37:07.364Z,Touch start,carrot,Table,{118, 257}
2014-10-28T15:37:07.460Z,Touch end,carrot,Table,{126, 252}
2014-10-28T15:37:11.279Z,Scene Change,,Frying,
2014-10-28T15:37:11.279Z,Touch,Frying Pan Button,Frying,{915.30005, 392.5}
2014-10-28T15:37:11.697Z,Frying start,carrot,Frying,
2014-10-28T15:37:14.617Z,Touch start,static,Frying,{621, 911}
2014-10-28T15:37:14.676Z,Touch end,static,Frying,{623, 916}
2014-10-28T15:37:16.191Z,Touch start,static,Frying,{691, 971}
2014-10-28T15:37:16.256Z,Touch end,static,Frying,{672, 955}
2014-10-28T15:37:16.607Z,Touch start,static,Frying,{667, 878}
2014-10-28T15:37:16.653Z,Touch move,static,Frying,{669, 896}
2014-10-28T15:37:16.670Z,Touch end,static,Frying,{669, 898}
2014-10-28T15:37:17.484Z,Frying end,carrot fried 66.67% burned 0.00% hot,Frying,
2014-10-28T15:37:17.489Z,Scene Change,,Table,
2014-10-28T15:37:24.418Z,Character Selected,monster2,,
2014-10-28T15:37:27.926Z,Touch start,meat,Table,{118, 136}
2014-10-28T15:37:28.044Z,Touch end,meat,Table,{118, 136}
2014-10-28T15:37:33.057Z,Scene Change,,Frying,
2014-10-28T15:37:33.058Z,Touch,Frying Pan Button,Frying,{915.30005, 392.5}
2014-10-28T15:37:33.480Z,Frying start,meat,Frying,
2014-10-28T15:37:35.205Z,Touch start,static,Frying,{644, 932}
2014-10-28T15:37:35.249Z,Touch end,static,Frying,{641, 940}
2014-10-28T15:37:35.818Z,Touch start,static,Frying,{639, 42}
2014-10-28T15:37:35.832Z,Touch move,static,Frying,{644, 32}
2014-10-28T15:37:35.847Z,Touch move,static,Frying,{649, 33}
2014-10-28T15:37:35.864Z,Touch move,static,Frying,{666, 55}
2014-10-28T15:37:35.880Z,Touch end,static,Frying,{668, 57}
2014-10-28T15:37:36.411Z,Frying end,meat fried 33.73% burned 0.00% hot,Frying,
2014-10-28T15:37:36.416Z,Scene Change,,Table,
2014-10-28T15:37:42.561Z,Character Selected,monster2,,
2014-10-28T15:37:48.660Z,Touch start,static,Table,{195, 560}
2014-10-28T15:37:48.807Z,Touch move,static,Table,{191, 555}
2014-10-28T15:37:48.827Z,Touch move,static,Table,{190, 554}
2014-10-28T15:37:48.843Z,Touch move,static,Table,{188, 553}
2014-10-28T15:37:48.859Z,Touch move,static,Table,{187, 553}
2014-10-28T15:37:48.875Z,Touch move,static,Table,{186, 552}
2014-10-28T15:37:48.892Z,Touch move,static,Table,{185, 551}
2014-10-28T15:37:48.942Z,Touch move,static,Table,{184, 551}
2014-10-28T15:37:48.977Z,Touch move,static,Table,{183, 550}
2014-10-28T15:37:48.988Z,Touch move,static,Table,{182, 550}
2014-10-28T15:37:49.021Z,Touch move,static,Table,{181, 549}
2014-10-28T15:37:49.126Z,Touch move,static,Table,{180, 549}
2014-10-28T15:37:49.192Z,Touch move,static,Table,{179, 548}
2014-10-28T15:37:49.211Z,Touch end,static,Table,{176, 546}
2014-10-28T15:37:57.581Z,Character Selected,monster2,,
2014-10-28T15:38:01.612Z,Touch start,monsterfood,Table,{296, 153}
2014-10-28T15:38:01.861Z,Touch end,monsterfood,Table,{296, 153}
2014-10-28T15:38:05.543Z,Scene Change,,Frying,
2014-10-28T15:38:05.544Z,Touch,Frying Pan Button,Frying,{915.30005, 392.5}
2014-10-28T15:38:05.958Z,Frying start,monster,Frying,
2014-10-28T15:38:07.608Z,Touch start,static,Frying,{636, 908}
2014-10-28T15:38:07.676Z,Touch end,static,Frying,{632, 913}
2014-10-28T15:38:08.275Z,Touch start,static,Frying,{713, 3}
2014-10-28T15:38:08.320Z,Touch move,static,Frying,{717, 24}
2014-10-28T15:38:08.336Z,Touch end,static,Frying,{717, 26}
2014-10-28T15:38:09.122Z,Frying end,monster fried 36.08% burned 0.00% hot,Frying,
2014-10-28T15:38:09.126Z,Scene Change,,Table,
2014-10-28T15:38:16.839Z,Character Selected,monster2,,
2014-10-28T15:38:24.092Z,Touch start,tomato,Table,{296, 548}
2014-10-28T15:38:24.183Z,Touch end,tomato,Table,{307, 546}
2014-10-28T15:38:29.198Z,Character Selected,monster2,,
2014-10-28T15:38:32.556Z,Touch start,tomato,Table,{296, 548}
2014-10-28T15:38:32.631Z,Touch end,tomato,Table,{296, 548}
2014-10-28T15:38:36.811Z,Character Selected,monster2,,
2014-10-28T15:38:40.177Z,Touch start,mushroom,Table,{118, 540}
2014-10-28T15:38:40.326Z,Touch end,mushroom,Table,{118, 540}
2014-10-28T15:38:46.930Z,Character Selected,monster2,,
2014-10-28T15:38:59.874Z,Touch start,fridge,Table,{236, 384}
2014-10-28T15:38:59.991Z,Touch end,fridge,Table,{236, 384}
2014-10-28T15:39:01.289Z,Touch start,fridge,Table,{236, 384}
2014-10-28T15:39:01.358Z,Touch end,fridge,Table,{218, 384}
2014-10-28T15:39:02.708Z,Touch start,fridge,Table,{236, 384}
2014-10-28T15:39:02.858Z,Touch end,fridge,Table,{97, 384}
2014-10-28T15:39:05.028Z,Touch start,static,Table,{213, 939}
2014-10-28T15:39:05.041Z,Touch move,static,Table,{213, 911}
2014-10-28T15:39:05.057Z,Touch move,static,Table,{209, 872}
2014-10-28T15:39:05.058Z,Touch move,static,Table,{202, 827}
2014-10-28T15:39:05.073Z,Touch move,static,Table,{192, 783}
2014-10-28T15:39:05.092Z,Touch move,static,Table,{180, 741}
2014-10-28T15:39:05.108Z,Touch move,static,Table,{164, 698}
2014-10-28T15:39:05.124Z,Touch move,static,Table,{144, 661}
2014-10-28T15:39:05.140Z,Touch end,static,Table,{123, 628}
2014-10-28T15:39:06.076Z,Touch start,static,Table,{344, 548}
2014-10-28T15:39:06.124Z,Touch move,static,Table,{336, 541}
2014-10-28T15:39:06.141Z,Touch end,static,Table,{328, 540}
2014-10-28T15:39:06.609Z,Touch start,static,Table,{470, 544}
2014-10-28T15:39:06.627Z,Touch move,static,Table,{473, 538}
2014-10-28T15:39:06.627Z,Touch move,static,Table,{472, 536}
2014-10-28T15:39:06.640Z,Touch end,static,Table,{470, 534}
2014-10-28T15:39:06.943Z,Touch start,static,Table,{484, 501}
2014-10-28T15:39:06.958Z,Touch move,static,Table,{486, 504}
2014-10-28T15:39:06.974Z,Touch move,static,Table,{492, 533}
2014-10-28T15:39:06.991Z,Touch end,static,Table,{494, 535}
2014-10-28T15:39:07.243Z,Touch start,static,Table,{435, 511}
2014-10-28T15:39:07.259Z,Touch move,static,Table,{434, 514}
2014-10-28T15:39:07.260Z,Touch move,static,Table,{435, 515}
2014-10-28T15:39:07.275Z,Touch move,static,Table,{438, 529}
2014-10-28T15:39:07.290Z,Touch end,static,Table,{438, 531}
2014-10-28T15:39:07.576Z,Touch start,static,Table,{455, 530}
2014-10-28T15:39:07.624Z,Touch move,static,Table,{460, 547}
2014-10-28T15:39:07.657Z,Touch end,static,Table,{461, 549}
2014-10-28T15:39:07.860Z,Touch start,static,Table,{488, 521}
2014-10-28T15:39:07.924Z,Touch end,static,Table,{481, 537}
2014-10-28T15:39:11.743Z,Character Selected,monster2,,
2014-10-28T15:39:16.397Z,Touch start,tomato,Table,{296, 548}
2014-10-28T15:39:16.476Z,Touch end,tomato,Table,{296, 548}
2014-10-28T15:39:21.830Z,Scene Change,,Cutting,
2014-10-28T15:39:21.830Z,Touch,Knife Button,Cutting,{673.30005, 636.5}
2014-10-28T15:39:24.483Z,Touch start,static,Cutting,{556, 923}
2014-10-28T15:39:24.526Z,Touch end,static,Cutting,{547, 927}
2014-10-28T15:39:27.398Z,Touch start,static,Cutting,{273, 881}
2014-10-28T15:39:27.454Z,Touch move,static,Cutting,{267, 884}
2014-10-28T15:39:27.470Z,Touch move,static,Cutting,{263, 884}
2014-10-28T15:39:27.489Z,Touch move,static,Cutting,{256, 884}
2014-10-28T15:39:27.504Z,Touch end,static,Cutting,{254, 883}
2014-10-28T15:39:28.306Z,Touch start,static,Cutting,{444, 757}
2014-10-28T15:39:28.317Z,Touch move,static,Cutting,{451, 752}
2014-10-28T15:39:28.334Z,Touch move,static,Cutting,{452, 752}
2014-10-28T15:39:28.385Z,Touch end,static,Cutting,{444, 758}
2014-10-28T15:39:29.157Z,Touch start,static,Cutting,{227, 695}
2014-10-28T15:39:29.267Z,Touch end,static,Cutting,{219, 695}
2014-10-28T15:39:30.286Z,Touch start,tomato,Cutting,{261, 484}
2014-10-28T15:39:30.363Z,Touch end,tomato,Cutting,{254, 492}
2014-10-28T15:39:31.467Z,Touch start,tomato,Cutting,{284, 468}
2014-10-28T15:39:31.530Z,Touch end,tomato,Cutting,{280, 471}
2014-10-28T15:39:32.595Z,Scene Change,,Table,
2014-10-28T15:39:36.344Z,Touch start,salt,Table,{790, 197}
2014-10-28T15:39:36.394Z,Touch end,salt,Table,{790, 197}
2014-10-28T15:39:37.262Z,Touch start,salt,Table,{790, 197}
2014-10-28T15:39:37.328Z,Touch end,salt,Table,{790, 197}
2014-10-28T15:39:37.583Z,Touch start,static,Table,{202, 833}
2014-10-28T15:39:37.594Z,Touch move,static,Table,{196, 819}
2014-10-28T15:39:37.610Z,Touch move,static,Table,{190, 806}
2014-10-28T15:39:37.627Z,Touch move,static,Table,{186, 795}
2014-10-28T15:39:37.643Z,Touch move,static,Table,{181, 790}
2014-10-28T15:39:37.659Z,Touch end,static,Table,{179, 788}
2014-10-28T15:39:37.876Z,Touch start,salt,Table,{790, 197}
2014-10-28T15:39:37.959Z,Touch end,salt,Table,{790, 197}
2014-10-28T15:39:38.226Z,Touch start,pepper,Table,{890, 197}
2014-10-28T15:39:38.276Z,Touch move,pepper,Table,{164, 900}
2014-10-28T15:39:38.293Z,Touch move,pepper,Table,{148, 900}
2014-10-28T15:39:38.311Z,Touch end,pepper,Table,{900, 194.5}
2014-10-28T15:39:38.560Z,Touch start,pepper,Table,{899.34222, 195.32224}
2014-10-28T15:39:38.594Z,Touch end,pepper,Table,{899.34222, 195.32224}
2014-10-28T15:39:42.860Z,Character Selected,monster2,,
2014-10-28T15:39:47.065Z,Touch start,sausage,Table,{296, 272}
2014-10-28T15:39:47.131Z,Touch end,sausage,Table,{296, 272}
2014-10-28T15:40:10.609Z,Character Selected,monster2,,
2014-10-28T15:40:17.780Z,Touch start,static,Table,{236, 1021}
2014-10-28T15:40:17.844Z,Touch move,static,Table,{232, 1019}
2014-10-28T15:40:17.877Z,Touch move,static,Table,{231, 1019}
2014-10-28T15:40:17.894Z,Touch move,static,Table,{230, 1019}
2014-10-28T15:40:17.909Z,Touch move,static,Table,{229, 1019}
2014-10-28T15:40:17.926Z,Touch move,static,Table,{228, 1019}
2014-10-28T15:40:17.943Z,Touch move,static,Table,{227, 1019}
2014-10-28T15:40:17.959Z,Touch move,static,Table,{225, 1019}
2014-10-28T15:40:17.976Z,Touch move,static,Table,{223, 1019}
2014-10-28T15:40:17.993Z,Touch move,static,Table,{221, 1019}
2014-10-28T15:40:18.010Z,Touch move,static,Table,{218, 1018}
2014-10-28T15:40:18.027Z,Touch move,static,Table,{215, 1018}
2014-10-28T15:40:18.043Z,Touch move,static,Table,{212, 1018}
2014-10-28T15:40:18.059Z,Touch move,static,Table,{209, 1018}
2014-10-28T15:40:18.075Z,Touch move,static,Table,{206, 1018}
2014-10-28T15:40:18.093Z,Touch move,static,Table,{204, 1018}
2014-10-28T15:40:18.109Z,Touch move,static,Table,{201, 1018}
2014-10-28T15:40:18.125Z,Touch move,static,Table,{199, 1018}
2014-10-28T15:40:18.143Z,Touch move,static,Table,{196, 1018}
2014-10-28T15:40:18.160Z,Touch move,static,Table,{193, 1018}
2014-10-28T15:40:18.176Z,Touch move,static,Table,{190, 1018}
2014-10-28T15:40:18.192Z,Touch move,static,Table,{188, 1018}
2014-10-28T15:40:18.209Z,Touch move,static,Table,{186, 1018}
2014-10-28T15:40:18.225Z,Touch move,static,Table,{184, 1018}
2014-10-28T15:40:18.245Z,Touch move,static,Table,{182, 1018}
2014-10-28T15:40:18.259Z,Touch move,static,Table,{181, 1018}
2014-10-28T15:40:18.292Z,Touch move,static,Table,{180, 1018}
2014-10-28T15:40:18.360Z,Touch move,static,Table,{178, 1016}
2014-10-28T15:40:18.374Z,Touch move,static,Table,{175, 1007}
2014-10-28T15:40:18.394Z,Touch move,static,Table,{170, 993}
2014-10-28T15:40:18.410Z,Touch move,static,Table,{164, 981}
2014-10-28T15:40:18.426Z,Touch move,static,Table,{159, 973}
2014-10-28T15:40:18.443Z,Touch move,static,Table,{153, 965}
2014-10-28T15:40:18.460Z,Touch move,static,Table,{146, 956}
2014-10-28T15:40:18.477Z,Touch move,static,Table,{140, 946}
2014-10-28T15:40:18.493Z,Touch move,static,Table,{133, 934}
2014-10-28T15:40:18.509Z,Touch move,static,Table,{126, 923}
2014-10-28T15:40:18.524Z,Touch move,static,Table,{117, 912}
2014-10-28T15:40:18.544Z,Touch move,static,Table,{107, 902}
2014-10-28T15:40:18.559Z,Touch end,static,Table,{97, 887}
2014-10-28T15:40:28.286Z,Character Selected,monster2,,
2014-10-28T15:40:35.210Z,Touch start,mushroom,Table,{118, 540}
2014-10-28T15:40:35.316Z,Touch end,mushroom,Table,{118, 540}
2014-10-28T15:40:41.508Z,Character Selected,monster2,,
2014-10-28T15:40:51.745Z,Touch start,static,Table,{401, 652}
2014-10-28T15:40:51.816Z,Touch end,static,Table,{422, 634}
2014-10-28T15:40:58.212Z,Touch start,static,Table,{79, 758}
2014-10-28T15:40:58.250Z,Touch end,static,Table,{78, 762}
2014-10-28T15:40:58.520Z,Touch start,static,Table,{66, 781}
2014-10-28T15:40:58.564Z,Touch end,static,Table,{55, 776}
2014-10-28T15:40:58.801Z,Touch start,static,Table,{77, 777}
2014-10-28T15:40:58.897Z,Touch end,static,Table,{65, 782}
2014-10-28T15:40:59.119Z,Touch start,static,Table,{64, 788}
2014-10-28T15:40:59.197Z,Touch end,static,Table,{59, 791}
2014-10-28T15:40:59.417Z,Touch start,static,Table,{79, 770}
2014-10-28T15:40:59.511Z,Touch end,static,Table,{64, 764}
2014-10-28T15:40:59.740Z,Touch start,static,Table,{75, 762}
2014-10-28T15:40:59.865Z,Touch end,static,Table,{64, 764}
2014-10-28T15:41:00.911Z,Touch start,salt,Table,{790, 197}
2014-10-28T15:41:00.994Z,Touch move,salt,Table,{157, 803}
2014-10-28T15:41:01.009Z,Touch end,salt,Table,{803, 194.5}
2014-10-28T15:41:01.295Z,Touch start,salt,Table,{803, 195.53291}
2014-10-28T15:41:01.309Z,Touch move,salt,Table,{148, 772}
2014-10-28T15:41:01.326Z,Touch move,salt,Table,{148, 769}
2014-10-28T15:41:01.343Z,Touch move,salt,Table,{147, 769}
2014-10-28T15:41:01.376Z,Touch end,salt,Table,{769, 194.5}
2014-10-28T15:41:02.476Z,Touch start,salt,Table,{769, 197}
2014-10-28T15:41:02.542Z,Touch end,salt,Table,{769, 197}
2014-10-28T15:41:02.993Z,Touch start,salt,Table,{769, 197}
2014-10-28T15:41:03.025Z,Touch move,salt,Table,{160, 763}
2014-10-28T15:41:03.045Z,Touch move,salt,Table,{160, 757}
2014-10-28T15:41:03.059Z,Touch move,salt,Table,{160, 749}
2014-10-28T15:41:03.075Z,Touch move,salt,Table,{160, 738}
2014-10-28T15:41:03.092Z,Touch move,salt,Table,{155, 723}
2014-10-28T15:41:03.109Z,Touch move,salt,Table,{147, 704}
2014-10-28T15:41:03.122Z,Touch move,salt,Table,{137, 688}
2014-10-28T15:41:03.142Z,Touch move,salt,Table,{124, 674}
2014-10-28T15:41:03.155Z,Touch end,salt,Table,{674, 194.5}
2014-10-28T15:41:03.608Z,Touch start,static,Table,{147, 735}
2014-10-28T15:41:03.638Z,Touch move,static,Table,{151, 730}
2014-10-28T15:41:03.653Z,Touch move,static,Table,{153, 726}
2014-10-28T15:41:03.670Z,Touch move,static,Table,{155, 720}
2014-10-28T15:41:03.686Z,Touch move,static,Table,{157, 713}
2014-10-28T15:41:03.703Z,Touch move,static,Table,{158, 704}
2014-10-28T15:41:03.719Z,Touch move,static,Table,{158, 693}
2014-10-28T15:41:03.736Z,Touch move,static,Table,{152, 677}
2014-10-28T15:41:03.753Z,Touch move,static,Table,{144, 661}
2014-10-28T15:41:03.769Z,Touch move,static,Table,{136, 647}
2014-10-28T15:41:03.786Z,Touch move,static,Table,{128, 637}
2014-10-28T15:41:03.802Z,Touch move,static,Table,{121, 631}
2014-10-28T15:41:03.819Z,Touch move,static,Table,{116, 627}
2014-10-28T15:41:03.836Z,Touch end,static,Table,{108, 622}
2014-10-28T15:41:04.212Z,Touch start,static,Table,{169, 720}
2014-10-28T15:41:04.241Z,Touch move,static,Table,{173, 713}
2014-10-28T15:41:04.259Z,Touch move,static,Table,{173, 702}
2014-10-28T15:41:04.272Z,Touch move,static,Table,{167, 682}
2014-10-28T15:41:04.292Z,Touch move,static,Table,{150, 653}
2014-10-28T15:41:04.308Z,Touch move,static,Table,{134, 630}
2014-10-28T15:41:04.326Z,Touch move,static,Table,{117, 610}
2014-10-28T15:41:04.339Z,Touch end,static,Table,{106, 597}
2014-10-28T15:41:04.741Z,Touch start,static,Table,{193, 721}
2014-10-28T15:41:04.770Z,Touch move,static,Table,{194, 715}
2014-10-28T15:41:04.787Z,Touch move,static,Table,{194, 709}
2014-10-28T15:41:04.803Z,Touch move,static,Table,{194, 698}
2014-10-28T15:41:04.819Z,Touch move,static,Table,{188, 681}
2014-10-28T15:41:04.836Z,Touch move,static,Table,{179, 663}
2014-10-28T15:41:04.853Z,Touch move,static,Table,{167, 642}
2014-10-28T15:41:04.869Z,Touch move,static,Table,{157, 625}
2014-10-28T15:41:04.886Z,Touch move,static,Table,{151, 614}
2014-10-28T15:41:04.902Z,Touch move,static,Table,{148, 610}
2014-10-28T15:41:04.919Z,Touch move,static,Table,{146, 607}
2014-10-28T15:41:04.936Z,Touch move,static,Table,{143, 604}
2014-10-28T15:41:04.952Z,Touch end,static,Table,{135, 600}
2014-10-28T15:41:05.385Z,Touch start,salt,Table,{674, 197}
2014-10-28T15:41:05.534Z,Touch move,salt,Table,{174, 681}
2014-10-28T15:41:05.550Z,Touch move,salt,Table,{174, 679}
2014-10-28T15:41:05.566Z,Touch move,salt,Table,{173, 676}
2014-10-28T15:41:05.583Z,Touch move,salt,Table,{173, 672}
2014-10-28T15:41:05.600Z,Touch move,salt,Table,{171, 669}
2014-10-28T15:41:05.616Z,Touch move,salt,Table,{170, 665}
2014-10-28T15:41:05.633Z,Touch move,salt,Table,{169, 661}
2014-10-28T15:41:05.649Z,Touch move,salt,Table,{168, 658}
2014-10-28T15:41:05.668Z,Touch move,salt,Table,{167, 655}
2014-10-28T15:41:05.683Z,Touch move,salt,Table,{166, 652}
2014-10-28T15:41:05.699Z,Touch move,salt,Table,{165, 651}
2014-10-28T15:41:05.716Z,Touch move,salt,Table,{165, 650}
2014-10-28T15:41:05.732Z,Touch move,salt,Table,{164, 650}
2014-10-28T15:41:05.832Z,Touch move,salt,Table,{163, 650}
2014-10-28T15:41:05.915Z,Touch move,salt,Table,{163, 649}
2014-10-28T15:41:05.948Z,Touch move,salt,Table,{162, 649}
2014-10-28T15:41:05.965Z,Touch move,salt,Table,{162, 646}
2014-10-28T15:41:05.982Z,Touch move,salt,Table,{161, 643}
2014-10-28T15:41:05.998Z,Touch move,salt,Table,{160, 640}
2014-10-28T15:41:06.015Z,Touch move,salt,Table,{159, 636}
2014-10-28T15:41:06.031Z,Touch move,salt,Table,{158, 632}
2014-10-28T15:41:06.048Z,Touch move,salt,Table,{158, 629}
2014-10-28T15:41:06.065Z,Touch move,salt,Table,{157, 626}
2014-10-28T15:41:06.082Z,Touch move,salt,Table,{157, 625}
2014-10-28T15:41:06.098Z,Touch move,salt,Table,{157, 623}
2014-10-28T15:41:06.114Z,Touch move,salt,Table,{157, 622}
2014-10-28T15:41:06.131Z,Touch move,salt,Table,{157, 621}
2014-10-28T15:41:06.147Z,Touch move,salt,Table,{157, 620}
2014-10-28T15:41:06.164Z,Touch move,salt,Table,{157, 618}
2014-10-28T15:41:06.181Z,Touch move,salt,Table,{157, 614}
2014-10-28T15:41:06.197Z,Touch move,salt,Table,{157, 611}
2014-10-28T15:41:06.214Z,Touch move,salt,Table,{157, 607}
2014-10-28T15:41:06.231Z,Touch move,salt,Table,{157, 604}
2014-10-28T15:41:06.247Z,Touch move,salt,Table,{157, 600}
2014-10-28T15:41:06.264Z,Touch move,salt,Table,{157, 596}
2014-10-28T15:41:06.281Z,Touch move,salt,Table,{157, 593}
2014-10-28T15:41:06.297Z,Touch move,salt,Table,{157, 590}
2014-10-28T15:41:06.314Z,Touch move,salt,Table,{157, 587}
2014-10-28T15:41:06.330Z,Touch move,salt,Table,{157, 584}
2014-10-28T15:41:06.348Z,Touch move,salt,Table,{157, 581}
2014-10-28T15:41:06.363Z,Touch move,salt,Table,{157, 578}
2014-10-28T15:41:06.380Z,Touch move,salt,Table,{157, 575}
2014-10-28T15:41:06.396Z,Touch move,salt,Table,{157, 572}
2014-10-28T15:41:06.413Z,Touch move,salt,Table,{157, 567}
2014-10-28T15:41:06.430Z,Touch move,salt,Table,{158, 564}
2014-10-28T15:41:06.446Z,Touch move,salt,Table,{158, 560}
2014-10-28T15:41:06.463Z,Touch move,salt,Table,{158, 557}
2014-10-28T15:41:06.480Z,Touch move,salt,Table,{158, 554}
2014-10-28T15:41:06.497Z,Touch move,salt,Table,{158, 552}
2014-10-28T15:41:06.513Z,Touch move,salt,Table,{158, 550}
2014-10-28T15:41:06.530Z,Touch move,salt,Table,{158, 548}
2014-10-28T15:41:06.545Z,Touch move,salt,Table,{158, 547}
2014-10-28T15:41:06.563Z,Touch move,salt,Table,{159, 546}
2014-10-28T15:41:06.579Z,Touch move,salt,Table,{159, 544}
2014-10-28T15:41:06.628Z,Touch move,salt,Table,{159, 542}
2014-10-28T15:41:06.662Z,Touch move,salt,Table,{159, 541}
2014-10-28T15:41:06.695Z,Touch move,salt,Table,{159, 540}
2014-10-28T15:41:06.711Z,Touch move,salt,Table,{160, 539}
2014-10-28T15:41:06.745Z,Touch move,salt,Table,{160, 538}
2014-10-28T15:41:06.762Z,Touch move,salt,Table,{160, 537}
2014-10-28T15:41:06.778Z,Touch move,salt,Table,{160, 536}
2014-10-28T15:41:06.796Z,Touch move,salt,Table,{161, 534}
2014-10-28T15:41:06.811Z,Touch move,salt,Table,{161, 533}
2014-10-28T15:41:06.828Z,Touch move,salt,Table,{161, 532}
2014-10-28T15:41:06.845Z,Touch move,salt,Table,{162, 531}
2014-10-28T15:41:06.861Z,Touch move,salt,Table,{162, 530}
2014-10-28T15:41:06.894Z,Touch move,salt,Table,{162, 529}
2014-10-28T15:41:06.944Z,Touch move,salt,Table,{162, 528}
2014-10-28T15:41:06.961Z,Touch move,salt,Table,{163, 528}
2014-10-28T15:41:06.977Z,Touch move,salt,Table,{163, 527}
2014-10-28T15:41:07.010Z,Touch move,salt,Table,{163, 526}
2014-10-28T15:41:07.027Z,Touch move,salt,Table,{163, 524}
2014-10-28T15:41:07.043Z,Touch move,salt,Table,{163, 523}
2014-10-28T15:41:07.061Z,Touch move,salt,Table,{163, 522}
2014-10-28T15:41:07.077Z,Touch move,salt,Table,{164, 522}
2014-10-28T15:41:07.093Z,Touch move,salt,Table,{164, 521}
2014-10-28T15:41:07.110Z,Touch move,salt,Table,{164, 520}
2014-10-28T15:41:07.126Z,Touch move,salt,Table,{164, 519}
2014-10-28T15:41:07.143Z,Touch move,salt,Table,{164, 517}
2014-10-28T15:41:07.161Z,Touch move,salt,Table,{165, 517}
2014-10-28T15:41:07.176Z,Touch move,salt,Table,{165, 515}
2014-10-28T15:41:07.193Z,Touch move,salt,Table,{165, 514}
2014-10-28T15:41:07.209Z,Touch move,salt,Table,{165, 513}
2014-10-28T15:41:07.227Z,Touch move,salt,Table,{166, 512}
2014-10-28T15:41:07.243Z,Touch move,salt,Table,{166, 511}
2014-10-28T15:41:07.259Z,Touch move,salt,Table,{166, 509}
2014-10-28T15:41:07.276Z,Touch move,salt,Table,{166, 508}
2014-10-28T15:41:07.292Z,Touch move,salt,Table,{166, 506}
2014-10-28T15:41:07.311Z,Touch move,salt,Table,{166, 505}
2014-10-28T15:41:07.326Z,Touch move,salt,Table,{166, 503}
2014-10-28T15:41:07.342Z,Touch move,salt,Table,{167, 503}
2014-10-28T15:41:07.359Z,Touch move,salt,Table,{167, 502}
2014-10-28T15:41:07.792Z,Touch move,salt,Table,{167, 503}
2014-10-28T15:41:07.809Z,Touch move,salt,Table,{168, 503}
2014-10-28T15:41:07.843Z,Touch move,salt,Table,{168, 504}
2014-10-28T15:41:07.876Z,Touch move,salt,Table,{169, 504}
2014-10-28T15:41:07.893Z,Touch move,salt,Table,{170, 505}
2014-10-28T15:41:07.910Z,Touch move,salt,Table,{171, 505}
2014-10-28T15:41:07.927Z,Touch move,salt,Table,{172, 505}
2014-10-28T15:41:07.943Z,Touch move,salt,Table,{173, 506}
2014-10-28T15:41:07.959Z,Touch move,salt,Table,{174, 506}
2014-10-28T15:41:07.974Z,Touch move,salt,Table,{175, 506}
2014-10-28T15:41:07.994Z,Touch move,salt,Table,{176, 506}
2014-10-28T15:41:08.009Z,Touch move,salt,Table,{178, 507}
2014-10-28T15:41:08.026Z,Touch move,salt,Table,{179, 507}
2014-10-28T15:41:08.043Z,Touch move,salt,Table,{182, 507}
2014-10-28T15:41:08.059Z,Touch move,salt,Table,{185, 507}
2014-10-28T15:41:08.076Z,Touch move,salt,Table,{188, 508}
2014-10-28T15:41:08.093Z,Touch move,salt,Table,{192, 508}
2014-10-28T15:41:08.110Z,Touch move,salt,Table,{195, 508}
2014-10-28T15:41:08.124Z,Touch move,salt,Table,{199, 508}
2014-10-28T15:41:08.143Z,Touch move,salt,Table,{202, 508}
2014-10-28T15:41:08.160Z,Touch move,salt,Table,{206, 508}
2014-10-28T15:41:08.176Z,Touch move,salt,Table,{209, 508}
2014-10-28T15:41:08.193Z,Touch move,salt,Table,{213, 508}
2014-10-28T15:41:08.209Z,Touch move,salt,Table,{217, 508}
2014-10-28T15:41:08.227Z,Touch move,salt,Table,{221, 508}
2014-10-28T15:41:08.243Z,Touch move,salt,Table,{225, 508}
2014-10-28T15:41:08.259Z,Touch move,salt,Table,{229, 508}
2014-10-28T15:41:08.276Z,Touch move,salt,Table,{233, 508}
2014-10-28T15:41:08.293Z,Touch move,salt,Table,{236, 508}
2014-10-28T15:41:08.310Z,Touch move,salt,Table,{240, 508}
2014-10-28T15:41:08.326Z,Touch move,salt,Table,{243, 507}
2014-10-28T15:41:08.342Z,Touch move,salt,Table,{246, 506}
2014-10-28T15:41:08.358Z,Touch move,salt,Table,{249, 506}
2014-10-28T15:41:08.376Z,Touch move,salt,Table,{252, 505}
2014-10-28T15:41:08.392Z,Touch move,salt,Table,{255, 505}
2014-10-28T15:41:08.409Z,Touch move,salt,Table,{260, 505}
2014-10-28T15:41:08.426Z,Touch move,salt,Table,{266, 505}
2014-10-28T15:41:08.443Z,Touch move,salt,Table,{276, 514}
2014-10-28T15:41:08.455Z,Touch end,salt,Table,{514, 276}
2014-10-28T15:41:09.177Z,Touch start,salt,Table,{514, 197}
2014-10-28T15:41:09.227Z,Touch move,salt,Table,{194, 531}
2014-10-28T15:41:09.243Z,Touch move,salt,Table,{196, 530}
2014-10-28T15:41:09.260Z,Touch move,salt,Table,{200, 528}
2014-10-28T15:41:09.276Z,Touch move,salt,Table,{203, 526}
2014-10-28T15:41:09.293Z,Touch move,salt,Table,{207, 523}
2014-10-28T15:41:09.309Z,Touch move,salt,Table,{210, 521}
2014-10-28T15:41:09.326Z,Touch move,salt,Table,{214, 519}
2014-10-28T15:41:09.340Z,Touch move,salt,Table,{218, 518}
2014-10-28T15:41:09.360Z,Touch move,salt,Table,{222, 517}
2014-10-28T15:41:09.376Z,Touch move,salt,Table,{226, 515}
2014-10-28T15:41:09.392Z,Touch move,salt,Table,{230, 514}
2014-10-28T15:41:09.409Z,Touch move,salt,Table,{234, 512}
2014-10-28T15:41:09.425Z,Touch move,salt,Table,{237, 511}
2014-10-28T15:41:09.442Z,Touch move,salt,Table,{241, 510}
2014-10-28T15:41:09.459Z,Touch move,salt,Table,{244, 510}
2014-10-28T15:41:09.475Z,Touch move,salt,Table,{246, 509}
2014-10-28T15:41:09.492Z,Touch move,salt,Table,{248, 508}
2014-10-28T15:41:09.509Z,Touch move,salt,Table,{250, 508}
2014-10-28T15:41:09.525Z,Touch move,salt,Table,{252, 507}
2014-10-28T15:41:09.539Z,Touch move,salt,Table,{254, 507}
2014-10-28T15:41:09.556Z,Touch move,salt,Table,{256, 507}
2014-10-28T15:41:09.575Z,Touch move,salt,Table,{258, 506}
2014-10-28T15:41:09.588Z,Touch move,salt,Table,{260, 506}
2014-10-28T15:41:09.605Z,Touch move,salt,Table,{261, 506}
2014-10-28T15:41:09.621Z,Touch move,salt,Table,{262, 505}
2014-10-28T15:41:09.637Z,Touch move,salt,Table,{264, 505}
2014-10-28T15:41:09.657Z,Touch move,salt,Table,{265, 505}
2014-10-28T15:41:09.671Z,Touch move,salt,Table,{266, 505}
2014-10-28T15:41:09.688Z,Touch move,salt,Table,{267, 505}
2014-10-28T15:41:09.705Z,Touch move,salt,Table,{268, 505}
2014-10-28T15:41:09.722Z,Touch move,salt,Table,{270, 505}
2014-10-28T15:41:09.737Z,Touch move,salt,Table,{271, 504}
2014-10-28T15:41:09.754Z,Touch move,salt,Table,{272, 504}
2014-10-28T15:41:09.771Z,Touch move,salt,Table,{273, 504}
2014-10-28T15:41:09.787Z,Touch move,salt,Table,{274, 504}
2014-10-28T15:41:09.807Z,Touch move,salt,Table,{275, 503}
2014-10-28T15:41:09.820Z,Touch move,salt,Table,{276, 503}
2014-10-28T15:41:09.837Z,Touch move,salt,Table,{277, 503}
2014-10-28T15:41:09.853Z,Touch move,salt,Table,{278, 503}
2014-10-28T15:41:09.871Z,Touch move,salt,Table,{279, 503}
2014-10-28T15:41:09.887Z,Touch move,salt,Table,{280, 502}
2014-10-28T15:41:09.904Z,Touch move,salt,Table,{282, 502}
2014-10-28T15:41:09.920Z,Touch move,salt,Table,{283, 502}
2014-10-28T15:41:09.937Z,Touch move,salt,Table,{284, 502}
2014-10-28T15:41:09.954Z,Touch move,salt,Table,{285, 502}
2014-10-28T15:41:09.970Z,Touch move,salt,Table,{286, 502}
2014-10-28T15:41:09.986Z,Touch move,salt,Table,{287, 502}
2014-10-28T15:41:10.003Z,Touch move,salt,Table,{288, 501}
2014-10-28T15:41:10.020Z,Touch move,salt,Table,{289, 501}
2014-10-28T15:41:10.402Z,Touch move,salt,Table,{290, 501}
2014-10-28T15:41:10.451Z,Touch move,salt,Table,{291, 501}
2014-10-28T15:41:10.551Z,Touch move,salt,Table,{292, 501}
2014-10-28T15:41:10.567Z,Touch move,salt,Table,{293, 501}
2014-10-28T15:41:10.584Z,Touch move,salt,Table,{294, 501}
2014-10-28T15:41:10.601Z,Touch move,salt,Table,{295, 501}
2014-10-28T15:41:10.617Z,Touch move,salt,Table,{296, 500}
2014-10-28T15:41:10.634Z,Touch move,salt,Table,{297, 500}
2014-10-28T15:41:10.650Z,Touch move,salt,Table,{298, 500}
2014-10-28T15:41:10.667Z,Touch move,salt,Table,{299, 500}
2014-10-28T15:41:10.685Z,Touch move,salt,Table,{301, 499}
2014-10-28T15:41:10.701Z,Touch move,salt,Table,{302, 499}
2014-10-28T15:41:10.717Z,Touch move,salt,Table,{304, 499}
2014-10-28T15:41:10.734Z,Touch move,salt,Table,{306, 499}
2014-10-28T15:41:10.751Z,Touch move,salt,Table,{307, 499}
2014-10-28T15:41:10.766Z,Touch move,salt,Table,{308, 499}
2014-10-28T15:41:10.784Z,Touch move,salt,Table,{310, 498}
2014-10-28T15:41:10.800Z,Touch move,salt,Table,{311, 498}
2014-10-28T15:41:10.817Z,Touch move,salt,Table,{312, 498}
2014-10-28T15:41:10.834Z,Touch move,salt,Table,{314, 498}
2014-10-28T15:41:10.850Z,Touch move,salt,Table,{315, 498}
2014-10-28T15:41:10.867Z,Touch move,salt,Table,{316, 498}
2014-10-28T15:41:10.883Z,Touch move,salt,Table,{317, 498}
2014-10-28T15:41:10.900Z,Touch move,salt,Table,{318, 498}
2014-10-28T15:41:10.916Z,Touch move,salt,Table,{320, 498}
2014-10-28T15:41:10.933Z,Touch move,salt,Table,{324, 497}
2014-10-28T15:41:10.949Z,Touch move,salt,Table,{326, 497}
2014-10-28T15:41:10.966Z,Touch move,salt,Table,{330, 497}
2014-10-28T15:41:10.983Z,Touch move,salt,Table,{333, 496}
2014-10-28T15:41:10.999Z,Touch move,salt,Table,{337, 496}
2014-10-28T15:41:11.016Z,Touch move,salt,Table,{341, 496}
2014-10-28T15:41:11.032Z,Touch move,salt,Table,{344, 496}
2014-10-28T15:41:11.049Z,Touch move,salt,Table,{348, 496}
2014-10-28T15:41:11.065Z,Touch move,salt,Table,{351, 496}
2014-10-28T15:41:11.082Z,Touch move,salt,Table,{354, 496}
2014-10-28T15:41:11.099Z,Touch move,salt,Table,{357, 496}
2014-10-28T15:41:11.115Z,Touch move,salt,Table,{360, 496}
2014-10-28T15:41:11.132Z,Touch move,salt,Table,{363, 496}
2014-10-28T15:41:11.150Z,Touch move,salt,Table,{367, 496}
2014-10-28T15:41:11.165Z,Touch move,salt,Table,{371, 496}
2014-10-28T15:41:11.181Z,Touch move,salt,Table,{374, 496}
2014-10-28T15:41:11.198Z,Touch move,salt,Table,{377, 496}
2014-10-28T15:41:11.214Z,Touch move,salt,Table,{380, 496}
2014-10-28T15:41:11.234Z,Touch move,salt,Table,{382, 496}
2014-10-28T15:41:11.248Z,Touch move,salt,Table,{384, 496}
2014-10-28T15:41:11.265Z,Touch move,salt,Table,{387, 496}
2014-10-28T15:41:11.281Z,Touch move,salt,Table,{390, 496}
2014-10-28T15:41:11.298Z,Touch move,salt,Table,{392, 496}
2014-10-28T15:41:11.315Z,Touch move,salt,Table,{395, 496}
2014-10-28T15:41:11.331Z,Touch move,salt,Table,{398, 496}
2014-10-28T15:41:11.348Z,Touch move,salt,Table,{401, 496}
2014-10-28T15:41:11.364Z,Touch move,salt,Table,{404, 496}
2014-10-28T15:41:11.381Z,Touch move,salt,Table,{407, 496}
2014-10-28T15:41:11.397Z,Touch move,salt,Table,{410, 496}
2014-10-28T15:41:11.414Z,Touch move,salt,Table,{413, 496}
2014-10-28T15:41:11.430Z,Touch move,salt,Table,{416, 496}
2014-10-28T15:41:11.447Z,Touch move,salt,Table,{419, 496}
2014-10-28T15:41:11.465Z,Touch move,salt,Table,{422, 496}
2014-10-28T15:41:11.481Z,Touch move,salt,Table,{424, 496}
2014-10-28T15:41:11.497Z,Touch move,salt,Table,{427, 496}
2014-10-28T15:41:11.514Z,Touch move,salt,Table,{429, 496}
2014-10-28T15:41:11.530Z,Touch move,salt,Table,{431, 496}
2014-10-28T15:41:11.547Z,Touch move,salt,Table,{434, 496}
2014-10-28T15:41:11.564Z,Touch move,salt,Table,{436, 496}
2014-10-28T15:41:11.580Z,Touch move,salt,Table,{438, 496}
2014-10-28T15:41:11.597Z,Touch move,salt,Table,{440, 496}
2014-10-28T15:41:11.613Z,Touch move,salt,Table,{442, 496}
2014-10-28T15:41:11.630Z,Touch move,salt,Table,{444, 496}
2014-10-28T15:41:11.647Z,Touch move,salt,Table,{446, 497}
2014-10-28T15:41:11.663Z,Touch move,salt,Table,{447, 497}
2014-10-28T15:41:11.679Z,Touch move,salt,Table,{450, 497}
2014-10-28T15:41:11.697Z,Touch move,salt,Table,{452, 497}
2014-10-28T15:41:11.713Z,Touch move,salt,Table,{454, 498}
2014-10-28T15:41:11.729Z,Touch move,salt,Table,{456, 498}
2014-10-28T15:41:11.746Z,Touch move,salt,Table,{459, 498}
2014-10-28T15:41:11.763Z,Touch move,salt,Table,{462, 498}
2014-10-28T15:41:11.780Z,Touch move,salt,Table,{465, 498}
2014-10-28T15:41:11.796Z,Touch move,salt,Table,{468, 498}
2014-10-28T15:41:11.812Z,Touch move,salt,Table,{470, 498}
2014-10-28T15:41:11.829Z,Touch move,salt,Table,{473, 499}
2014-10-28T15:41:11.846Z,Touch move,salt,Table,{476, 499}
2014-10-28T15:41:11.862Z,Touch move,salt,Table,{479, 499}
2014-10-28T15:41:11.879Z,Touch move,salt,Table,{481, 499}
2014-10-28T15:41:11.896Z,Touch move,salt,Table,{484, 500}
2014-10-28T15:41:11.912Z,Touch move,salt,Table,{487, 500}
2014-10-28T15:41:11.928Z,Touch move,salt,Table,{491, 500}
2014-10-28T15:41:11.945Z,Touch move,salt,Table,{495, 501}
2014-10-28T15:41:11.962Z,Touch move,salt,Table,{499, 502}
2014-10-28T15:41:11.979Z,Touch move,salt,Table,{503, 502}
2014-10-28T15:41:11.995Z,Touch move,salt,Table,{507, 502}
2014-10-28T15:41:12.012Z,Touch move,salt,Table,{512, 503}
2014-10-28T15:41:12.028Z,Touch move,salt,Table,{516, 503}
2014-10-28T15:41:12.045Z,Touch move,salt,Table,{520, 504}
2014-10-28T15:41:12.062Z,Touch move,salt,Table,{525, 505}
2014-10-28T15:41:12.078Z,Touch move,salt,Table,{530, 505}
2014-10-28T15:41:12.095Z,Touch move,salt,Table,{535, 506}
2014-10-28T15:41:12.111Z,Touch move,salt,Table,{539, 506}
2014-10-28T15:41:12.127Z,Touch move,salt,Table,{543, 506}
2014-10-28T15:41:12.144Z,Touch move,salt,Table,{546, 506}
2014-10-28T15:41:12.161Z,Touch move,salt,Table,{548, 506}
2014-10-28T15:41:12.177Z,Touch move,salt,Table,{551, 506}
2014-10-28T15:41:12.193Z,Touch move,salt,Table,{553, 506}
2014-10-28T15:41:12.211Z,Touch move,salt,Table,{555, 506}
2014-10-28T15:41:12.227Z,Touch move,salt,Table,{558, 507}
2014-10-28T15:41:12.244Z,Touch move,salt,Table,{561, 507}
2014-10-28T15:41:12.260Z,Touch move,salt,Table,{564, 507}
2014-10-28T15:41:12.276Z,Touch move,salt,Table,{568, 507}
2014-10-28T15:41:12.293Z,Touch move,salt,Table,{571, 507}
2014-10-28T15:41:12.310Z,Touch move,salt,Table,{575, 508}
2014-10-28T15:41:12.326Z,Touch move,salt,Table,{579, 508}
2014-10-28T15:41:12.343Z,Touch move,salt,Table,{582, 508}
2014-10-28T15:41:12.359Z,Touch move,salt,Table,{585, 509}
2014-10-28T15:41:12.376Z,Touch move,salt,Table,{588, 509}
2014-10-28T15:41:12.393Z,Touch move,salt,Table,{591, 510}
2014-10-28T15:41:12.410Z,Touch move,salt,Table,{594, 510}
2014-10-28T15:41:12.426Z,Touch move,salt,Table,{603, 515}
2014-10-28T15:41:12.442Z,Touch move,salt,Table,{613, 523}
2014-10-28T15:41:12.460Z,Touch end,salt,Table,{523, 613}
2014-10-28T15:41:14.063Z,Touch start,static,Table,{215, 588}
2014-10-28T15:41:14.076Z,Touch move,static,Table,{215, 584}
2014-10-28T15:41:14.092Z,Touch move,static,Table,{215, 580}
2014-10-28T15:41:14.108Z,Touch move,static,Table,{215, 577}
2014-10-28T15:41:14.126Z,Touch move,static,Table,{215, 574}
2014-10-28T15:41:14.143Z,Touch move,static,Table,{214, 570}
2014-10-28T15:41:14.161Z,Touch move,static,Table,{214, 568}
2014-10-28T15:41:14.176Z,Touch move,static,Table,{212, 565}
2014-10-28T15:41:14.193Z,Touch move,static,Table,{210, 561}
2014-10-28T15:41:14.209Z,Touch move,static,Table,{208, 557}
2014-10-28T15:41:14.225Z,Touch move,static,Table,{206, 554}
2014-10-28T15:41:14.243Z,Touch move,static,Table,{204, 551}
2014-10-28T15:41:14.259Z,Touch move,static,Table,{202, 549}
2014-10-28T15:41:14.276Z,Touch move,static,Table,{201, 547}
2014-10-28T15:41:14.293Z,Touch move,static,Table,{199, 545}
2014-10-28T15:41:14.310Z,Touch move,static,Table,{198, 543}
2014-10-28T15:41:14.327Z,Touch move,static,Table,{195, 541}
2014-10-28T15:41:14.343Z,Touch move,static,Table,{194, 538}
2014-10-28T15:41:14.359Z,Touch move,static,Table,{193, 537}
2014-10-28T15:41:14.374Z,Touch move,static,Table,{192, 535}
2014-10-28T15:41:14.393Z,Touch move,static,Table,{192, 534}
2014-10-28T15:41:14.409Z,Touch move,static,Table,{192, 533}
2014-10-28T15:41:14.443Z,Touch move,static,Table,{192, 532}
2014-10-28T15:41:14.493Z,Touch move,static,Table,{192, 531}
2014-10-28T15:41:14.560Z,Touch move,static,Table,{192, 530}
2014-10-28T15:41:14.626Z,Touch move,static,Table,{192, 529}
2014-10-28T15:41:14.659Z,Touch move,static,Table,{192, 527}
2014-10-28T15:41:14.674Z,Touch move,static,Table,{192, 524}
2014-10-28T15:41:14.693Z,Touch move,static,Table,{192, 522}
2014-10-28T15:41:14.709Z,Touch move,static,Table,{192, 519}
2014-10-28T15:41:14.725Z,Touch move,static,Table,{192, 517}
2014-10-28T15:41:14.742Z,Touch move,static,Table,{192, 514}
2014-10-28T15:41:14.758Z,Touch move,static,Table,{192, 511}
2014-10-28T15:41:14.776Z,Touch move,static,Table,{192, 509}
2014-10-28T15:41:14.789Z,Touch move,static,Table,{192, 506}
2014-10-28T15:41:14.809Z,Touch move,static,Table,{192, 504}
2014-10-28T15:41:14.820Z,Touch move,static,Table,{192, 502}
2014-10-28T15:41:14.843Z,Touch move,static,Table,{192, 500}
2014-10-28T15:41:14.855Z,Touch move,static,Table,{192, 498}
2014-10-28T15:41:14.873Z,Touch move,static,Table,{192, 497}
2014-10-28T15:41:14.889Z,Touch move,static,Table,{192, 496}
2014-10-28T15:41:14.905Z,Touch move,static,Table,{192, 495}
2014-10-28T15:41:14.938Z,Touch move,static,Table,{192, 494}
2014-10-28T15:41:14.971Z,Touch move,static,Table,{192, 493}
2014-10-28T15:41:15.004Z,Touch move,static,Table,{192, 492}
2014-10-28T15:41:15.020Z,Touch move,static,Table,{192, 491}
2014-10-28T15:41:15.070Z,Touch move,static,Table,{192, 490}
2014-10-28T15:41:15.170Z,Touch move,static,Table,{193, 490}
2014-10-28T15:41:15.187Z,Touch move,static,Table,{193, 491}
2014-10-28T15:41:15.204Z,Touch move,static,Table,{193, 496}
2014-10-28T15:41:15.220Z,Touch end,static,Table,{193, 498}
2014-10-28T15:41:15.442Z,Touch start,salt,Table,{523, 197}
2014-10-28T15:41:15.560Z,Touch move,salt,Table,{181, 542}
2014-10-28T15:41:15.577Z,Touch move,salt,Table,{181, 540}
2014-10-28T15:41:15.591Z,Touch move,salt,Table,{181, 538}
2014-10-28T15:41:15.611Z,Touch move,salt,Table,{181, 537}
2014-10-28T15:41:15.627Z,Touch move,salt,Table,{181, 536}
2014-10-28T15:41:15.659Z,Touch move,salt,Table,{181, 535}
2014-10-28T15:41:16.088Z,Touch move,salt,Table,{181, 534}
2014-10-28T15:41:16.104Z,Touch move,salt,Table,{181, 533}
2014-10-28T15:41:16.120Z,Touch move,salt,Table,{181, 530}
2014-10-28T15:41:16.137Z,Touch move,salt,Table,{182, 527}
2014-10-28T15:41:16.154Z,Touch move,salt,Table,{183, 522}
2014-10-28T15:41:16.171Z,Touch move,salt,Table,{184, 519}
2014-10-28T15:41:16.188Z,Touch move,salt,Table,{185, 515}
2014-10-28T15:41:16.206Z,Touch move,salt,Table,{186, 512}
2014-10-28T15:41:16.220Z,Touch move,salt,Table,{187, 509}
2014-10-28T15:41:16.237Z,Touch move,salt,Table,{188, 507}
2014-10-28T15:41:16.254Z,Touch move,salt,Table,{189, 505}
2014-10-28T15:41:16.271Z,Touch move,salt,Table,{190, 503}
2014-10-28T15:41:16.287Z,Touch move,salt,Table,{191, 502}
2014-10-28T15:41:16.303Z,Touch move,salt,Table,{191, 501}
2014-10-28T15:41:16.320Z,Touch move,salt,Table,{191, 500}
2014-10-28T15:41:16.336Z,Touch move,salt,Table,{192, 500}
2014-10-28T15:41:16.355Z,Touch move,salt,Table,{192, 499}
2014-10-28T15:41:16.386Z,Touch move,salt,Table,{193, 498}
2014-10-28T15:41:16.404Z,Touch move,salt,Table,{193, 497}
2014-10-28T15:41:16.436Z,Touch move,salt,Table,{193, 496}
2014-10-28T15:41:16.453Z,Touch move,salt,Table,{194, 495}
2014-10-28T15:41:16.469Z,Touch move,salt,Table,{194, 494}
2014-10-28T15:41:16.486Z,Touch move,salt,Table,{195, 492}
2014-10-28T15:41:16.506Z,Touch move,salt,Table,{196, 490}
2014-10-28T15:41:16.519Z,Touch move,salt,Table,{198, 489}
2014-10-28T15:41:16.536Z,Touch move,salt,Table,{199, 487}
2014-10-28T15:41:16.553Z,Touch move,salt,Table,{199, 486}
2014-10-28T15:41:16.569Z,Touch move,salt,Table,{199, 485}
2014-10-28T15:41:16.586Z,Touch move,salt,Table,{200, 484}
2014-10-28T15:41:16.602Z,Touch move,salt,Table,{200, 483}
2014-10-28T15:41:16.619Z,Touch move,salt,Table,{201, 482}
2014-10-28T15:41:16.652Z,Touch move,salt,Table,{202, 481}
2014-10-28T15:41:16.668Z,Touch move,salt,Table,{202, 478}
2014-10-28T15:41:16.685Z,Touch move,salt,Table,{203, 477}
2014-10-28T15:41:16.702Z,Touch move,salt,Table,{203, 476}
2014-10-28T15:41:16.718Z,Touch move,salt,Table,{204, 475}
2014-10-28T15:41:16.735Z,Touch move,salt,Table,{205, 473}
2014-10-28T15:41:16.752Z,Touch move,salt,Table,{206, 471}
2014-10-28T15:41:16.768Z,Touch move,salt,Table,{207, 468}
2014-10-28T15:41:16.785Z,Touch move,salt,Table,{209, 466}
2014-10-28T15:41:16.802Z,Touch move,salt,Table,{210, 464}
2014-10-28T15:41:16.818Z,Touch move,salt,Table,{211, 461}
2014-10-28T15:41:16.834Z,Touch move,salt,Table,{212, 459}
2014-10-28T15:41:16.851Z,Touch move,salt,Table,{213, 456}
2014-10-28T15:41:16.868Z,Touch move,salt,Table,{215, 454}
2014-10-28T15:41:16.884Z,Touch move,salt,Table,{216, 452}
2014-10-28T15:41:16.901Z,Touch move,salt,Table,{217, 450}
2014-10-28T15:41:16.917Z,Touch move,salt,Table,{218, 447}
2014-10-28T15:41:16.934Z,Touch move,salt,Table,{219, 445}
2014-10-28T15:41:16.951Z,Touch move,salt,Table,{220, 443}
2014-10-28T15:41:16.967Z,Touch move,salt,Table,{221, 441}
2014-10-28T15:41:16.984Z,Touch move,salt,Table,{222, 440}
2014-10-28T15:41:17.001Z,Touch move,salt,Table,{223, 438}
2014-10-28T15:41:17.017Z,Touch move,salt,Table,{224, 436}
2014-10-28T15:41:17.034Z,Touch move,salt,Table,{225, 433}
2014-10-28T15:41:17.050Z,Touch move,salt,Table,{226, 431}
2014-10-28T15:41:17.067Z,Touch move,salt,Table,{227, 429}
2014-10-28T15:41:17.084Z,Touch move,salt,Table,{228, 427}
2014-10-28T15:41:17.100Z,Touch move,salt,Table,{229, 425}
2014-10-28T15:41:17.117Z,Touch move,salt,Table,{230, 423}
2014-10-28T15:41:17.134Z,Touch move,salt,Table,{231, 422}
2014-10-28T15:41:17.150Z,Touch move,salt,Table,{232, 420}
2014-10-28T15:41:17.166Z,Touch move,salt,Table,{233, 418}
2014-10-28T15:41:17.183Z,Touch move,salt,Table,{234, 416}
2014-10-28T15:41:17.200Z,Touch move,salt,Table,{235, 414}
2014-10-28T15:41:17.217Z,Touch move,salt,Table,{236, 412}
2014-10-28T15:41:17.233Z,Touch move,salt,Table,{237, 410}
2014-10-28T15:41:17.250Z,Touch move,salt,Table,{238, 408}
2014-10-28T15:41:17.266Z,Touch move,salt,Table,{240, 405}
2014-10-28T15:41:17.283Z,Touch move,salt,Table,{242, 403}
2014-10-28T15:41:17.300Z,Touch move,salt,Table,{243, 400}
2014-10-28T15:41:17.316Z,Touch move,salt,Table,{245, 397}
2014-10-28T15:41:17.332Z,Touch move,salt,Table,{247, 394}
2014-10-28T15:41:17.349Z,Touch move,salt,Table,{249, 391}
2014-10-28T15:41:17.366Z,Touch move,salt,Table,{251, 386}
2014-10-28T15:41:17.382Z,Touch move,salt,Table,{253, 383}
2014-10-28T15:41:17.399Z,Touch move,salt,Table,{255, 379}
2014-10-28T15:41:17.415Z,Touch move,salt,Table,{257, 375}
2014-10-28T15:41:17.432Z,Touch move,salt,Table,{260, 371}
2014-10-28T15:41:17.449Z,Touch move,salt,Table,{262, 367}
2014-10-28T15:41:17.465Z,Touch move,salt,Table,{265, 362}
2014-10-28T15:41:17.482Z,Touch move,salt,Table,{267, 358}
2014-10-28T15:41:17.499Z,Touch move,salt,Table,{271, 352}
2014-10-28T15:41:17.515Z,Touch move,salt,Table,{275, 347}
2014-10-28T15:41:17.532Z,Touch move,salt,Table,{278, 340}
2014-10-28T15:41:17.549Z,Touch move,salt,Table,{283, 333}
2014-10-28T15:41:17.565Z,Touch move,salt,Table,{286, 327}
2014-10-28T15:41:17.581Z,Touch move,salt,Table,{289, 322}
2014-10-28T15:41:17.598Z,Touch move,salt,Table,{291, 317}
2014-10-28T15:41:17.615Z,Touch move,salt,Table,{294, 312}
2014-10-28T15:41:17.631Z,Touch move,salt,Table,{296, 307}
2014-10-28T15:41:17.648Z,Touch move,salt,Table,{298, 304}
2014-10-28T15:41:17.665Z,Touch move,salt,Table,{300, 300}
2014-10-28T15:41:17.681Z,Touch move,salt,Table,{301, 296}
2014-10-28T15:41:17.699Z,Touch move,salt,Table,{303, 294}
2014-10-28T15:41:17.714Z,Touch move,salt,Table,{304, 292}
2014-10-28T15:41:17.731Z,Touch move,salt,Table,{305, 290}
2014-10-28T15:41:17.748Z,Touch move,salt,Table,{306, 289}
2014-10-28T15:41:17.764Z,Touch move,salt,Table,{306, 288}
2014-10-28T15:41:17.783Z,Touch move,salt,Table,{307, 287}
2014-10-28T15:41:17.798Z,Touch move,salt,Table,{307, 286}
2014-10-28T15:41:17.814Z,Touch move,salt,Table,{307, 285}
2014-10-28T15:41:17.831Z,Touch move,salt,Table,{307, 284}
2014-10-28T15:41:17.848Z,Touch move,salt,Table,{307, 282}
2014-10-28T15:41:17.864Z,Touch move,salt,Table,{307, 281}
2014-10-28T15:41:17.880Z,Touch move,salt,Table,{307, 280}
2014-10-28T15:41:17.897Z,Touch move,salt,Table,{307, 278}
2014-10-28T15:41:17.914Z,Touch move,salt,Table,{307, 277}
2014-10-28T15:41:17.931Z,Touch move,salt,Table,{307, 275}
2014-10-28T15:41:17.947Z,Touch move,salt,Table,{307, 273}
2014-10-28T15:41:17.964Z,Touch move,salt,Table,{307, 271}
2014-10-28T15:41:17.980Z,Touch move,salt,Table,{307, 269}
2014-10-28T15:41:17.997Z,Touch move,salt,Table,{307, 266}
2014-10-28T15:41:18.013Z,Touch move,salt,Table,{307, 264}
2014-10-28T15:41:18.030Z,Touch move,salt,Table,{307, 261}
2014-10-28T15:41:18.047Z,Touch move,salt,Table,{306, 259}
2014-10-28T15:41:18.063Z,Touch move,salt,Table,{305, 256}
2014-10-28T15:41:18.080Z,Touch move,salt,Table,{304, 253}
2014-10-28T15:41:18.096Z,Touch move,salt,Table,{303, 249}
2014-10-28T15:41:18.113Z,Touch move,salt,Table,{302, 246}
2014-10-28T15:41:18.129Z,Touch move,salt,Table,{300, 243}
2014-10-28T15:41:18.148Z,Touch move,salt,Table,{298, 239}
2014-10-28T15:41:18.163Z,Touch move,salt,Table,{297, 235}
2014-10-28T15:41:18.179Z,Touch move,salt,Table,{295, 232}
2014-10-28T15:41:18.196Z,Touch move,salt,Table,{293, 228}
2014-10-28T15:41:18.212Z,Touch move,salt,Table,{292, 224}
2014-10-28T15:41:18.230Z,Touch move,salt,Table,{290, 221}
2014-10-28T15:41:18.246Z,Touch move,salt,Table,{289, 218}
2014-10-28T15:41:18.262Z,Touch move,salt,Table,{288, 215}
2014-10-28T15:41:18.279Z,Touch move,salt,Table,{287, 212}
2014-10-28T15:41:18.295Z,Touch move,salt,Table,{285, 209}
2014-10-28T15:41:18.312Z,Touch move,salt,Table,{284, 206}
2014-10-28T15:41:18.329Z,Touch move,salt,Table,{282, 202}
2014-10-28T15:41:18.346Z,Touch move,salt,Table,{279, 199}
2014-10-28T15:41:18.362Z,Touch move,salt,Table,{277, 196}
2014-10-28T15:41:18.378Z,Touch move,salt,Table,{275, 194}
2014-10-28T15:41:18.395Z,Touch move,salt,Table,{274, 191}
2014-10-28T15:41:18.411Z,Touch move,salt,Table,{272, 189}
2014-10-28T15:41:18.428Z,Touch move,salt,Table,{271, 187}
2014-10-28T15:41:18.444Z,Touch move,salt,Table,{269, 185}
2014-10-28T15:41:18.461Z,Touch move,salt,Table,{268, 183}
2014-10-28T15:41:18.478Z,Touch move,salt,Table,{266, 181}
2014-10-28T15:41:18.495Z,Touch move,salt,Table,{265, 179}
2014-10-28T15:41:18.510Z,Touch move,salt,Table,{263, 177}
2014-10-28T15:41:18.528Z,Touch move,salt,Table,{262, 175}
2014-10-28T15:41:18.545Z,Touch move,salt,Table,{260, 172}
2014-10-28T15:41:18.561Z,Touch move,salt,Table,{258, 169}
2014-10-28T15:41:18.578Z,Touch move,salt,Table,{256, 166}
2014-10-28T15:41:18.594Z,Touch move,salt,Table,{253, 162}
2014-10-28T15:41:18.611Z,Touch move,salt,Table,{250, 158}
2014-10-28T15:41:18.627Z,Touch move,salt,Table,{247, 154}
2014-10-28T15:41:18.644Z,Touch move,salt,Table,{242, 149}
2014-10-28T15:41:18.660Z,Touch move,salt,Table,{237, 145}
2014-10-28T15:41:18.676Z,Touch move,salt,Table,{232, 140}
2014-10-28T15:41:18.693Z,Touch move,salt,Table,{228, 136}
2014-10-28T15:41:18.710Z,Touch move,salt,Table,{225, 133}
2014-10-28T15:41:18.726Z,Touch move,salt,Table,{222, 130}
2014-10-28T15:41:18.744Z,Touch move,salt,Table,{219, 127}
2014-10-28T15:41:18.760Z,Touch move,salt,Table,{217, 125}
2014-10-28T15:41:18.777Z,Touch move,salt,Table,{215, 124}
2014-10-28T15:41:18.794Z,Touch move,salt,Table,{214, 122}
2014-10-28T15:41:18.810Z,Touch move,salt,Table,{212, 122}
2014-10-28T15:41:18.826Z,Touch move,salt,Table,{211, 120}
2014-10-28T15:41:18.843Z,Touch move,salt,Table,{209, 119}
2014-10-28T15:41:18.859Z,Touch move,salt,Table,{208, 118}
2014-10-28T15:41:18.876Z,Touch move,salt,Table,{206, 117}
2014-10-28T15:41:18.893Z,Touch move,salt,Table,{205, 115}
2014-10-28T15:41:18.909Z,Touch move,salt,Table,{204, 113}
2014-10-28T15:41:18.926Z,Touch move,salt,Table,{203, 112}
2014-10-28T15:41:18.943Z,Touch move,salt,Table,{202, 111}
2014-10-28T15:41:18.960Z,Touch move,salt,Table,{200, 110}
2014-10-28T15:41:18.977Z,Touch move,salt,Table,{200, 109}
2014-10-28T15:41:18.993Z,Touch move,salt,Table,{199, 108}
2014-10-28T15:41:19.009Z,Touch move,salt,Table,{198, 107}
2014-10-28T15:41:19.025Z,Touch move,salt,Table,{196, 106}
2014-10-28T15:41:19.043Z,Touch move,salt,Table,{195, 105}
2014-10-28T15:41:19.059Z,Touch move,salt,Table,{194, 104}
2014-10-28T15:41:19.076Z,Touch move,salt,Table,{193, 103}
2014-10-28T15:41:19.093Z,Touch move,salt,Table,{192, 102}
2014-10-28T15:41:19.111Z,Touch move,salt,Table,{191, 101}
2014-10-28T15:41:19.127Z,Touch move,salt,Table,{190, 100}
2014-10-28T15:41:19.142Z,Touch move,salt,Table,{189, 99}
2014-10-28T15:41:19.159Z,Touch move,salt,Table,{188, 98}
2014-10-28T15:41:19.175Z,Touch move,salt,Table,{186, 96}
2014-10-28T15:41:19.193Z,Touch move,salt,Table,{185, 95}
2014-10-28T15:41:19.209Z,Touch move,salt,Table,{183, 94}
2014-10-28T15:41:19.226Z,Touch move,salt,Table,{182, 93}
2014-10-28T15:41:19.243Z,Touch move,salt,Table,{180, 91}
2014-10-28T15:41:19.259Z,Touch move,salt,Table,{178, 90}
2014-10-28T15:41:19.277Z,Touch move,salt,Table,{176, 89}
2014-10-28T15:41:19.292Z,Touch move,salt,Table,{175, 87}
2014-10-28T15:41:19.309Z,Touch move,salt,Table,{173, 86}
2014-10-28T15:41:19.324Z,Touch move,salt,Table,{170, 84}
2014-10-28T15:41:19.344Z,Touch move,salt,Table,{167, 82}
2014-10-28T15:41:19.359Z,Touch move,salt,Table,{160, 77}
2014-10-28T15:41:19.376Z,Touch move,salt,Table,{152, 71}
2014-10-28T15:41:19.391Z,Touch move,salt,Table,{146, 67}
2014-10-28T15:41:19.409Z,Touch move,salt,Table,{140, 63}
2014-10-28T15:41:19.426Z,Touch move,salt,Table,{137, 61}
2014-10-28T15:41:19.442Z,Touch move,salt,Table,{134, 58}
2014-10-28T15:41:19.459Z,Touch move,salt,Table,{132, 56}
2014-10-28T15:41:19.476Z,Touch move,salt,Table,{130, 55}
2014-10-28T15:41:19.494Z,Touch move,salt,Table,{129, 54}
2014-10-28T15:41:19.510Z,Touch move,salt,Table,{129, 53}
2014-10-28T15:41:19.526Z,Touch move,salt,Table,{128, 52}
2014-10-28T15:41:19.543Z,Touch move,salt,Table,{120, 47}
2014-10-28T15:41:19.558Z,Touch move,salt,Table,{104, 40}
2014-10-28T15:41:19.577Z,Touch move,salt,Table,{84, 33}
2014-10-28T15:41:19.592Z,Touch move,salt,Table,{64, 26}
2014-10-28T15:41:19.610Z,Touch move,salt,Table,{52, 21}
2014-10-28T15:41:19.627Z,Touch end,salt,Table,{21, 194.5}
2014-10-28T15:41:21.355Z,Touch start,pepper,Table,{890, 197}
2014-10-28T15:41:21.438Z,Touch move,pepper,Table,{165, 883}
2014-10-28T15:41:21.455Z,Touch move,pepper,Table,{161, 877}
2014-10-28T15:41:21.470Z,Touch move,pepper,Table,{158, 871}
2014-10-28T15:41:21.487Z,Touch move,pepper,Table,{153, 865}
2014-10-28T15:41:21.504Z,Touch move,pepper,Table,{150, 858}
2014-10-28T15:41:21.519Z,Touch move,pepper,Table,{148, 852}
2014-10-28T15:41:21.540Z,Touch move,pepper,Table,{147, 847}
2014-10-28T15:41:21.554Z,Touch move,pepper,Table,{146, 840}
2014-10-28T15:41:21.570Z,Touch move,pepper,Table,{145, 835}
2014-10-28T15:41:21.587Z,Touch move,pepper,Table,{145, 830}
2014-10-28T15:41:21.603Z,Touch move,pepper,Table,{144, 825}
2014-10-28T15:41:21.620Z,Touch move,pepper,Table,{144, 820}
2014-10-28T15:41:21.637Z,Touch move,pepper,Table,{144, 815}
2014-10-28T15:41:21.653Z,Touch move,pepper,Table,{144, 810}
2014-10-28T15:41:21.670Z,Touch move,pepper,Table,{144, 805}
2014-10-28T15:41:21.689Z,Touch move,pepper,Table,{143, 800}
2014-10-28T15:41:21.703Z,Touch move,pepper,Table,{143, 794}
2014-10-28T15:41:21.719Z,Touch move,pepper,Table,{143, 790}
2014-10-28T15:41:21.736Z,Touch move,pepper,Table,{143, 785}
2014-10-28T15:41:21.753Z,Touch move,pepper,Table,{143, 782}
2014-10-28T15:41:21.769Z,Touch move,pepper,Table,{143, 778}
2014-10-28T15:41:21.786Z,Touch move,pepper,Table,{143, 775}
2014-10-28T15:41:21.802Z,Touch move,pepper,Table,{143, 771}
2014-10-28T15:41:21.818Z,Touch move,pepper,Table,{143, 768}
2014-10-28T15:41:21.839Z,Touch move,pepper,Table,{143, 766}
2014-10-28T15:41:21.852Z,Touch move,pepper,Table,{143, 764}
2014-10-28T15:41:21.869Z,Touch move,pepper,Table,{143, 763}
2014-10-28T15:41:21.886Z,Touch move,pepper,Table,{143, 762}
2014-10-28T15:41:21.903Z,Touch move,pepper,Table,{143, 761}
2014-10-28T15:41:22.085Z,Touch move,pepper,Table,{143, 762}
2014-10-28T15:41:22.102Z,Touch move,pepper,Table,{143, 763}
2014-10-28T15:41:22.119Z,Touch move,pepper,Table,{143, 764}
2014-10-28T15:41:22.136Z,Touch move,pepper,Table,{144, 765}
2014-10-28T15:41:22.151Z,Touch move,pepper,Table,{144, 766}
2014-10-28T15:41:22.168Z,Touch move,pepper,Table,{145, 767}
2014-10-28T15:41:22.185Z,Touch move,pepper,Table,{146, 768}
2014-10-28T15:41:22.201Z,Touch move,pepper,Table,{147, 769}
2014-10-28T15:41:22.217Z,Touch move,pepper,Table,{147, 771}
2014-10-28T15:41:22.235Z,Touch move,pepper,Table,{148, 772}
2014-10-28T15:41:22.251Z,Touch move,pepper,Table,{148, 773}
2014-10-28T15:41:22.267Z,Touch move,pepper,Table,{149, 774}
2014-10-28T15:41:22.285Z,Touch move,pepper,Table,{149, 775}
2014-10-28T15:41:22.334Z,Touch move,pepper,Table,{149, 776}
2014-10-28T15:41:22.384Z,Touch move,pepper,Table,{149, 777}
2014-10-28T15:41:22.400Z,Touch move,pepper,Table,{149, 778}
2014-10-28T15:41:22.417Z,Touch move,pepper,Table,{149, 782}
2014-10-28T15:41:22.434Z,Touch move,pepper,Table,{149, 786}
2014-10-28T15:41:22.450Z,Touch move,pepper,Table,{149, 791}
2014-10-28T15:41:22.467Z,Touch move,pepper,Table,{149, 796}
2014-10-28T15:41:22.483Z,Touch move,pepper,Table,{149, 803}
2014-10-28T15:41:22.500Z,Touch move,pepper,Table,{149, 808}
2014-10-28T15:41:22.516Z,Touch move,pepper,Table,{149, 813}
2014-10-28T15:41:22.533Z,Touch move,pepper,Table,{149, 818}
2014-10-28T15:41:22.550Z,Touch move,pepper,Table,{149, 823}
2014-10-28T15:41:22.567Z,Touch move,pepper,Table,{149, 828}
2014-10-28T15:41:22.583Z,Touch move,pepper,Table,{149, 832}
2014-10-28T15:41:22.599Z,Touch move,pepper,Table,{149, 838}
2014-10-28T15:41:22.616Z,Touch move,pepper,Table,{149, 843}
2014-10-28T15:41:22.633Z,Touch move,pepper,Table,{149, 850}
2014-10-28T15:41:22.649Z,Touch move,pepper,Table,{149, 856}
2014-10-28T15:41:22.666Z,Touch move,pepper,Table,{149, 861}
2014-10-28T15:41:22.682Z,Touch move,pepper,Table,{149, 866}
2014-10-28T15:41:22.699Z,Touch move,pepper,Table,{149, 871}
2014-10-28T15:41:22.716Z,Touch move,pepper,Table,{149, 875}
2014-10-28T15:41:22.733Z,Touch move,pepper,Table,{149, 879}
2014-10-28T15:41:22.749Z,Touch move,pepper,Table,{149, 883}
2014-10-28T15:41:22.766Z,Touch move,pepper,Table,{149, 888}
2014-10-28T15:41:22.783Z,Touch move,pepper,Table,{149, 893}
2014-10-28T15:41:22.798Z,Touch move,pepper,Table,{149, 898}
2014-10-28T15:41:22.815Z,Touch move,pepper,Table,{148, 902}
2014-10-28T15:41:22.832Z,Touch move,pepper,Table,{147, 907}
2014-10-28T15:41:22.849Z,Touch move,pepper,Table,{146, 912}
2014-10-28T15:41:22.865Z,Touch move,pepper,Table,{146, 917}
2014-10-28T15:41:22.882Z,Touch move,pepper,Table,{145, 921}
2014-10-28T15:41:22.898Z,Touch move,pepper,Table,{145, 925}
2014-10-28T15:41:22.915Z,Touch move,pepper,Table,{145, 928}
2014-10-28T15:41:22.932Z,Touch move,pepper,Table,{144, 930}
2014-10-28T15:41:22.948Z,Touch move,pepper,Table,{144, 932}
2014-10-28T15:41:22.965Z,Touch move,pepper,Table,{144, 933}
2014-10-28T15:41:22.981Z,Touch move,pepper,Table,{144, 934}
2014-10-28T15:41:22.998Z,Touch move,pepper,Table,{144, 935}
2014-10-28T15:41:23.014Z,Touch move,pepper,Table,{144, 937}
2014-10-28T15:41:23.033Z,Touch move,pepper,Table,{143, 938}
2014-10-28T15:41:23.048Z,Touch move,pepper,Table,{143, 939}
2014-10-28T15:41:23.064Z,Touch move,pepper,Table,{143, 940}
2014-10-28T15:41:23.081Z,Touch move,pepper,Table,{143, 941}
2014-10-28T15:41:23.097Z,Touch move,pepper,Table,{143, 942}
2014-10-28T15:41:23.114Z,Touch move,pepper,Table,{142, 944}
2014-10-28T15:41:23.131Z,Touch move,pepper,Table,{141, 945}
2014-10-28T15:41:23.147Z,Touch move,pepper,Table,{141, 947}
2014-10-28T15:41:23.164Z,Touch move,pepper,Table,{141, 948}
2014-10-28T15:41:23.182Z,Touch move,pepper,Table,{140, 951}
2014-10-28T15:41:23.197Z,Touch move,pepper,Table,{140, 953}
2014-10-28T15:41:23.214Z,Touch move,pepper,Table,{140, 958}
2014-10-28T15:41:23.230Z,Touch move,pepper,Table,{140, 963}
2014-10-28T15:41:23.247Z,Touch move,pepper,Table,{140, 968}
2014-10-28T15:41:23.265Z,Touch move,pepper,Table,{139, 974}
2014-10-28T15:41:23.280Z,Touch move,pepper,Table,{138, 979}
2014-10-28T15:41:23.297Z,Touch move,pepper,Table,{137, 984}
2014-10-28T15:41:23.313Z,Touch move,pepper,Table,{136, 988}
2014-10-28T15:41:23.331Z,Touch move,pepper,Table,{135, 991}
2014-10-28T15:41:23.347Z,Touch move,pepper,Table,{134, 992}
2014-10-28T15:41:23.362Z,Touch move,pepper,Table,{134, 993}
2014-10-28T15:41:23.379Z,Touch move,pepper,Table,{134, 994}
2014-10-28T15:41:23.496Z,Touch move,pepper,Table,{133, 994}
2014-10-28T15:41:23.579Z,Touch move,pepper,Table,{132, 994}
2014-10-28T15:41:23.679Z,Touch move,pepper,Table,{131, 995}
2014-10-28T15:41:23.695Z,Touch move,pepper,Table,{130, 995}
2014-10-28T15:41:23.712Z,Touch move,pepper,Table,{129, 997}
2014-10-28T15:41:23.729Z,Touch move,pepper,Table,{129, 1001}
2014-10-28T15:41:23.745Z,Touch move,pepper,Table,{128, 1003}
2014-10-28T15:41:23.761Z,Touch move,pepper,Table,{128, 1005}
2014-10-28T15:41:23.778Z,Touch move,pepper,Table,{128, 1006}
2014-10-28T15:41:23.794Z,Touch move,pepper,Table,{128, 1007}
2014-10-28T15:41:23.844Z,Touch move,pepper,Table,{127, 1007}
2014-10-28T15:41:23.960Z,Touch move,pepper,Table,{127, 1008}
2014-10-28T15:41:24.011Z,Touch move,pepper,Table,{126, 1008}
2014-10-28T15:41:24.027Z,Touch move,pepper,Table,{126, 1009}
2014-10-28T15:41:24.077Z,Touch move,pepper,Table,{126, 1010}
2014-10-28T15:41:24.127Z,Touch move,pepper,Table,{126, 1011}
2014-10-28T15:41:24.159Z,Touch move,pepper,Table,{125, 1012}
2014-10-28T15:41:24.193Z,Touch move,pepper,Table,{125, 1013}
2014-10-28T15:41:24.209Z,Touch move,pepper,Table,{125, 1014}
2014-10-28T15:41:24.227Z,Touch move,pepper,Table,{124, 1015}
2014-10-28T15:41:24.242Z,Touch move,pepper,Table,{124, 1016}
2014-10-28T15:41:24.259Z,Touch move,pepper,Table,{123, 1018}
2014-10-28T15:41:24.277Z,Touch move,pepper,Table,{122, 1020}
2014-10-28T15:41:24.294Z,Touch move,pepper,Table,{121, 1021}
2014-10-28T15:41:24.309Z,Touch move,pepper,Table,{120, 1022}
2014-10-28T15:41:24.358Z,Touch move,pepper,Table,{119, 1022}
2014-10-28T15:41:24.776Z,Touch end,pepper,Table,{1022, 194.5}
2014-10-28T15:41:26.076Z,Touch start,pepper,Table,{898, 197}
2014-10-28T15:41:26.108Z,Touch move,pepper,Table,{161, 887}
2014-10-28T15:41:26.127Z,Touch move,pepper,Table,{161, 907}
2014-10-28T15:41:26.142Z,Touch move,pepper,Table,{159, 930}
2014-10-28T15:41:26.160Z,Touch move,pepper,Table,{155, 953}
2014-10-28T15:41:26.176Z,Touch end,pepper,Table,{953, 194.5}
2014-10-28T15:41:26.360Z,Touch start,pepper,Table,{943.35071, 194.9386}
2014-10-28T15:41:26.393Z,Touch move,pepper,Table,{145, 918}
2014-10-28T15:41:26.407Z,Touch move,pepper,Table,{145, 930}
2014-10-28T15:41:26.427Z,Touch move,pepper,Table,{145, 943}
2014-10-28T15:41:26.443Z,Touch move,pepper,Table,{145, 961}
2014-10-28T15:41:26.457Z,Touch move,pepper,Table,{146, 976}
2014-10-28T15:41:26.476Z,Touch end,pepper,Table,{976, 194.5}
2014-10-28T15:41:26.625Z,Touch start,static,Table,{145, 922}
2014-10-28T15:41:26.655Z,Touch move,static,Table,{145, 939}
2014-10-28T15:41:26.671Z,Touch move,static,Table,{145, 955}
2014-10-28T15:41:26.687Z,Touch move,static,Table,{145, 970}
2014-10-28T15:41:26.703Z,Touch move,static,Table,{145, 997}
2014-10-28T15:41:26.722Z,Touch end,static,Table,{144, 999}
2014-10-28T15:41:26.894Z,Touch start,pepper,Table,{917.55676, 196.37318}
2014-10-28T15:41:26.943Z,Touch move,pepper,Table,{151, 921}
2014-10-28T15:41:26.960Z,Touch move,pepper,Table,{151, 924}
2014-10-28T15:41:26.976Z,Touch move,pepper,Table,{150, 925}
2014-10-28T15:41:26.991Z,Touch move,pepper,Table,{149, 927}
2014-10-28T15:41:27.010Z,Touch move,pepper,Table,{148, 928}
2014-10-28T15:41:27.025Z,Touch move,pepper,Table,{147, 928}
2014-10-28T15:41:27.044Z,Touch move,pepper,Table,{146, 928}
2014-10-28T15:41:27.059Z,Touch move,pepper,Table,{145, 928}
2014-10-28T15:41:27.076Z,Touch move,pepper,Table,{145, 929}
2014-10-28T15:41:27.110Z,Touch move,pepper,Table,{144, 930}
2014-10-28T15:41:27.127Z,Touch move,pepper,Table,{144, 931}
2014-10-28T15:41:27.143Z,Touch move,pepper,Table,{144, 932}
2014-10-28T15:41:27.160Z,Touch move,pepper,Table,{143, 933}
2014-10-28T15:41:27.175Z,Touch move,pepper,Table,{143, 934}
2014-10-28T15:41:27.194Z,Touch move,pepper,Table,{143, 935}
2014-10-28T15:41:27.210Z,Touch move,pepper,Table,{143, 938}
2014-10-28T15:41:27.227Z,Touch move,pepper,Table,{142, 939}
2014-10-28T15:41:27.244Z,Touch move,pepper,Table,{142, 941}
2014-10-28T15:41:27.260Z,Touch move,pepper,Table,{142, 942}
2014-10-28T15:41:27.277Z,Touch move,pepper,Table,{142, 943}
2014-10-28T15:41:27.324Z,Touch move,pepper,Table,{141, 943}
2014-10-28T15:41:27.344Z,Touch move,pepper,Table,{141, 944}
2014-10-28T15:41:27.360Z,Touch move,pepper,Table,{140, 945}
2014-10-28T15:41:27.376Z,Touch move,pepper,Table,{139, 948}
2014-10-28T15:41:27.392Z,Touch move,pepper,Table,{139, 951}
2014-10-28T15:41:27.409Z,Touch move,pepper,Table,{138, 955}
2014-10-28T15:41:27.426Z,Touch move,pepper,Table,{138, 958}
2014-10-28T15:41:27.442Z,Touch move,pepper,Table,{137, 961}
2014-10-28T15:41:27.459Z,Touch move,pepper,Table,{137, 964}
2014-10-28T15:41:27.474Z,Touch move,pepper,Table,{136, 967}
2014-10-28T15:41:27.491Z,Touch move,pepper,Table,{136, 969}
2014-10-28T15:41:27.509Z,Touch move,pepper,Table,{135, 971}
2014-10-28T15:41:27.525Z,Touch move,pepper,Table,{135, 974}
2014-10-28T15:41:27.539Z,Touch move,pepper,Table,{134, 977}
2014-10-28T15:41:27.558Z,Touch move,pepper,Table,{134, 980}
2014-10-28T15:41:27.574Z,Touch move,pepper,Table,{133, 985}
2014-10-28T15:41:27.589Z,Touch move,pepper,Table,{132, 989}
2014-10-28T15:41:27.605Z,Touch move,pepper,Table,{131, 993}
2014-10-28T15:41:27.620Z,Touch move,pepper,Table,{130, 997}
2014-10-28T15:41:27.641Z,Touch move,pepper,Table,{130, 1001}
2014-10-28T15:41:27.655Z,Touch move,pepper,Table,{130, 1003}
2014-10-28T15:41:27.673Z,Touch move,pepper,Table,{130, 1005}
2014-10-28T15:41:27.689Z,Touch move,pepper,Table,{130, 1006}
2014-10-28T15:41:27.705Z,Touch move,pepper,Table,{130, 1007}
2014-10-28T15:41:27.739Z,Touch move,pepper,Table,{130, 1008}
2014-10-28T15:41:27.755Z,Touch move,pepper,Table,{130, 1009}
2014-10-28T15:41:27.790Z,Touch move,pepper,Table,{129, 1010}
2014-10-28T15:41:27.804Z,Touch move,pepper,Table,{129, 1011}
2014-10-28T15:41:27.821Z,Touch move,pepper,Table,{129, 1012}
2014-10-28T15:41:27.837Z,Touch move,pepper,Table,{129, 1013}
2014-10-28T15:41:27.855Z,Touch move,pepper,Table,{129, 1014}
2014-10-28T15:41:27.870Z,Touch move,pepper,Table,{129, 1015}
2014-10-28T15:41:27.887Z,Touch move,pepper,Table,{128, 1015}
2014-10-28T15:41:27.921Z,Touch move,pepper,Table,{128, 1016}
2014-10-28T15:41:27.954Z,Touch move,pepper,Table,{127, 1016}
2014-10-28T15:41:28.006Z,Touch start,static,Table,{162, 106}
2014-10-28T15:41:28.169Z,Touch move,static,Table,{161, 105}
2014-10-28T15:41:28.186Z,Touch move,static,Table,{158, 105}
2014-10-28T15:41:28.203Z,Touch move,static,Table,{157, 106}
2014-10-28T15:41:28.219Z,Touch move,static,Table,{154, 108}
2014-10-28T15:41:28.238Z,Touch move,static,Table,{152, 109}
2014-10-28T15:41:28.252Z,Touch move,static,Table,{150, 111}
2014-10-28T15:41:28.269Z,Touch move,static,Table,{147, 113}
2014-10-28T15:41:28.286Z,Touch move,static,Table,{144, 116}
2014-10-28T15:41:28.302Z,Touch move,static,Table,{141, 117}
2014-10-28T15:41:28.319Z,Touch move,static,Table,{139, 119}
2014-10-28T15:41:28.336Z,Touch move,static,Table,{137, 120}
2014-10-28T15:41:28.352Z,Touch move,static,Table,{135, 121}
2014-10-28T15:41:28.386Z,Touch move,static,Table,{134, 122}
2014-10-28T15:41:28.468Z,Touch move,pepper,Table,{127, 1017}
2014-10-28T15:41:28.469Z,Touch move,static,Table,{133, 121}
2014-10-28T15:41:28.485Z,Touch move,static,Table,{133, 120}
2014-10-28T15:41:28.501Z,Touch move,static,Table,{132, 119}
2014-10-28T15:41:28.518Z,Touch move,static,Table,{131, 117}
2014-10-28T15:41:28.535Z,Touch move,static,Table,{130, 115}
2014-10-28T15:41:28.551Z,Touch move,static,Table,{129, 112}
2014-10-28T15:41:28.568Z,Touch move,static,Table,{128, 109}
2014-10-28T15:41:28.584Z,Touch move,static,Table,{126, 105}
2014-10-28T15:41:28.601Z,Touch move,static,Table,{125, 101}
2014-10-28T15:41:28.618Z,Touch move,static,Table,{123, 98}
2014-10-28T15:41:28.634Z,Touch move,static,Table,{122, 93}
2014-10-28T15:41:28.651Z,Touch move,static,Table,{120, 89}
2014-10-28T15:41:28.668Z,Touch move,static,Table,{118, 84}
2014-10-28T15:41:28.686Z,Touch move,static,Table,{117, 79}
2014-10-28T15:41:28.700Z,Touch move,static,Table,{115, 73}
2014-10-28T15:41:28.717Z,Touch move,static,Table,{113, 67}
2014-10-28T15:41:28.734Z,Touch move,static,Table,{111, 62}
2014-10-28T15:41:28.750Z,Touch move,static,Table,{110, 57}
2014-10-28T15:41:28.767Z,Touch move,static,Table,{109, 53}
2014-10-28T15:41:28.784Z,Touch move,static,Table,{107, 49}
2014-10-28T15:41:28.800Z,Touch move,static,Table,{106, 45}
2014-10-28T15:41:28.817Z,Touch move,static,Table,{105, 43}
2014-10-28T15:41:28.834Z,Touch move,static,Table,{105, 41}
2014-10-28T15:41:28.850Z,Touch move,static,Table,{104, 39}
2014-10-28T15:41:28.867Z,Touch move,static,Table,{104, 38}
2014-10-28T15:41:28.900Z,Touch move,static,Table,{104, 37}
2014-10-28T15:41:28.916Z,Touch move,static,Table,{104, 35}
2014-10-28T15:41:28.933Z,Touch move,static,Table,{104, 33}
2014-10-28T15:41:28.949Z,Touch move,static,Table,{103, 30}
2014-10-28T15:41:28.967Z,Touch move,static,Table,{103, 26}
2014-10-28T15:41:28.983Z,Touch move,static,Table,{102, 21}
2014-10-28T15:41:28.999Z,Touch move,static,Table,{102, 16}
2014-10-28T15:41:29.016Z,Touch move,static,Table,{101, 12}
2014-10-28T15:41:29.033Z,Touch move,static,Table,{101, 9}
2014-10-28T15:41:29.049Z,Touch move,static,Table,{100, 7}
2014-10-28T15:41:29.066Z,Touch move,static,Table,{100, 5}
2014-10-28T15:41:29.082Z,Touch move,static,Table,{99, 4}
2014-10-28T15:41:29.099Z,Touch move,static,Table,{99, 3}
2014-10-28T15:41:29.116Z,Touch move,static,Table,{98, 3}
2014-10-28T15:41:29.133Z,Touch move,static,Table,{98, 2}
2014-10-28T15:41:29.149Z,Touch move,static,Table,{97, 2}
2014-10-28T15:41:29.199Z,Touch move,static,Table,{96, 2}
2014-10-28T15:41:29.232Z,Touch move,static,Table,{95, 2}
2014-10-28T15:41:29.249Z,Touch end,static,Table,{95, 2}
2014-10-28T15:41:29.265Z,Touch move,pepper,Table,{126, 1017}
2014-10-28T15:41:29.381Z,Touch move,pepper,Table,{125, 1017}
2014-10-28T15:41:29.530Z,Touch move,pepper,Table,{124, 1017}
2014-10-28T15:41:29.613Z,Touch move,pepper,Table,{124, 1018}
2014-10-28T15:41:29.630Z,Touch move,pepper,Table,{123, 1018}
2014-10-28T15:41:29.862Z,Touch move,pepper,Table,{122, 1018}
2014-10-28T15:41:29.962Z,Touch move,pepper,Table,{122, 1019}
2014-10-28T15:41:30.826Z,Touch move,pepper,Table,{122, 1020}
2014-10-28T15:41:31.261Z,Touch start,static,Table,{151, 123}
2014-10-28T15:41:31.276Z,Touch move,pepper,Table,{121, 1020}
2014-10-28T15:41:31.310Z,Touch move,static,Table,{151, 121}
2014-10-28T15:41:31.326Z,Touch move,static,Table,{151, 118}
2014-10-28T15:41:31.343Z,Touch move,static,Table,{151, 113}
2014-10-28T15:41:31.360Z,Touch move,static,Table,{151, 109}
2014-10-28T15:41:31.377Z,Touch move,static,Table,{151, 104}
2014-10-28T15:41:31.394Z,Touch move,static,Table,{151, 98}
2014-10-28T15:41:31.410Z,Touch move,static,Table,{151, 92}
2014-10-28T15:41:31.426Z,Touch move,static,Table,{151, 86}
2014-10-28T15:41:31.441Z,Touch move,static,Table,{151, 80}
2014-10-28T15:41:31.460Z,Touch move,static,Table,{151, 75}
2014-10-28T15:41:31.476Z,Touch move,static,Table,{151, 70}
2014-10-28T15:41:31.493Z,Touch move,static,Table,{150, 65}
2014-10-28T15:41:31.509Z,Touch move,static,Table,{149, 61}
2014-10-28T15:41:31.526Z,Touch move,static,Table,{149, 58}
2014-10-28T15:41:31.543Z,Touch move,static,Table,{147, 56}
2014-10-28T15:41:31.559Z,Touch move,static,Table,{147, 53}
2014-10-28T15:41:31.576Z,Touch move,static,Table,{146, 52}
2014-10-28T15:41:31.591Z,Touch move,static,Table,{145, 50}
2014-10-28T15:41:31.610Z,Touch move,static,Table,{144, 49}
2014-10-28T15:41:31.626Z,Touch move,static,Table,{143, 47}
2014-10-28T15:41:31.643Z,Touch move,static,Table,{143, 46}
2014-10-28T15:41:31.659Z,Touch move,static,Table,{142, 43}
2014-10-28T15:41:31.675Z,Touch move,static,Table,{141, 41}
2014-10-28T15:41:31.692Z,Touch move,static,Table,{140, 39}
2014-10-28T15:41:31.709Z,Touch move,static,Table,{140, 37}
2014-10-28T15:41:31.725Z,Touch move,static,Table,{139, 35}
2014-10-28T15:41:31.740Z,Touch move,static,Table,{138, 32}
2014-10-28T15:41:31.757Z,Touch move,static,Table,{138, 31}
2014-10-28T15:41:31.776Z,Touch move,static,Table,{137, 29}
2014-10-28T15:41:31.789Z,Touch move,static,Table,{136, 27}
2014-10-28T15:41:31.809Z,Touch move,static,Table,{136, 24}
2014-10-28T15:41:31.823Z,Touch move,static,Table,{135, 21}
2014-10-28T15:41:31.839Z,Touch move,static,Table,{135, 19}
2014-10-28T15:41:31.855Z,Touch move,static,Table,{134, 17}
2014-10-28T15:41:31.872Z,Touch move,static,Table,{134, 15}
2014-10-28T15:41:31.887Z,Touch move,static,Table,{134, 14}
2014-10-28T15:41:31.909Z,Touch move,static,Table,{134, 12}
2014-10-28T15:41:31.921Z,Touch move,static,Table,{134, 11}
2014-10-28T15:41:31.938Z,Touch move,static,Table,{133, 10}
2014-10-28T15:41:31.956Z,Touch move,static,Table,{133, 9}
2014-10-28T15:41:32.005Z,Touch move,static,Table,{132, 9}
2014-10-28T15:41:32.036Z,Touch move,static,Table,{132, 8}
2014-10-28T15:41:32.070Z,Touch move,static,Table,{132, 7}
2014-10-28T15:41:32.087Z,Touch move,static,Table,{131, 6}
2014-10-28T15:41:32.105Z,Touch move,static,Table,{130, 4}
2014-10-28T15:41:32.120Z,Touch move,static,Table,{129, 2}
2014-10-28T15:41:32.137Z,Touch move,static,Table,{128, 2}
2014-10-28T15:41:32.154Z,Touch move,static,Table,{127, 2}
2014-10-28T15:41:32.170Z,Touch move,static,Table,{126, 2}
2014-10-28T15:41:32.236Z,Touch end,static,Table,{126, 2}
2014-10-28T15:41:32.590Z,Touch start,static,Table,{176, 122}
2014-10-28T15:41:32.967Z,Touch move,pepper,Table,{120, 1020}
2014-10-28T15:41:32.968Z,Touch move,static,Table,{178, 121}
2014-10-28T15:41:33.000Z,Touch move,static,Table,{177, 118}
2014-10-28T15:41:33.017Z,Touch move,static,Table,{174, 113}
2014-10-28T15:41:33.033Z,Touch move,static,Table,{172, 108}
2014-10-28T15:41:33.050Z,Touch move,static,Table,{170, 103}
2014-10-28T15:41:33.067Z,Touch move,static,Table,{168, 98}
2014-10-28T15:41:33.083Z,Touch move,static,Table,{166, 93}
2014-10-28T15:41:33.101Z,Touch move,static,Table,{164, 88}
2014-10-28T15:41:33.116Z,Touch move,static,Table,{163, 85}
2014-10-28T15:41:33.133Z,Touch move,static,Table,{163, 84}
2014-10-28T15:41:33.150Z,Touch move,static,Table,{162, 83}
2014-10-28T15:41:33.299Z,Touch move,pepper,Table,{119, 1020}
2014-10-28T15:41:33.449Z,Touch move,static,Table,{162, 84}
2014-10-28T15:41:33.465Z,Touch move,static,Table,{163, 85}
2014-10-28T15:41:33.482Z,Touch move,static,Table,{163, 86}
2014-10-28T15:41:33.498Z,Touch move,static,Table,{163, 87}
2014-10-28T15:41:33.515Z,Touch move,static,Table,{163, 88}
2014-10-28T15:41:33.549Z,Touch move,static,Table,{163, 89}
2014-10-28T15:41:33.564Z,Touch end,static,Table,{163, 89}
2014-10-28T15:41:33.766Z,Touch start,static,Table,{183, 122}
2014-10-28T15:41:33.979Z,Touch move,pepper,Table,{120, 1020}
2014-10-28T15:41:33.980Z,Touch move,static,Table,{185, 121}
2014-10-28T15:41:34.129Z,Touch move,static,Table,{186, 125}
2014-10-28T15:41:34.146Z,Touch move,static,Table,{186, 126}
2014-10-28T15:41:34.179Z,Touch move,static,Table,{186, 127}
2014-10-28T15:41:34.296Z,Touch move,static,Table,{186, 126}
2014-10-28T15:41:34.311Z,Touch move,static,Table,{185, 125}
2014-10-28T15:41:34.327Z,Touch move,static,Table,{185, 124}
2014-10-28T15:41:34.345Z,Touch move,static,Table,{184, 123}
2014-10-28T15:41:34.361Z,Touch move,static,Table,{184, 122}
2014-10-28T15:41:34.377Z,Touch move,static,Table,{184, 121}
2014-10-28T15:41:34.395Z,Touch move,static,Table,{183, 121}
2014-10-28T15:41:34.427Z,Touch move,static,Table,{182, 120}
2014-10-28T15:41:34.461Z,Touch move,static,Table,{181, 119}
2014-10-28T15:41:34.478Z,Touch move,static,Table,{181, 118}
2014-10-28T15:41:34.510Z,Touch move,static,Table,{181, 117}
2014-10-28T15:41:34.544Z,Touch move,static,Table,{181, 116}
2014-10-28T15:41:34.560Z,Touch move,static,Table,{180, 115}
2014-10-28T15:41:34.576Z,Touch move,static,Table,{179, 113}
2014-10-28T15:41:34.593Z,Touch move,static,Table,{178, 109}
2014-10-28T15:41:34.610Z,Touch move,static,Table,{177, 105}
2014-10-28T15:41:34.626Z,Touch move,static,Table,{175, 101}
2014-10-28T15:41:34.644Z,Touch move,static,Table,{174, 96}
2014-10-28T15:41:34.660Z,Touch move,static,Table,{172, 92}
2014-10-28T15:41:34.676Z,Touch move,static,Table,{171, 88}
2014-10-28T15:41:34.693Z,Touch move,static,Table,{170, 85}
2014-10-28T15:41:34.709Z,Touch move,static,Table,{169, 83}
2014-10-28T15:41:34.726Z,Touch move,static,Table,{168, 81}
2014-10-28T15:41:34.744Z,Touch move,static,Table,{167, 80}
2014-10-28T15:41:35.242Z,Touch move,static,Table,{168, 80}
2014-10-28T15:41:35.258Z,Touch move,static,Table,{169, 80}
2014-10-28T15:41:35.293Z,Touch move,static,Table,{170, 81}
2014-10-28T15:41:35.558Z,Touch move,pepper,Table,{119, 1020}
2014-10-28T15:41:35.577Z,Touch move,pepper,Table,{109, 1021}
2014-10-28T15:41:35.577Z,Touch move,static,Table,{165, 78}
2014-10-28T15:41:35.593Z,Touch end,pepper,Table,{1021, 194.5}
2014-10-28T15:41:35.594Z,Touch end,static,Table,{150, 70}
2014-10-28T15:41:37.022Z,Touch move,static,Table,{158, 953}
2014-10-28T15:41:37.038Z,Touch move,static,Table,{147, 923}
2014-10-28T15:41:37.325Z,Touch start,static,Table,{157, 946}
2014-10-28T15:41:37.354Z,Touch move,static,Table,{153, 923}
2014-10-28T15:41:37.369Z,Touch move,static,Table,{146, 899}
2014-10-28T15:41:37.389Z,Touch move,static,Table,{136, 870}
2014-10-28T15:41:37.403Z,Touch move,static,Table,{125, 841}
2014-10-28T15:41:37.420Z,Touch move,static,Table,{109, 813}
2014-10-28T15:41:37.437Z,Touch move,static,Table,{93, 789}
2014-10-28T15:41:37.453Z,Touch end,static,Table,{78, 773}
2014-10-28T15:41:37.652Z,Touch move,static,Table,{172, 972}
2014-10-28T15:41:37.668Z,Touch move,static,Table,{171, 952}
2014-10-28T15:41:37.687Z,Touch move,static,Table,{164, 917}
2014-10-28T15:41:37.702Z,Touch move,static,Table,{152, 882}
2014-10-28T15:41:37.718Z,Touch move,static,Table,{140, 844}
2014-10-28T15:41:37.735Z,Touch move,static,Table,{126, 807}
2014-10-28T15:41:37.753Z,Touch move,static,Table,{106, 765}
2014-10-28T15:41:37.768Z,Touch move,static,Table,{84, 715}
2014-10-28T15:41:37.785Z,Touch move,static,Table,{55, 656}
2014-10-28T15:41:38.507Z,Touch start,static,Table,{98, 774}
2014-10-28T15:41:38.520Z,Touch move,static,Table,{97, 766}
2014-10-28T15:41:38.537Z,Touch move,static,Table,{96, 765}
2014-10-28T15:41:38.553Z,Touch move,static,Table,{93, 765}
2014-10-28T15:41:38.570Z,Touch move,static,Table,{88, 767}
2014-10-28T15:41:38.586Z,Touch end,static,Table,{81, 781}
2014-10-28T15:41:39.052Z,Scene Change,,Microwave,
2014-10-28T15:41:39.052Z,Touch,Microwave Button,Microwave,{805.30005, 140}
2014-10-28T15:41:44.867Z,Scene Change,,Table,
2014-10-28T15:41:45.052Z,Touch start,static,Table,{683, 99}
2014-10-28T15:41:45.112Z,Touch end,static,Table,{684, 100}
