time,event,object,scene,location
2014-07-20T12:55:24.452Z,App Started,iPad2,5,,
2014-07-20T12:55:24.476Z,Character Selected,monster1,,
2014-07-20T12:55:28.132Z,Touch start,broccoli,Table,{118, 408}
2014-07-20T12:55:28.485Z,Touch start,broccoli,Table,{354, 748}
2014-07-20T12:55:28.485Z,Touch move,broccoli,Table,{354, 748}
2014-07-20T12:55:28.490Z,Touch move,broccoli,Table,{356, 722}
2014-07-20T12:55:28.500Z,Touch move,broccoli,Table,{360, 700}
2014-07-20T12:55:28.517Z,Touch move,broccoli,Table,{364, 678}
2014-07-20T12:55:28.533Z,Touch move,broccoli,Table,{368, 655}
2014-07-20T12:55:28.550Z,Touch move,broccoli,Table,{373, 633}
2014-07-20T12:55:28.567Z,Touch move,broccoli,Table,{379, 609}
2014-07-20T12:55:28.583Z,Touch move,broccoli,Table,{383, 587}
2014-07-20T12:55:28.600Z,Touch move,broccoli,Table,{386, 566}
2014-07-20T12:55:28.617Z,Touch move,broccoli,Table,{389, 549}
2014-07-20T12:55:28.634Z,Touch move,broccoli,Table,{392, 532}
2014-07-20T12:55:28.650Z,Touch move,broccoli,Table,{394, 514}
2014-07-20T12:55:28.668Z,Touch move,broccoli,Table,{396, 498}
2014-07-20T12:55:28.684Z,Touch move,broccoli,Table,{397, 486}
2014-07-20T12:55:28.700Z,Touch move,broccoli,Table,{398, 476}
2014-07-20T12:55:28.718Z,Touch move,broccoli,Table,{399, 470}
2014-07-20T12:55:28.733Z,Touch move,broccoli,Table,{400, 465}
2014-07-20T12:55:28.750Z,Touch move,broccoli,Table,{400, 463}
2014-07-20T12:55:28.767Z,Touch move,broccoli,Table,{401, 462}
2014-07-20T12:55:28.784Z,Touch move,broccoli,Table,{401, 462}
2014-07-20T12:55:28.800Z,Touch move,broccoli,Table,{401, 462}
2014-07-20T12:55:28.817Z,Touch move,broccoli,Table,{401, 462}
2014-07-20T12:55:28.833Z,Touch move,broccoli,Table,{401, 462}
2014-07-20T12:55:28.850Z,Touch move,broccoli,Table,{401, 462}
2014-07-20T12:55:28.868Z,Touch move,broccoli,Table,{401, 462}
2014-07-20T12:55:28.883Z,Touch move,broccoli,Table,{401, 462}
2014-07-20T12:55:28.900Z,Touch move,broccoli,Table,{401, 462}
2014-07-20T12:55:28.917Z,Touch move,broccoli,Table,{401, 463}
2014-07-20T12:55:28.934Z,Touch move,broccoli,Table,{401, 464}
2014-07-20T12:55:28.950Z,Touch move,broccoli,Table,{402, 467}
2014-07-20T12:55:28.967Z,Touch move,broccoli,Table,{404, 471}
2014-07-20T12:55:28.984Z,Touch move,broccoli,Table,{408, 476}
2014-07-20T12:55:29.000Z,Touch move,broccoli,Table,{411, 483}
2014-07-20T12:55:29.018Z,Touch move,broccoli,Table,{414, 490}
2014-07-20T12:55:29.033Z,Touch move,broccoli,Table,{418, 498}
2014-07-20T12:55:29.050Z,Touch move,broccoli,Table,{421, 504}
2014-07-20T12:55:29.067Z,Touch move,broccoli,Table,{424, 510}
2014-07-20T12:55:29.083Z,Touch move,broccoli,Table,{426, 515}
2014-07-20T12:55:29.100Z,Touch move,broccoli,Table,{430, 521}
2014-07-20T12:55:29.117Z,Touch move,broccoli,Table,{432, 527}
2014-07-20T12:55:29.134Z,Touch move,broccoli,Table,{434, 532}
2014-07-20T12:55:29.150Z,Touch move,broccoli,Table,{437, 537}
2014-07-20T12:55:29.168Z,Touch move,broccoli,Table,{439, 540}
2014-07-20T12:55:29.184Z,Touch move,broccoli,Table,{442, 543}
2014-07-20T12:55:29.200Z,Touch move,broccoli,Table,{445, 545}
2014-07-20T12:55:29.217Z,Touch move,broccoli,Table,{447, 546}
2014-07-20T12:55:29.234Z,Touch move,broccoli,Table,{449, 547}
2014-07-20T12:55:29.251Z,Touch move,broccoli,Table,{450, 548}
2014-07-20T12:55:29.267Z,Touch move,broccoli,Table,{451, 548}
2014-07-20T12:55:29.283Z,Touch move,broccoli,Table,{451, 548}
2014-07-20T12:55:29.300Z,Touch move,broccoli,Table,{451, 548}
2014-07-20T12:55:29.318Z,Touch move,broccoli,Table,{451, 548}
2014-07-20T12:55:29.333Z,Touch move,broccoli,Table,{451, 548}
2014-07-20T12:55:29.350Z,Touch move,broccoli,Table,{451, 548}
2014-07-20T12:55:29.367Z,Touch move,broccoli,Table,{451, 548}
2014-07-20T12:55:29.383Z,Touch move,broccoli,Table,{450, 546}
2014-07-20T12:55:29.402Z,Touch move,broccoli,Table,{440, 539}
2014-07-20T12:55:29.417Z,Touch move,broccoli,Table,{428, 531}
2014-07-20T12:55:29.433Z,Touch move,broccoli,Table,{421, 523}
2014-07-20T12:55:29.450Z,Touch move,broccoli,Table,{417, 517}
2014-07-20T12:55:29.467Z,Touch move,broccoli,Table,{413, 511}
2014-07-20T12:55:29.483Z,Touch move,broccoli,Table,{411, 506}
2014-07-20T12:55:29.500Z,Touch move,broccoli,Table,{411, 502}
2014-07-20T12:55:29.517Z,Touch move,broccoli,Table,{411, 500}
2014-07-20T12:55:29.533Z,Touch move,broccoli,Table,{411, 499}
2014-07-20T12:55:29.551Z,Touch move,broccoli,Table,{412, 499}
2014-07-20T12:55:29.559Z,Touch end,broccoli,Table,{537, 351}
2014-07-20T12:55:29.560Z,Touch end,broccoli,Table,{413, 500}
2014-07-20T12:55:29.562Z,Food swallowed,3.00 like score for broccoli,Table,
2014-07-20T12:55:35.958Z,Touch start,mushroom,Table,{118, 540}
2014-07-20T12:55:36.229Z,Touch start,mushroom,Table,{321, 669}
2014-07-20T12:55:36.230Z,Touch move,mushroom,Table,{321, 669}
2014-07-20T12:55:36.234Z,Touch move,mushroom,Table,{321, 669}
2014-07-20T12:55:36.251Z,Touch move,mushroom,Table,{339, 629}
2014-07-20T12:55:36.268Z,Touch move,mushroom,Table,{348, 608}
2014-07-20T12:55:36.284Z,Touch move,mushroom,Table,{355, 590}
2014-07-20T12:55:36.300Z,Touch move,mushroom,Table,{361, 576}
2014-07-20T12:55:36.317Z,Touch move,mushroom,Table,{368, 558}
2014-07-20T12:55:36.335Z,Touch move,mushroom,Table,{375, 543}
2014-07-20T12:55:36.350Z,Touch move,mushroom,Table,{382, 527}
2014-07-20T12:55:36.367Z,Touch move,mushroom,Table,{389, 514}
2014-07-20T12:55:36.384Z,Touch move,mushroom,Table,{395, 502}
2014-07-20T12:55:36.401Z,Touch move,mushroom,Table,{398, 494}
2014-07-20T12:55:36.417Z,Touch move,mushroom,Table,{401, 488}
2014-07-20T12:55:36.433Z,Touch move,mushroom,Table,{402, 484}
2014-07-20T12:55:36.450Z,Touch move,mushroom,Table,{403, 482}
2014-07-20T12:55:36.467Z,Touch move,mushroom,Table,{404, 481}
2014-07-20T12:55:36.484Z,Touch move,mushroom,Table,{405, 481}
2014-07-20T12:55:36.500Z,Touch move,mushroom,Table,{405, 481}
2014-07-20T12:55:36.517Z,Touch move,mushroom,Table,{405, 481}
2014-07-20T12:55:36.533Z,Touch move,mushroom,Table,{405, 481}
2014-07-20T12:55:36.550Z,Touch move,mushroom,Table,{405, 481}
2014-07-20T12:55:36.567Z,Touch move,mushroom,Table,{405, 481}
2014-07-20T12:55:36.584Z,Touch move,mushroom,Table,{405, 481}
2014-07-20T12:55:36.600Z,Touch move,mushroom,Table,{405, 481}
2014-07-20T12:55:36.617Z,Touch move,mushroom,Table,{405, 481}
2014-07-20T12:55:36.634Z,Touch move,mushroom,Table,{405, 481}
2014-07-20T12:55:36.650Z,Touch move,mushroom,Table,{405, 481}
2014-07-20T12:55:36.668Z,Touch move,mushroom,Table,{405, 481}
2014-07-20T12:55:36.683Z,Touch move,mushroom,Table,{405, 481}
2014-07-20T12:55:36.700Z,Touch move,mushroom,Table,{405, 481}
2014-07-20T12:55:36.718Z,Touch move,mushroom,Table,{405, 481}
2014-07-20T12:55:36.734Z,Touch move,mushroom,Table,{405, 481}
2014-07-20T12:55:36.750Z,Touch move,mushroom,Table,{405, 481}
2014-07-20T12:55:36.767Z,Touch move,mushroom,Table,{405, 481}
2014-07-20T12:55:36.784Z,Touch move,mushroom,Table,{405, 482}
2014-07-20T12:55:36.797Z,Touch end,mushroom,Table,{537.38831, 363}
2014-07-20T12:55:36.798Z,Touch end,mushroom,Table,{404, 484}
2014-07-20T12:55:36.800Z,Food swallowed,2.00 like score for mushroom,Table,
2014-07-20T12:55:40.421Z,Food disliked,2.00 like score for mushroom,Table,
2014-07-20T12:55:42.121Z,Touch start,salt,Table,{977.20001, 197}
2014-07-20T12:55:42.347Z,Touch move,salt,Table,{584, 77}
2014-07-20T12:55:42.364Z,Touch move,salt,Table,{583, 83}
2014-07-20T12:55:42.381Z,Touch move,salt,Table,{579, 94}
2014-07-20T12:55:42.397Z,Touch move,salt,Table,{575, 105}
2014-07-20T12:55:42.415Z,Touch move,salt,Table,{571, 121}
2014-07-20T12:55:42.430Z,Touch move,salt,Table,{566, 136}
2014-07-20T12:55:42.447Z,Touch move,salt,Table,{559, 154}
2014-07-20T12:55:42.463Z,Touch move,salt,Table,{550, 171}
2014-07-20T12:55:42.480Z,Touch move,salt,Table,{543, 186}
2014-07-20T12:55:42.497Z,Touch move,salt,Table,{537, 199}
2014-07-20T12:55:42.513Z,Touch move,salt,Table,{531, 213}
2014-07-20T12:55:42.530Z,Touch move,salt,Table,{527, 223}
2014-07-20T12:55:42.547Z,Touch move,salt,Table,{523, 232}
2014-07-20T12:55:42.565Z,Touch move,salt,Table,{519, 241}
2014-07-20T12:55:42.580Z,Touch move,salt,Table,{517, 247}
2014-07-20T12:55:42.597Z,Touch move,salt,Table,{515, 253}
2014-07-20T12:55:42.613Z,Touch move,salt,Table,{512, 258}
2014-07-20T12:55:42.630Z,Touch move,salt,Table,{511, 263}
2014-07-20T12:55:42.646Z,Touch move,salt,Table,{510, 268}
2014-07-20T12:55:42.663Z,Touch move,salt,Table,{509, 274}
2014-07-20T12:55:42.680Z,Touch move,salt,Table,{507, 281}
2014-07-20T12:55:42.696Z,Touch move,salt,Table,{505, 288}
2014-07-20T12:55:42.714Z,Touch move,salt,Table,{501, 300}
2014-07-20T12:55:42.730Z,Touch move,salt,Table,{496, 312}
2014-07-20T12:55:42.746Z,Touch move,salt,Table,{489, 326}
2014-07-20T12:55:42.763Z,Touch move,salt,Table,{482, 343}
2014-07-20T12:55:42.779Z,Touch move,salt,Table,{473, 359}
2014-07-20T12:55:42.796Z,Touch move,salt,Table,{462, 377}
2014-07-20T12:55:42.812Z,Touch move,salt,Table,{451, 397}
2014-07-20T12:55:42.829Z,Touch move,salt,Table,{438, 419}
2014-07-20T12:55:42.846Z,Touch move,salt,Table,{423, 442}
2014-07-20T12:55:42.863Z,Touch move,salt,Table,{407, 465}
2014-07-20T12:55:42.879Z,Touch move,salt,Table,{393, 488}
2014-07-20T12:55:42.895Z,Touch move,salt,Table,{377, 513}
2014-07-20T12:55:42.912Z,Touch move,salt,Table,{363, 540}
2014-07-20T12:55:42.929Z,Touch move,salt,Table,{350, 564}
2014-07-20T12:55:42.945Z,Touch move,salt,Table,{337, 587}
2014-07-20T12:55:42.962Z,Touch move,salt,Table,{325, 608}
2014-07-20T12:55:42.979Z,Touch move,salt,Table,{316, 626}
2014-07-20T12:55:42.995Z,Touch move,salt,Table,{307, 644}
2014-07-20T12:55:43.012Z,Touch move,salt,Table,{297, 661}
2014-07-20T12:55:43.028Z,Touch move,salt,Table,{287, 679}
2014-07-20T12:55:43.045Z,Touch move,salt,Table,{277, 693}
2014-07-20T12:55:43.061Z,Touch move,salt,Table,{271, 703}
2014-07-20T12:55:43.078Z,Touch move,salt,Table,{266, 712}
2014-07-20T12:55:43.095Z,Touch move,salt,Table,{261, 718}
2014-07-20T12:55:43.111Z,Touch move,salt,Table,{257, 723}
2014-07-20T12:55:43.129Z,Touch move,salt,Table,{255, 727}
2014-07-20T12:55:43.145Z,Touch move,salt,Table,{254, 729}
2014-07-20T12:55:43.162Z,Touch move,salt,Table,{253, 731}
2014-07-20T12:55:43.178Z,Touch move,salt,Table,{252, 733}
2014-07-20T12:55:43.194Z,Touch move,salt,Table,{251, 734}
2014-07-20T12:55:43.211Z,Touch move,salt,Table,{250, 735}
2014-07-20T12:55:43.228Z,Touch move,salt,Table,{250, 736}
2014-07-20T12:55:43.244Z,Touch move,salt,Table,{248, 737}
2014-07-20T12:55:43.261Z,Touch move,salt,Table,{247, 739}
2014-07-20T12:55:43.278Z,Touch move,salt,Table,{246, 741}
2014-07-20T12:55:43.294Z,Touch move,salt,Table,{243, 746}
2014-07-20T12:55:43.312Z,Touch move,salt,Table,{240, 751}
2014-07-20T12:55:43.327Z,Touch move,salt,Table,{236, 760}
2014-07-20T12:55:43.344Z,Touch move,salt,Table,{233, 767}
2014-07-20T12:55:43.361Z,Touch move,salt,Table,{230, 776}
2014-07-20T12:55:43.377Z,Touch move,salt,Table,{227, 785}
2014-07-20T12:55:43.394Z,Touch move,salt,Table,{225, 792}
2014-07-20T12:55:43.410Z,Touch move,salt,Table,{224, 798}
2014-07-20T12:55:43.427Z,Touch move,salt,Table,{223, 805}
2014-07-20T12:55:43.444Z,Touch move,salt,Table,{223, 809}
2014-07-20T12:55:43.460Z,Touch move,salt,Table,{223, 811}
2014-07-20T12:55:43.477Z,Touch move,salt,Table,{223, 812}
2014-07-20T12:55:43.543Z,Touch move,salt,Table,{223, 811}
2014-07-20T12:55:43.560Z,Touch move,salt,Table,{224, 804}
2014-07-20T12:55:43.577Z,Touch move,salt,Table,{232, 789}
2014-07-20T12:55:43.594Z,Touch move,salt,Table,{243, 771}
2014-07-20T12:55:43.610Z,Touch move,salt,Table,{257, 745}
2014-07-20T12:55:43.626Z,Touch move,salt,Table,{272, 720}
2014-07-20T12:55:43.643Z,Touch move,salt,Table,{286, 694}
2014-07-20T12:55:43.660Z,Touch move,salt,Table,{299, 670}
2014-07-20T12:55:43.677Z,Touch move,salt,Table,{314, 645}
2014-07-20T12:55:43.695Z,Touch move,salt,Table,{330, 618}
2014-07-20T12:55:43.709Z,Touch move,salt,Table,{349, 588}
2014-07-20T12:55:43.726Z,Touch move,salt,Table,{365, 557}
2014-07-20T12:55:43.743Z,Touch move,salt,Table,{380, 532}
2014-07-20T12:55:43.759Z,Touch move,salt,Table,{396, 508}
2014-07-20T12:55:43.776Z,Touch move,salt,Table,{409, 486}
2014-07-20T12:55:43.792Z,Touch move,salt,Table,{421, 464}
2014-07-20T12:55:43.809Z,Touch move,salt,Table,{436, 442}
2014-07-20T12:55:43.826Z,Touch move,salt,Table,{450, 419}
2014-07-20T12:55:43.842Z,Touch move,salt,Table,{464, 398}
2014-07-20T12:55:43.859Z,Touch move,salt,Table,{475, 381}
2014-07-20T12:55:43.876Z,Touch move,salt,Table,{486, 364}
2014-07-20T12:55:43.892Z,Touch move,salt,Table,{495, 349}
2014-07-20T12:55:43.910Z,Touch move,salt,Table,{503, 332}
2014-07-20T12:55:43.926Z,Touch move,salt,Table,{510, 316}
2014-07-20T12:55:43.942Z,Touch move,salt,Table,{517, 303}
2014-07-20T12:55:43.958Z,Touch move,salt,Table,{520, 291}
2014-07-20T12:55:43.975Z,Touch move,salt,Table,{524, 279}
2014-07-20T12:55:43.993Z,Touch move,salt,Table,{526, 268}
2014-07-20T12:55:44.008Z,Touch move,salt,Table,{527, 257}
2014-07-20T12:55:44.026Z,Touch move,salt,Table,{528, 243}
2014-07-20T12:55:44.041Z,Touch move,salt,Table,{529, 230}
2014-07-20T12:55:44.058Z,Touch move,salt,Table,{530, 216}
2014-07-20T12:55:44.075Z,Touch move,salt,Table,{530, 199}
2014-07-20T12:55:44.091Z,Touch move,salt,Table,{531, 182}
2014-07-20T12:55:44.108Z,Touch move,salt,Table,{532, 165}
2014-07-20T12:55:44.125Z,Touch move,salt,Table,{534, 147}
2014-07-20T12:55:44.141Z,Touch move,salt,Table,{537, 130}
2014-07-20T12:55:44.158Z,Touch move,salt,Table,{539, 117}
2014-07-20T12:55:44.175Z,Touch move,salt,Table,{541, 105}
2014-07-20T12:55:44.191Z,Touch move,salt,Table,{542, 98}
2014-07-20T12:55:44.208Z,Touch move,salt,Table,{546, 91}
2014-07-20T12:55:44.225Z,Touch move,salt,Table,{547, 88}
2014-07-20T12:55:44.241Z,Touch end,salt,Table,{936, 221}
2014-07-20T12:55:45.026Z,Touch move,static,Table,{248, 910}
2014-07-20T12:55:45.042Z,Touch move,static,Table,{248, 900}
2014-07-20T12:55:45.059Z,Touch move,static,Table,{250, 885}
2014-07-20T12:55:45.076Z,Touch move,static,Table,{254, 865}
2014-07-20T12:55:45.092Z,Touch move,static,Table,{261, 844}
2014-07-20T12:55:45.109Z,Touch move,static,Table,{270, 821}
2014-07-20T12:55:45.126Z,Touch move,static,Table,{278, 797}
2014-07-20T12:55:45.142Z,Touch move,static,Table,{290, 771}
2014-07-20T12:55:45.159Z,Touch move,static,Table,{303, 745}
2014-07-20T12:55:45.175Z,Touch move,static,Table,{318, 717}
2014-07-20T12:55:45.192Z,Touch move,static,Table,{333, 687}
2014-07-20T12:55:45.214Z,Touch start,mushroom,Table,{333, 687}
2014-07-20T12:55:45.214Z,Touch move,mushroom,Table,{333, 687}
2014-07-20T12:55:45.218Z,Touch move,static,Table,{349, 655}
2014-07-20T12:55:45.219Z,Touch move,mushroom,Table,{349, 655}
2014-07-20T12:55:45.225Z,Touch move,static,Table,{363, 625}
2014-07-20T12:55:45.233Z,Touch move,mushroom,Table,{363, 625}
2014-07-20T12:55:45.242Z,Touch move,static,Table,{375, 595}
2014-07-20T12:55:45.252Z,Touch move,mushroom,Table,{375, 595}
2014-07-20T12:55:45.258Z,Touch move,static,Table,{390, 565}
2014-07-20T12:55:45.267Z,Touch move,mushroom,Table,{390, 565}
2014-07-20T12:55:45.275Z,Touch move,static,Table,{404, 536}
2014-07-20T12:55:45.283Z,Touch move,mushroom,Table,{404, 536}
2014-07-20T12:55:45.291Z,Touch move,static,Table,{421, 507}
2014-07-20T12:55:45.301Z,Touch move,mushroom,Table,{421, 507}
2014-07-20T12:55:45.308Z,Touch move,static,Table,{438, 476}
2014-07-20T12:55:45.318Z,Touch move,mushroom,Table,{438, 476}
2014-07-20T12:55:45.325Z,Touch move,static,Table,{454, 447}
2014-07-20T12:55:45.333Z,Touch move,mushroom,Table,{454, 447}
2014-07-20T12:55:45.341Z,Touch move,static,Table,{469, 417}
2014-07-20T12:55:45.350Z,Touch move,mushroom,Table,{469, 417}
2014-07-20T12:55:45.358Z,Touch move,static,Table,{480, 397}
2014-07-20T12:55:45.367Z,Touch move,mushroom,Table,{480, 397}
2014-07-20T12:55:45.375Z,Touch move,static,Table,{490, 377}
2014-07-20T12:55:45.383Z,Touch move,mushroom,Table,{490, 377}
2014-07-20T12:55:45.391Z,Touch move,static,Table,{498, 358}
2014-07-20T12:55:45.403Z,Touch move,mushroom,Table,{498, 358}
2014-07-20T12:55:45.408Z,Touch move,static,Table,{506, 339}
2014-07-20T12:55:45.417Z,Touch move,mushroom,Table,{506, 339}
2014-07-20T12:55:45.425Z,Touch move,static,Table,{515, 322}
2014-07-20T12:55:45.433Z,Touch move,mushroom,Table,{515, 322}
2014-07-20T12:55:45.441Z,Touch move,static,Table,{523, 304}
2014-07-20T12:55:45.450Z,Touch move,mushroom,Table,{523, 304}
2014-07-20T12:55:45.457Z,Touch move,static,Table,{529, 286}
2014-07-20T12:55:45.467Z,Touch move,mushroom,Table,{529, 286}
2014-07-20T12:55:45.475Z,Touch move,static,Table,{533, 274}
2014-07-20T12:55:45.483Z,Touch move,mushroom,Table,{533, 274}
2014-07-20T12:55:45.491Z,Touch move,static,Table,{538, 259}
2014-07-20T12:55:45.500Z,Touch move,mushroom,Table,{538, 259}
2014-07-20T12:55:45.509Z,Touch move,static,Table,{544, 242}
2014-07-20T12:55:45.517Z,Touch move,mushroom,Table,{544, 242}
2014-07-20T12:55:45.524Z,Touch move,static,Table,{552, 226}
2014-07-20T12:55:45.533Z,Touch move,mushroom,Table,{552, 226}
2014-07-20T12:55:45.541Z,Touch move,static,Table,{561, 211}
2014-07-20T12:55:45.552Z,Touch move,mushroom,Table,{561, 211}
2014-07-20T12:55:45.557Z,Touch move,static,Table,{566, 199}
2014-07-20T12:55:45.567Z,Touch move,mushroom,Table,{566, 199}
2014-07-20T12:55:45.574Z,Touch move,static,Table,{569, 190}
2014-07-20T12:55:45.583Z,Touch move,mushroom,Table,{569, 190}
2014-07-20T12:55:45.590Z,Touch move,static,Table,{573, 180}
2014-07-20T12:55:45.600Z,Touch move,mushroom,Table,{573, 180}
2014-07-20T12:55:45.607Z,Touch move,static,Table,{577, 171}
2014-07-20T12:55:45.617Z,Touch move,mushroom,Table,{577, 171}
2014-07-20T12:55:45.624Z,Touch move,static,Table,{580, 164}
2014-07-20T12:55:45.635Z,Touch move,mushroom,Table,{580, 164}
2014-07-20T12:55:45.640Z,Touch move,static,Table,{582, 158}
2014-07-20T12:55:45.650Z,Touch move,mushroom,Table,{582, 158}
2014-07-20T12:55:45.658Z,Touch move,static,Table,{583, 154}
2014-07-20T12:55:45.667Z,Touch move,mushroom,Table,{583, 154}
2014-07-20T12:55:45.673Z,Touch move,static,Table,{584, 152}
2014-07-20T12:55:45.683Z,Touch move,mushroom,Table,{584, 152}
2014-07-20T12:55:45.690Z,Touch move,static,Table,{585, 151}
2014-07-20T12:55:45.701Z,Touch move,mushroom,Table,{585, 151}
2014-07-20T12:55:45.707Z,Touch move,static,Table,{586, 151}
2014-07-20T12:55:45.717Z,Touch move,mushroom,Table,{586, 151}
2014-07-20T12:55:45.733Z,Touch move,mushroom,Table,{586, 151}
2014-07-20T12:55:45.750Z,Touch move,mushroom,Table,{586, 151}
2014-07-20T12:55:45.767Z,Touch move,mushroom,Table,{586, 151}
2014-07-20T12:55:45.784Z,Touch move,mushroom,Table,{586, 151}
2014-07-20T12:55:45.789Z,Touch move,static,Table,{585, 151}
2014-07-20T12:55:45.800Z,Touch move,mushroom,Table,{585, 151}
2014-07-20T12:55:45.806Z,Touch move,static,Table,{584, 151}
2014-07-20T12:55:45.817Z,Touch move,mushroom,Table,{584, 151}
2014-07-20T12:55:45.823Z,Touch move,static,Table,{580, 154}
2014-07-20T12:55:45.833Z,Touch move,mushroom,Table,{580, 154}
2014-07-20T12:55:45.840Z,Touch move,static,Table,{574, 159}
2014-07-20T12:55:45.851Z,Touch move,mushroom,Table,{574, 159}
2014-07-20T12:55:45.856Z,Touch move,static,Table,{570, 165}
2014-07-20T12:55:45.867Z,Touch move,mushroom,Table,{570, 165}
2014-07-20T12:55:45.872Z,Touch move,static,Table,{563, 171}
2014-07-20T12:55:45.883Z,Touch move,mushroom,Table,{563, 171}
2014-07-20T12:55:45.889Z,Touch move,static,Table,{559, 174}
2014-07-20T12:55:45.900Z,Touch move,mushroom,Table,{559, 174}
2014-07-20T12:55:45.905Z,Touch move,static,Table,{556, 176}
2014-07-20T12:55:45.917Z,Touch move,mushroom,Table,{556, 176}
2014-07-20T12:55:45.923Z,Touch move,static,Table,{553, 178}
2014-07-20T12:55:45.935Z,Touch move,mushroom,Table,{553, 178}
2014-07-20T12:55:45.939Z,Touch move,static,Table,{552, 179}
2014-07-20T12:55:45.951Z,Touch move,mushroom,Table,{552, 179}
2014-07-20T12:55:45.956Z,Touch move,static,Table,{552, 180}
2014-07-20T12:55:45.967Z,Touch move,mushroom,Table,{552, 180}
2014-07-20T12:55:45.983Z,Touch move,mushroom,Table,{552, 180}
2014-07-20T12:55:46.001Z,Touch move,mushroom,Table,{552, 180}
2014-07-20T12:55:46.017Z,Touch move,mushroom,Table,{552, 180}
2014-07-20T12:55:46.033Z,Touch move,mushroom,Table,{552, 180}
2014-07-20T12:55:46.050Z,Touch move,mushroom,Table,{552, 180}
2014-07-20T12:55:46.067Z,Touch move,mushroom,Table,{552, 180}
2014-07-20T12:55:46.072Z,Touch move,static,Table,{552, 182}
2014-07-20T12:55:46.084Z,Touch move,mushroom,Table,{552, 182}
2014-07-20T12:55:46.088Z,Touch move,static,Table,{552, 186}
2014-07-20T12:55:46.100Z,Touch move,mushroom,Table,{552, 186}
2014-07-20T12:55:46.105Z,Touch move,static,Table,{552, 191}
2014-07-20T12:55:46.117Z,Touch move,mushroom,Table,{552, 191}
2014-07-20T12:55:46.121Z,Touch move,static,Table,{552, 197}
2014-07-20T12:55:46.133Z,Touch move,mushroom,Table,{552, 197}
2014-07-20T12:55:46.138Z,Touch move,static,Table,{551, 204}
2014-07-20T12:55:46.150Z,Touch move,mushroom,Table,{551, 204}
2014-07-20T12:55:46.155Z,Touch move,static,Table,{551, 211}
2014-07-20T12:55:46.168Z,Touch move,mushroom,Table,{551, 211}
2014-07-20T12:55:46.172Z,Touch move,static,Table,{551, 215}
2014-07-20T12:55:46.183Z,Touch move,mushroom,Table,{551, 215}
2014-07-20T12:55:46.188Z,Touch move,static,Table,{550, 221}
2014-07-20T12:55:46.200Z,Touch move,mushroom,Table,{550, 221}
2014-07-20T12:55:46.205Z,Touch move,static,Table,{549, 226}
2014-07-20T12:55:46.217Z,Touch move,mushroom,Table,{549, 226}
2014-07-20T12:55:46.222Z,Touch move,static,Table,{547, 231}
2014-07-20T12:55:46.234Z,Touch move,mushroom,Table,{547, 231}
2014-07-20T12:55:46.238Z,Touch move,static,Table,{546, 236}
2014-07-20T12:55:46.250Z,Touch move,mushroom,Table,{546, 236}
2014-07-20T12:55:46.255Z,Touch move,static,Table,{545, 240}
2014-07-20T12:55:46.267Z,Touch move,mushroom,Table,{545, 240}
2014-07-20T12:55:46.271Z,Touch move,static,Table,{543, 246}
2014-07-20T12:55:46.283Z,Touch move,mushroom,Table,{543, 246}
2014-07-20T12:55:46.288Z,Touch move,static,Table,{540, 252}
2014-07-20T12:55:46.300Z,Touch move,mushroom,Table,{540, 252}
2014-07-20T12:55:46.305Z,Touch move,static,Table,{538, 259}
2014-07-20T12:55:46.318Z,Touch move,mushroom,Table,{538, 259}
2014-07-20T12:55:46.323Z,Touch move,static,Table,{535, 268}
2014-07-20T12:55:46.333Z,Touch move,mushroom,Table,{535, 268}
2014-07-20T12:55:46.338Z,Touch move,static,Table,{531, 277}
2014-07-20T12:55:46.350Z,Touch move,mushroom,Table,{531, 277}
2014-07-20T12:55:46.355Z,Touch move,static,Table,{528, 285}
2014-07-20T12:55:46.367Z,Touch move,mushroom,Table,{528, 285}
2014-07-20T12:55:46.372Z,Touch move,static,Table,{524, 293}
2014-07-20T12:55:46.384Z,Touch move,mushroom,Table,{524, 293}
2014-07-20T12:55:46.387Z,Touch move,static,Table,{521, 302}
2014-07-20T12:55:46.400Z,Touch move,mushroom,Table,{521, 302}
2014-07-20T12:55:46.405Z,Touch move,static,Table,{518, 309}
2014-07-20T12:55:46.417Z,Touch move,mushroom,Table,{518, 309}
2014-07-20T12:55:46.421Z,Touch move,static,Table,{515, 316}
2014-07-20T12:55:46.433Z,Touch move,mushroom,Table,{515, 316}
2014-07-20T12:55:46.438Z,Touch move,static,Table,{511, 325}
2014-07-20T12:55:46.450Z,Touch move,mushroom,Table,{511, 325}
2014-07-20T12:55:46.455Z,Touch move,static,Table,{508, 331}
2014-07-20T12:55:46.468Z,Touch move,mushroom,Table,{508, 331}
2014-07-20T12:55:46.472Z,Touch move,static,Table,{505, 340}
2014-07-20T12:55:46.483Z,Touch move,mushroom,Table,{505, 340}
2014-07-20T12:55:46.488Z,Touch move,static,Table,{501, 349}
2014-07-20T12:55:46.500Z,Touch move,mushroom,Table,{501, 349}
2014-07-20T12:55:46.505Z,Touch move,static,Table,{498, 356}
2014-07-20T12:55:46.517Z,Touch move,mushroom,Table,{498, 356}
2014-07-20T12:55:46.522Z,Touch move,static,Table,{495, 363}
2014-07-20T12:55:46.534Z,Touch move,mushroom,Table,{495, 363}
2014-07-20T12:55:46.537Z,Touch move,static,Table,{492, 370}
2014-07-20T12:55:46.550Z,Touch move,mushroom,Table,{492, 370}
2014-07-20T12:55:46.556Z,Touch move,static,Table,{490, 375}
2014-07-20T12:55:46.567Z,Touch move,mushroom,Table,{490, 375}
2014-07-20T12:55:46.579Z,Touch move,static,Table,{486, 381}
2014-07-20T12:55:46.584Z,Touch move,mushroom,Table,{486, 381}
2014-07-20T12:55:46.588Z,Touch move,static,Table,{483, 386}
2014-07-20T12:55:46.600Z,Touch move,mushroom,Table,{483, 386}
2014-07-20T12:55:46.605Z,Touch move,static,Table,{480, 392}
2014-07-20T12:55:46.618Z,Touch move,mushroom,Table,{480, 392}
2014-07-20T12:55:46.622Z,Touch move,static,Table,{478, 396}
2014-07-20T12:55:46.633Z,Touch move,mushroom,Table,{478, 396}
2014-07-20T12:55:46.639Z,Touch move,static,Table,{476, 400}
2014-07-20T12:55:46.650Z,Touch move,mushroom,Table,{476, 400}
2014-07-20T12:55:46.655Z,Touch move,static,Table,{475, 404}
2014-07-20T12:55:46.667Z,Touch move,mushroom,Table,{475, 404}
2014-07-20T12:55:46.672Z,Touch move,static,Table,{474, 406}
2014-07-20T12:55:46.683Z,Touch move,mushroom,Table,{474, 406}
2014-07-20T12:55:46.686Z,Touch move,static,Table,{474, 408}
2014-07-20T12:55:46.700Z,Touch move,mushroom,Table,{474, 408}
2014-07-20T12:55:46.705Z,Touch move,static,Table,{474, 409}
2014-07-20T12:55:46.717Z,Touch move,mushroom,Table,{474, 409}
2014-07-20T12:55:46.733Z,Touch move,mushroom,Table,{474, 409}
2014-07-20T12:55:46.738Z,Touch move,static,Table,{475, 408}
2014-07-20T12:55:46.750Z,Touch move,mushroom,Table,{475, 408}
2014-07-20T12:55:46.755Z,Touch move,static,Table,{481, 400}
2014-07-20T12:55:46.768Z,Touch move,mushroom,Table,{481, 400}
2014-07-20T12:55:46.771Z,Touch move,static,Table,{489, 390}
2014-07-20T12:55:46.783Z,Touch move,mushroom,Table,{489, 390}
2014-07-20T12:55:46.789Z,Touch move,static,Table,{498, 379}
2014-07-20T12:55:46.800Z,Touch move,mushroom,Table,{498, 379}
2014-07-20T12:55:46.805Z,Touch move,static,Table,{506, 370}
2014-07-20T12:55:46.817Z,Touch move,mushroom,Table,{506, 370}
2014-07-20T12:55:46.821Z,Touch move,static,Table,{511, 364}
2014-07-20T12:55:46.833Z,Touch move,mushroom,Table,{511, 364}
2014-07-20T12:55:46.838Z,Touch move,static,Table,{517, 357}
2014-07-20T12:55:46.851Z,Touch move,mushroom,Table,{517, 357}
2014-07-20T12:55:46.856Z,Touch move,static,Table,{521, 351}
2014-07-20T12:55:46.867Z,Touch move,mushroom,Table,{521, 351}
2014-07-20T12:55:46.872Z,Touch move,static,Table,{526, 344}
2014-07-20T12:55:46.883Z,Touch move,mushroom,Table,{526, 344}
2014-07-20T12:55:46.888Z,Touch move,static,Table,{530, 337}
2014-07-20T12:55:46.901Z,Touch move,mushroom,Table,{530, 337}
2014-07-20T12:55:46.905Z,Touch move,static,Table,{534, 330}
2014-07-20T12:55:46.918Z,Touch move,mushroom,Table,{534, 330}
2014-07-20T12:55:46.921Z,Touch move,static,Table,{538, 323}
2014-07-20T12:55:46.933Z,Touch move,mushroom,Table,{538, 323}
2014-07-20T12:55:46.939Z,Touch move,static,Table,{543, 316}
2014-07-20T12:55:46.950Z,Touch move,mushroom,Table,{543, 316}
2014-07-20T12:55:46.955Z,Touch move,static,Table,{548, 309}
2014-07-20T12:55:46.967Z,Touch move,mushroom,Table,{548, 309}
2014-07-20T12:55:46.971Z,Touch move,static,Table,{553, 301}
2014-07-20T12:55:46.985Z,Touch move,mushroom,Table,{553, 301}
2014-07-20T12:55:46.989Z,Touch move,static,Table,{557, 295}
2014-07-20T12:55:47.001Z,Touch move,mushroom,Table,{557, 295}
2014-07-20T12:55:47.005Z,Touch move,static,Table,{559, 290}
2014-07-20T12:55:47.017Z,Touch move,mushroom,Table,{559, 290}
2014-07-20T12:55:47.021Z,Touch move,static,Table,{561, 285}
2014-07-20T12:55:47.034Z,Touch move,mushroom,Table,{561, 285}
2014-07-20T12:55:47.039Z,Touch move,static,Table,{562, 281}
2014-07-20T12:55:47.050Z,Touch move,mushroom,Table,{562, 281}
2014-07-20T12:55:47.055Z,Touch move,static,Table,{563, 279}
2014-07-20T12:55:47.068Z,Touch move,mushroom,Table,{563, 279}
2014-07-20T12:55:47.071Z,Touch move,static,Table,{563, 278}
2014-07-20T12:55:47.083Z,Touch move,mushroom,Table,{563, 278}
2014-07-20T12:55:47.089Z,Touch move,static,Table,{563, 277}
2014-07-20T12:55:47.100Z,Touch move,mushroom,Table,{563, 277}
2014-07-20T12:55:47.117Z,Touch move,mushroom,Table,{563, 277}
2014-07-20T12:55:47.133Z,Touch move,mushroom,Table,{563, 277}
2014-07-20T12:55:47.138Z,Touch move,static,Table,{562, 277}
2014-07-20T12:55:47.153Z,Touch move,mushroom,Table,{562, 277}
2014-07-20T12:55:47.167Z,Touch move,mushroom,Table,{562, 277}
2014-07-20T12:55:47.184Z,Touch move,mushroom,Table,{562, 277}
2014-07-20T12:55:47.201Z,Touch move,mushroom,Table,{562, 277}
2014-07-20T12:55:47.217Z,Touch move,mushroom,Table,{562, 277}
2014-07-20T12:55:47.220Z,Touch end,mushroom,Table,{559, 275}
2014-07-20T12:55:47.221Z,Scene Change,,Microwave,
2014-07-20T12:55:47.221Z,Touch,Microwave Button,Microwave,{805.30005, 140}
2014-07-20T12:55:49.100Z,Microwaving start,mushroom microwaved,Microwave,
2014-07-20T12:55:49.119Z,Touch,Off Button,Microwave,{872, 224}
2014-07-20T12:55:56.736Z,Microwaving end,mushroom microwaved hot,Microwave,
2014-07-20T12:55:56.736Z,Touch,On Button ,Microwave,{872, 224}
2014-07-20T12:55:57.430Z,Touch start,static,Microwave,{527, 354}
2014-07-20T12:55:57.596Z,Touch end,static,Microwave,{532, 355}
2014-07-20T12:55:57.929Z,Touch start,static,Microwave,{440, 397}
2014-07-20T12:55:58.060Z,Touch end,static,Microwave,{438, 398}
2014-07-20T12:55:58.331Z,Touch start,static,Microwave,{395, 249}
2014-07-20T12:55:58.545Z,Touch move,static,Microwave,{396, 252}
2014-07-20T12:55:58.564Z,Touch move,static,Microwave,{396, 255}
2014-07-20T12:55:58.580Z,Touch move,static,Microwave,{396, 262}
2014-07-20T12:55:58.596Z,Touch move,static,Microwave,{396, 270}
2014-07-20T12:55:58.613Z,Touch move,static,Microwave,{396, 277}
2014-07-20T12:55:58.630Z,Touch move,static,Microwave,{396, 281}
2014-07-20T12:55:58.646Z,Touch move,static,Microwave,{396, 284}
2014-07-20T12:55:58.663Z,Touch move,static,Microwave,{392, 285}
2014-07-20T12:55:58.679Z,Touch end,static,Microwave,{390, 287}
2014-07-20T12:55:58.863Z,Touch start,static,Microwave,{384, 282}
2014-07-20T12:55:59.111Z,Touch end,static,Microwave,{387, 288}
2014-07-20T12:55:59.311Z,Touch start,static,Microwave,{391, 305}
2014-07-20T12:55:59.377Z,Touch move,static,Microwave,{393, 308}
2014-07-20T12:55:59.394Z,Touch move,static,Microwave,{393, 314}
2014-07-20T12:55:59.409Z,Touch move,static,Microwave,{395, 326}
2014-07-20T12:55:59.427Z,Touch move,static,Microwave,{397, 341}
2014-07-20T12:55:59.443Z,Touch move,static,Microwave,{400, 357}
2014-07-20T12:55:59.460Z,Touch move,static,Microwave,{403, 374}
2014-07-20T12:55:59.477Z,Touch move,static,Microwave,{406, 393}
2014-07-20T12:55:59.493Z,Touch move,static,Microwave,{409, 415}
2014-07-20T12:55:59.510Z,Touch move,static,Microwave,{412, 439}
2014-07-20T12:55:59.526Z,Touch move,static,Microwave,{417, 470}
2014-07-20T12:55:59.543Z,Touch move,static,Microwave,{421, 501}
2014-07-20T12:55:59.559Z,Touch move,static,Microwave,{428, 532}
2014-07-20T12:55:59.576Z,Touch move,static,Microwave,{435, 561}
2014-07-20T12:55:59.593Z,Touch move,static,Microwave,{443, 592}
2014-07-20T12:55:59.609Z,Touch move,static,Microwave,{451, 621}
2014-07-20T12:55:59.626Z,Touch move,static,Microwave,{459, 646}
2014-07-20T12:55:59.642Z,Touch move,static,Microwave,{468, 671}
2014-07-20T12:55:59.659Z,Touch move,static,Microwave,{476, 687}
2014-07-20T12:55:59.676Z,Touch move,static,Microwave,{484, 702}
2014-07-20T12:55:59.692Z,Touch move,static,Microwave,{487, 711}
2014-07-20T12:55:59.709Z,Touch move,static,Microwave,{488, 716}
2014-07-20T12:55:59.726Z,Touch end,static,Microwave,{486, 717}
2014-07-20T12:56:00.158Z,Touch,Off Button,Microwave,{872, 224}
2014-07-20T12:56:01.375Z,Touch start,static,Microwave,{356, 281}
2014-07-20T12:56:01.508Z,Touch end,static,Microwave,{363, 285}
2014-07-20T12:56:01.574Z,Touch start,static,Microwave,{364, 296}
2014-07-20T12:56:01.673Z,Touch move,static,Microwave,{367, 301}
2014-07-20T12:56:01.690Z,Touch move,static,Microwave,{371, 308}
2014-07-20T12:56:01.706Z,Touch move,static,Microwave,{375, 319}
2014-07-20T12:56:01.723Z,Touch move,static,Microwave,{379, 333}
2014-07-20T12:56:01.739Z,Touch move,static,Microwave,{385, 354}
2014-07-20T12:56:01.756Z,Touch move,static,Microwave,{391, 379}
2014-07-20T12:56:01.773Z,Touch move,static,Microwave,{396, 417}
2014-07-20T12:56:01.789Z,Touch move,static,Microwave,{402, 459}
2014-07-20T12:56:01.807Z,Touch move,static,Microwave,{411, 508}
2014-07-20T12:56:01.823Z,Touch move,static,Microwave,{420, 561}
2014-07-20T12:56:01.839Z,Touch move,static,Microwave,{431, 614}
2014-07-20T12:56:01.856Z,Touch move,static,Microwave,{443, 668}
2014-07-20T12:56:01.872Z,Touch move,static,Microwave,{456, 718}
2014-07-20T12:56:01.889Z,Touch move,static,Microwave,{467, 760}
2014-07-20T12:56:01.905Z,Touch move,static,Microwave,{479, 795}
2014-07-20T12:56:01.922Z,Touch move,static,Microwave,{485, 820}
2014-07-20T12:56:01.939Z,Touch move,static,Microwave,{488, 839}
2014-07-20T12:56:01.956Z,Touch move,static,Microwave,{489, 852}
2014-07-20T12:56:01.972Z,Touch end,static,Microwave,{491, 854}
2014-07-20T12:56:02.360Z,Touch start,static,Microwave,{406, 120}
2014-07-20T12:56:02.442Z,Touch end,static,Microwave,{409, 126}
2014-07-20T12:56:02.567Z,Microwaving end,mushroom microwaved hot,Microwave,
2014-07-20T12:56:02.568Z,Touch,On Button ,Microwave,{872, 224}
2014-07-20T12:56:02.568Z,Microwaving end,mushroom microwaved hot,Microwave,
2014-07-20T12:56:02.592Z,Touch start,static,Microwave,{385, 186}
2014-07-20T12:56:02.657Z,Touch move,static,Microwave,{386, 193}
2014-07-20T12:56:02.674Z,Touch move,static,Microwave,{390, 201}
2014-07-20T12:56:02.691Z,Touch move,static,Microwave,{394, 210}
2014-07-20T12:56:02.707Z,Touch end,static,Microwave,{396, 212}
2014-07-20T12:56:03.438Z,Touch start,static,Microwave,{428, 322}
2014-07-20T12:56:03.587Z,Touch end,static,Microwave,{428, 321}
2014-07-20T12:56:03.787Z,Touch start,static,Microwave,{433, 289}
2014-07-20T12:56:03.936Z,Touch move,static,Microwave,{435, 305}
2014-07-20T12:56:03.953Z,Touch end,static,Microwave,{435, 307}
2014-07-20T12:56:04.104Z,Touch start,static,Microwave,{478, 569}
2014-07-20T12:56:04.370Z,Touch move,static,Microwave,{482, 564}
2014-07-20T12:56:04.387Z,Touch move,static,Microwave,{483, 563}
2014-07-20T12:56:04.404Z,Touch move,static,Microwave,{487, 552}
2014-07-20T12:56:04.419Z,Touch move,static,Microwave,{501, 530}
2014-07-20T12:56:04.435Z,Touch move,static,Microwave,{512, 512}
2014-07-20T12:56:04.455Z,Touch end,static,Microwave,{523, 489}
2014-07-20T12:56:05.221Z,Touch start,static,Microwave,{461, 558}
2014-07-20T12:56:05.352Z,Touch move,static,Microwave,{467, 553}
2014-07-20T12:56:05.371Z,Touch move,static,Microwave,{469, 550}
2014-07-20T12:56:05.387Z,Touch move,static,Microwave,{476, 543}
2014-07-20T12:56:05.404Z,Touch move,static,Microwave,{490, 532}
2014-07-20T12:56:05.420Z,Touch move,static,Microwave,{507, 520}
2014-07-20T12:56:05.437Z,Touch move,static,Microwave,{527, 509}
2014-07-20T12:56:05.455Z,Touch move,static,Microwave,{544, 500}
2014-07-20T12:56:05.470Z,Touch move,static,Microwave,{559, 492}
2014-07-20T12:56:05.487Z,Touch move,static,Microwave,{569, 485}
2014-07-20T12:56:05.504Z,Touch move,static,Microwave,{579, 478}
2014-07-20T12:56:05.521Z,Touch move,static,Microwave,{589, 470}
2014-07-20T12:56:05.537Z,Touch move,static,Microwave,{595, 462}
2014-07-20T12:56:05.554Z,Touch end,static,Microwave,{594, 450}
2014-07-20T12:56:05.984Z,Microwaving start,mushroom microwaved hot,Microwave,
2014-07-20T12:56:05.986Z,Touch,Off Button,Microwave,{872, 224}
2014-07-20T12:56:06.665Z,Microwaving end,mushroom microwaved hot,Microwave,
2014-07-20T12:56:06.666Z,Touch,On Button ,Microwave,{872, 224}
2014-07-20T12:56:07.021Z,Touch start,static,Microwave,{381, 317}
2014-07-20T12:56:07.121Z,Touch move,static,Microwave,{382, 319}
2014-07-20T12:56:07.137Z,Touch move,static,Microwave,{383, 325}
2014-07-20T12:56:07.153Z,Touch move,static,Microwave,{387, 335}
2014-07-20T12:56:07.170Z,Touch move,static,Microwave,{394, 350}
2014-07-20T12:56:07.186Z,Touch move,static,Microwave,{400, 369}
2014-07-20T12:56:07.203Z,Touch move,static,Microwave,{407, 392}
2014-07-20T12:56:07.219Z,Touch move,static,Microwave,{415, 422}
2014-07-20T12:56:07.236Z,Touch move,static,Microwave,{424, 452}
2014-07-20T12:56:07.249Z,Touch move,static,Microwave,{434, 486}
2014-07-20T12:56:07.271Z,Touch move,static,Microwave,{442, 524}
2014-07-20T12:56:07.283Z,Touch move,static,Microwave,{451, 567}
2014-07-20T12:56:07.300Z,Touch move,static,Microwave,{460, 612}
2014-07-20T12:56:07.317Z,Touch move,static,Microwave,{468, 658}
2014-07-20T12:56:07.334Z,Touch move,static,Microwave,{478, 703}
2014-07-20T12:56:07.350Z,Touch move,static,Microwave,{484, 745}
2014-07-20T12:56:07.366Z,Touch move,static,Microwave,{490, 789}
2014-07-20T12:56:07.383Z,Touch move,static,Microwave,{494, 827}
2014-07-20T12:56:07.399Z,Touch move,static,Microwave,{497, 860}
2014-07-20T12:56:07.419Z,Touch move,static,Microwave,{499, 884}
2014-07-20T12:56:07.432Z,Touch move,static,Microwave,{500, 904}
2014-07-20T12:56:07.449Z,Touch move,static,Microwave,{500, 915}
2014-07-20T12:56:07.466Z,Touch move,static,Microwave,{496, 923}
2014-07-20T12:56:07.483Z,Touch move,static,Microwave,{489, 926}
2014-07-20T12:56:07.499Z,Touch move,static,Microwave,{475, 926}
2014-07-20T12:56:07.516Z,Touch end,static,Microwave,{452, 920}
2014-07-20T12:56:07.633Z,Touch start,static,Microwave,{326, 815}
2014-07-20T12:56:07.731Z,Touch end,static,Microwave,{329, 815}
2014-07-20T12:56:07.832Z,Touch start,static,Microwave,{272, 867}
2014-07-20T12:56:07.881Z,Touch move,static,Microwave,{276, 864}
2014-07-20T12:56:07.898Z,Touch move,static,Microwave,{278, 863}
2014-07-20T12:56:07.915Z,Touch move,static,Microwave,{281, 862}
2014-07-20T12:56:07.931Z,Touch move,static,Microwave,{285, 856}
2014-07-20T12:56:07.947Z,Touch move,static,Microwave,{290, 840}
2014-07-20T12:56:07.964Z,Touch move,static,Microwave,{295, 807}
2014-07-20T12:56:07.980Z,Touch end,static,Microwave,{297, 805}
2014-07-20T12:56:08.181Z,Touch start,static,Microwave,{414, 445}
2014-07-20T12:56:08.296Z,Touch end,static,Microwave,{412, 450}
2014-07-20T12:56:08.745Z,Microwaving end,mushroom microwaved hot,Microwave,
2014-07-20T12:56:08.749Z,Scene Change,,Table,
2014-07-20T12:56:09.639Z,Food disliked,2.00 like score for mushroom microwaved hot,Table,
2014-07-20T12:56:09.799Z,Touch start,mushroom,Table,{582, 477}
2014-07-20T12:56:09.879Z,Touch move,mushroom,Table,{578, 481}
2014-07-20T12:56:09.894Z,Touch move,mushroom,Table,{578, 484}
2014-07-20T12:56:09.912Z,Touch move,mushroom,Table,{577, 487}
2014-07-20T12:56:09.928Z,Touch move,mushroom,Table,{575, 493}
2014-07-20T12:56:09.945Z,Touch move,mushroom,Table,{571, 501}
2014-07-20T12:56:09.962Z,Touch move,mushroom,Table,{566, 511}
2014-07-20T12:56:09.979Z,Touch move,mushroom,Table,{561, 522}
2014-07-20T12:56:09.995Z,Touch move,mushroom,Table,{556, 536}
2014-07-20T12:56:10.012Z,Touch move,mushroom,Table,{548, 548}
2014-07-20T12:56:10.028Z,Touch move,mushroom,Table,{540, 561}
2014-07-20T12:56:10.044Z,Touch move,mushroom,Table,{533, 574}
2014-07-20T12:56:10.062Z,Touch move,mushroom,Table,{528, 588}
2014-07-20T12:56:10.078Z,Touch move,mushroom,Table,{524, 600}
2014-07-20T12:56:10.094Z,Touch move,mushroom,Table,{520, 610}
2014-07-20T12:56:10.111Z,Touch move,mushroom,Table,{517, 621}
2014-07-20T12:56:10.128Z,Touch move,mushroom,Table,{514, 630}
2014-07-20T12:56:10.144Z,Touch move,mushroom,Table,{510, 639}
2014-07-20T12:56:10.161Z,Touch move,mushroom,Table,{508, 646}
2014-07-20T12:56:10.177Z,Touch move,mushroom,Table,{507, 651}
2014-07-20T12:56:10.194Z,Touch move,mushroom,Table,{506, 656}
2014-07-20T12:56:10.211Z,Touch move,mushroom,Table,{506, 659}
2014-07-20T12:56:10.227Z,Touch move,mushroom,Table,{506, 661}
2014-07-20T12:56:10.244Z,Touch move,mushroom,Table,{506, 663}
2014-07-20T12:56:10.327Z,Touch move,mushroom,Table,{506, 661}
2014-07-20T12:56:10.344Z,Touch move,mushroom,Table,{506, 657}
2014-07-20T12:56:10.361Z,Touch move,mushroom,Table,{508, 648}
2014-07-20T12:56:10.377Z,Touch move,mushroom,Table,{511, 635}
2014-07-20T12:56:10.393Z,Touch move,mushroom,Table,{517, 617}
2014-07-20T12:56:10.410Z,Touch move,mushroom,Table,{520, 601}
2014-07-20T12:56:10.427Z,Touch move,mushroom,Table,{523, 584}
2014-07-20T12:56:10.443Z,Touch move,mushroom,Table,{527, 564}
2014-07-20T12:56:10.460Z,Touch move,mushroom,Table,{531, 543}
2014-07-20T12:56:10.477Z,Touch move,mushroom,Table,{535, 521}
2014-07-20T12:56:10.493Z,Touch move,mushroom,Table,{539, 496}
2014-07-20T12:56:10.510Z,Touch move,mushroom,Table,{542, 467}
2014-07-20T12:56:10.526Z,Touch move,mushroom,Table,{544, 433}
2014-07-20T12:56:10.543Z,Touch move,mushroom,Table,{545, 407}
2014-07-20T12:56:10.560Z,Touch move,mushroom,Table,{546, 379}
2014-07-20T12:56:10.576Z,Touch move,mushroom,Table,{548, 353}
2014-07-20T12:56:10.593Z,Touch move,mushroom,Table,{550, 327}
2014-07-20T12:56:10.609Z,Touch move,mushroom,Table,{551, 303}
2014-07-20T12:56:10.626Z,Touch move,mushroom,Table,{552, 283}
2014-07-20T12:56:10.642Z,Touch move,mushroom,Table,{552, 260}
2014-07-20T12:56:10.660Z,Touch move,mushroom,Table,{551, 240}
2014-07-20T12:56:10.676Z,Touch move,mushroom,Table,{548, 224}
2014-07-20T12:56:10.692Z,Touch move,mushroom,Table,{545, 209}
2014-07-20T12:56:10.709Z,Touch move,mushroom,Table,{543, 199}
2014-07-20T12:56:10.726Z,Touch move,mushroom,Table,{541, 193}
2014-07-20T12:56:10.742Z,Touch move,mushroom,Table,{539, 190}
2014-07-20T12:56:10.759Z,Touch move,mushroom,Table,{537, 187}
2014-07-20T12:56:10.775Z,Touch move,mushroom,Table,{535, 185}
2014-07-20T12:56:10.792Z,Touch move,mushroom,Table,{533, 184}
2014-07-20T12:56:10.810Z,Touch move,mushroom,Table,{530, 183}
2014-07-20T12:56:10.825Z,Touch move,mushroom,Table,{528, 181}
2014-07-20T12:56:10.842Z,Touch move,mushroom,Table,{526, 178}
2014-07-20T12:56:10.859Z,Touch move,mushroom,Table,{522, 173}
2014-07-20T12:56:10.875Z,Touch move,mushroom,Table,{520, 168}
2014-07-20T12:56:10.892Z,Touch move,mushroom,Table,{517, 161}
2014-07-20T12:56:10.909Z,Touch move,mushroom,Table,{514, 151}
2014-07-20T12:56:10.925Z,Touch move,mushroom,Table,{511, 144}
2014-07-20T12:56:10.941Z,Touch move,mushroom,Table,{510, 136}
2014-07-20T12:56:10.960Z,Touch move,mushroom,Table,{510, 130}
2014-07-20T12:56:10.975Z,Touch move,mushroom,Table,{510, 125}
2014-07-20T12:56:10.991Z,Touch move,mushroom,Table,{510, 122}
2014-07-20T12:56:11.008Z,Touch move,mushroom,Table,{510, 121}
2014-07-20T12:56:11.025Z,Touch move,mushroom,Table,{510, 120}
2014-07-20T12:56:11.108Z,Touch move,mushroom,Table,{510, 122}
2014-07-20T12:56:11.124Z,Touch move,mushroom,Table,{511, 125}
2014-07-20T12:56:11.141Z,Touch move,mushroom,Table,{514, 129}
2014-07-20T12:56:11.158Z,Touch move,mushroom,Table,{517, 134}
2014-07-20T12:56:11.174Z,Touch move,mushroom,Table,{520, 141}
2014-07-20T12:56:11.190Z,Touch move,mushroom,Table,{522, 147}
2014-07-20T12:56:11.207Z,Touch move,mushroom,Table,{524, 154}
2014-07-20T12:56:11.224Z,Touch move,mushroom,Table,{525, 166}
2014-07-20T12:56:11.240Z,Touch move,mushroom,Table,{526, 178}
2014-07-20T12:56:11.258Z,Touch move,mushroom,Table,{527, 193}
2014-07-20T12:56:11.274Z,Touch move,mushroom,Table,{528, 210}
2014-07-20T12:56:11.290Z,Touch move,mushroom,Table,{531, 226}
2014-07-20T12:56:11.307Z,Touch move,mushroom,Table,{534, 247}
2014-07-20T12:56:11.323Z,Touch move,mushroom,Table,{536, 267}
2014-07-20T12:56:11.340Z,Touch move,mushroom,Table,{538, 289}
2014-07-20T12:56:11.357Z,Touch move,mushroom,Table,{540, 312}
2014-07-20T12:56:11.373Z,Touch move,mushroom,Table,{543, 334}
2014-07-20T12:56:11.390Z,Touch move,mushroom,Table,{545, 357}
2014-07-20T12:56:11.407Z,Touch move,mushroom,Table,{548, 378}
2014-07-20T12:56:11.423Z,Touch move,mushroom,Table,{550, 401}
2014-07-20T12:56:11.439Z,Touch move,mushroom,Table,{553, 421}
2014-07-20T12:56:11.456Z,Touch move,mushroom,Table,{556, 442}
2014-07-20T12:56:11.473Z,Touch move,mushroom,Table,{559, 462}
2014-07-20T12:56:11.489Z,Touch move,mushroom,Table,{562, 482}
2014-07-20T12:56:11.506Z,Touch move,mushroom,Table,{563, 498}
2014-07-20T12:56:11.523Z,Touch move,mushroom,Table,{565, 514}
2014-07-20T12:56:11.539Z,Touch move,mushroom,Table,{566, 526}
2014-07-20T12:56:11.555Z,Touch move,mushroom,Table,{566, 535}
2014-07-20T12:56:11.572Z,Touch move,mushroom,Table,{567, 542}
2014-07-20T12:56:11.589Z,Touch move,mushroom,Table,{567, 548}
2014-07-20T12:56:11.606Z,Touch move,mushroom,Table,{567, 554}
2014-07-20T12:56:11.622Z,Touch move,mushroom,Table,{566, 559}
2014-07-20T12:56:11.638Z,Touch move,mushroom,Table,{564, 565}
2014-07-20T12:56:11.655Z,Touch move,mushroom,Table,{562, 570}
2014-07-20T12:56:11.671Z,Touch move,mushroom,Table,{560, 576}
2014-07-20T12:56:11.688Z,Touch move,mushroom,Table,{558, 583}
2014-07-20T12:56:11.705Z,Touch move,mushroom,Table,{557, 590}
2014-07-20T12:56:11.722Z,Touch move,mushroom,Table,{556, 595}
2014-07-20T12:56:11.738Z,Touch move,mushroom,Table,{556, 600}
2014-07-20T12:56:11.755Z,Touch move,mushroom,Table,{556, 604}
2014-07-20T12:56:11.772Z,Touch move,mushroom,Table,{556, 605}
2014-07-20T12:56:11.788Z,Touch move,mushroom,Table,{556, 606}
2014-07-20T12:56:11.805Z,Touch move,mushroom,Table,{556, 607}
2014-07-20T12:56:12.071Z,Touch move,mushroom,Table,{556, 606}
2014-07-20T12:56:12.088Z,Touch end,mushroom,Table,{554, 604}
2014-07-20T12:56:12.909Z,Touch start,static,Table,{586, 98}
2014-07-20T12:56:12.955Z,Touch move,static,Table,{581, 105}
2014-07-20T12:56:12.972Z,Touch move,static,Table,{578, 112}
2014-07-20T12:56:12.988Z,Touch move,static,Table,{572, 123}
2014-07-20T12:56:13.005Z,Touch move,static,Table,{565, 133}
2014-07-20T12:56:13.021Z,Touch move,static,Table,{556, 147}
2014-07-20T12:56:13.038Z,Touch move,static,Table,{545, 162}
2014-07-20T12:56:13.055Z,Touch move,static,Table,{535, 176}
2014-07-20T12:56:13.072Z,Touch move,static,Table,{525, 189}
2014-07-20T12:56:13.088Z,Touch move,static,Table,{516, 206}
2014-07-20T12:56:13.105Z,Touch move,static,Table,{504, 222}
2014-07-20T12:56:13.121Z,Touch move,static,Table,{493, 241}
2014-07-20T12:56:13.138Z,Touch move,static,Table,{482, 260}
2014-07-20T12:56:13.155Z,Touch move,static,Table,{470, 280}
2014-07-20T12:56:13.171Z,Touch move,static,Table,{460, 302}
2014-07-20T12:56:13.188Z,Touch move,static,Table,{451, 322}
2014-07-20T12:56:13.205Z,Touch move,static,Table,{444, 341}
2014-07-20T12:56:13.222Z,Touch move,static,Table,{438, 360}
2014-07-20T12:56:13.238Z,Touch move,static,Table,{434, 373}
2014-07-20T12:56:13.255Z,Touch move,static,Table,{431, 387}
2014-07-20T12:56:13.271Z,Touch move,static,Table,{428, 401}
2014-07-20T12:56:13.288Z,Touch move,static,Table,{425, 412}
2014-07-20T12:56:13.305Z,Touch move,static,Table,{422, 423}
2014-07-20T12:56:13.321Z,Touch move,static,Table,{420, 433}
2014-07-20T12:56:13.338Z,Touch move,static,Table,{418, 440}
2014-07-20T12:56:13.354Z,Touch move,static,Table,{416, 443}
2014-07-20T12:56:13.372Z,Touch end,static,Table,{412, 445}
2014-07-20T12:56:13.755Z,Touch start,pepper,Table,{890, 197}
2014-07-20T12:56:13.886Z,Touch move,pepper,Table,{579, 145}
2014-07-20T12:56:13.905Z,Touch move,pepper,Table,{573, 154}
2014-07-20T12:56:13.921Z,Touch move,pepper,Table,{566, 166}
2014-07-20T12:56:13.938Z,Touch move,pepper,Table,{554, 181}
2014-07-20T12:56:13.954Z,Touch move,pepper,Table,{544, 196}
2014-07-20T12:56:13.972Z,Touch move,pepper,Table,{532, 212}
2014-07-20T12:56:13.988Z,Touch move,pepper,Table,{522, 228}
2014-07-20T12:56:14.004Z,Touch move,pepper,Table,{510, 247}
2014-07-20T12:56:14.021Z,Touch move,pepper,Table,{500, 267}
2014-07-20T12:56:14.038Z,Touch move,pepper,Table,{490, 288}
2014-07-20T12:56:14.056Z,Touch move,pepper,Table,{479, 313}
2014-07-20T12:56:14.071Z,Touch move,pepper,Table,{470, 332}
2014-07-20T12:56:14.088Z,Touch move,pepper,Table,{463, 354}
2014-07-20T12:56:14.105Z,Touch move,pepper,Table,{457, 376}
2014-07-20T12:56:14.121Z,Touch move,pepper,Table,{452, 399}
2014-07-20T12:56:14.139Z,Touch move,pepper,Table,{449, 421}
2014-07-20T12:56:14.154Z,Touch move,pepper,Table,{447, 444}
2014-07-20T12:56:14.171Z,Touch move,pepper,Table,{447, 467}
2014-07-20T12:56:14.188Z,Touch move,pepper,Table,{446, 491}
2014-07-20T12:56:14.205Z,Touch move,pepper,Table,{446, 515}
2014-07-20T12:56:14.222Z,Touch move,pepper,Table,{446, 535}
2014-07-20T12:56:14.238Z,Touch move,pepper,Table,{446, 554}
2014-07-20T12:56:14.254Z,Touch move,pepper,Table,{446, 567}
2014-07-20T12:56:14.270Z,Touch move,pepper,Table,{446, 577}
2014-07-20T12:56:14.289Z,Touch move,pepper,Table,{446, 582}
2014-07-20T12:56:14.304Z,Touch move,pepper,Table,{446, 586}
2014-07-20T12:56:14.321Z,Touch move,pepper,Table,{446, 588}
2014-07-20T12:56:14.338Z,Touch move,pepper,Table,{447, 589}
2014-07-20T12:56:14.355Z,Touch move,pepper,Table,{448, 589}
2014-07-20T12:56:14.387Z,Touch move,pepper,Table,{449, 589}
2014-07-20T12:56:14.404Z,Touch move,pepper,Table,{450, 589}
2014-07-20T12:56:14.420Z,Touch move,pepper,Table,{451, 589}
2014-07-20T12:56:14.438Z,Touch move,pepper,Table,{452, 587}
2014-07-20T12:56:14.454Z,Touch move,pepper,Table,{453, 585}
2014-07-20T12:56:14.466Z,Touch move,pepper,Table,{454, 584}
2014-07-20T12:56:14.487Z,Touch move,pepper,Table,{455, 583}
2014-07-20T12:56:14.504Z,Touch move,pepper,Table,{456, 582}
2014-07-20T12:56:14.600Z,Touch move,pepper,Table,{456, 581}
2014-07-20T12:56:14.915Z,Touch move,pepper,Table,{455, 582}
2014-07-20T12:56:14.932Z,Touch move,pepper,Table,{452, 585}
2014-07-20T12:56:14.949Z,Touch move,pepper,Table,{447, 590}
2014-07-20T12:56:14.965Z,Touch move,pepper,Table,{442, 597}
2014-07-20T12:56:14.982Z,Touch move,pepper,Table,{435, 607}
2014-07-20T12:56:14.999Z,Touch move,pepper,Table,{430, 615}
2014-07-20T12:56:15.014Z,Touch move,pepper,Table,{423, 626}
2014-07-20T12:56:15.032Z,Touch move,pepper,Table,{417, 634}
2014-07-20T12:56:15.048Z,Touch move,pepper,Table,{410, 644}
2014-07-20T12:56:15.065Z,Touch move,pepper,Table,{405, 650}
2014-07-20T12:56:15.081Z,Touch move,pepper,Table,{401, 656}
2014-07-20T12:56:15.098Z,Touch move,pepper,Table,{398, 660}
2014-07-20T12:56:15.114Z,Touch move,pepper,Table,{396, 663}
2014-07-20T12:56:15.131Z,Touch move,pepper,Table,{395, 664}
2014-07-20T12:56:15.182Z,Touch move,pepper,Table,{395, 663}
2014-07-20T12:56:15.198Z,Touch move,pepper,Table,{395, 660}
2014-07-20T12:56:15.214Z,Touch move,pepper,Table,{396, 658}
2014-07-20T12:56:15.398Z,Touch move,pepper,Table,{396, 657}
2014-07-20T12:56:15.430Z,Touch move,pepper,Table,{401, 654}
2014-07-20T12:56:15.447Z,Touch move,pepper,Table,{421, 648}
2014-07-20T12:56:15.463Z,Touch move,pepper,Table,{455, 643}
2014-07-20T12:56:15.480Z,Touch move,pepper,Table,{480, 639}
2014-07-20T12:56:15.497Z,Touch move,pepper,Table,{492, 635}
2014-07-20T12:56:15.513Z,Touch move,pepper,Table,{497, 633}
2014-07-20T12:56:15.530Z,Touch move,pepper,Table,{499, 632}
2014-07-20T12:56:15.547Z,Touch move,pepper,Table,{500, 632}
2014-07-20T12:56:15.580Z,Touch move,pepper,Table,{488, 632}
2014-07-20T12:56:15.596Z,Touch move,pepper,Table,{470, 634}
2014-07-20T12:56:15.613Z,Touch move,pepper,Table,{456, 638}
2014-07-20T12:56:15.630Z,Touch move,pepper,Table,{435, 645}
2014-07-20T12:56:15.646Z,Touch move,pepper,Table,{422, 649}
2014-07-20T12:56:15.663Z,Touch move,pepper,Table,{411, 654}
2014-07-20T12:56:15.679Z,Touch move,pepper,Table,{404, 657}
2014-07-20T12:56:15.697Z,Touch move,pepper,Table,{400, 658}
2014-07-20T12:56:15.712Z,Touch move,pepper,Table,{399, 659}
2014-07-20T12:56:15.729Z,Touch move,pepper,Table,{399, 660}
2014-07-20T12:56:15.746Z,Touch move,pepper,Table,{405, 660}
2014-07-20T12:56:15.762Z,Touch move,pepper,Table,{419, 655}
2014-07-20T12:56:15.780Z,Touch move,pepper,Table,{437, 652}
2014-07-20T12:56:15.796Z,Touch move,pepper,Table,{452, 647}
2014-07-20T12:56:15.812Z,Touch move,pepper,Table,{461, 644}
2014-07-20T12:56:15.829Z,Touch move,pepper,Table,{466, 643}
2014-07-20T12:56:15.846Z,Touch move,pepper,Table,{468, 642}
2014-07-20T12:56:15.879Z,Touch move,pepper,Table,{456, 643}
2014-07-20T12:56:15.896Z,Touch move,pepper,Table,{440, 644}
2014-07-20T12:56:15.912Z,Touch move,pepper,Table,{422, 647}
2014-07-20T12:56:15.929Z,Touch move,pepper,Table,{402, 648}
2014-07-20T12:56:15.945Z,Touch move,pepper,Table,{390, 649}
2014-07-20T12:56:15.962Z,Touch move,pepper,Table,{381, 650}
2014-07-20T12:56:15.978Z,Touch move,pepper,Table,{378, 651}
2014-07-20T12:56:16.012Z,Touch move,pepper,Table,{389, 650}
2014-07-20T12:56:16.028Z,Touch move,pepper,Table,{412, 646}
2014-07-20T12:56:16.045Z,Touch move,pepper,Table,{437, 641}
2014-07-20T12:56:16.061Z,Touch move,pepper,Table,{453, 638}
2014-07-20T12:56:16.079Z,Touch move,pepper,Table,{461, 635}
2014-07-20T12:56:16.095Z,Touch move,pepper,Table,{463, 634}
2014-07-20T12:56:16.111Z,Touch move,pepper,Table,{462, 634}
2014-07-20T12:56:16.128Z,Touch move,pepper,Table,{441, 634}
2014-07-20T12:56:16.145Z,Touch move,pepper,Table,{425, 635}
2014-07-20T12:56:16.161Z,Touch move,pepper,Table,{401, 636}
2014-07-20T12:56:16.178Z,Touch move,pepper,Table,{383, 637}
2014-07-20T12:56:16.194Z,Touch move,pepper,Table,{371, 638}
2014-07-20T12:56:16.211Z,Touch move,pepper,Table,{366, 639}
2014-07-20T12:56:16.228Z,Touch move,pepper,Table,{364, 640}
2014-07-20T12:56:16.261Z,Touch move,pepper,Table,{377, 640}
2014-07-20T12:56:16.277Z,Touch move,pepper,Table,{394, 638}
2014-07-20T12:56:16.294Z,Touch move,pepper,Table,{418, 635}
2014-07-20T12:56:16.310Z,Touch move,pepper,Table,{433, 632}
2014-07-20T12:56:16.328Z,Touch move,pepper,Table,{440, 631}
2014-07-20T12:56:16.344Z,Touch move,pepper,Table,{443, 631}
2014-07-20T12:56:16.377Z,Touch move,pepper,Table,{433, 631}
2014-07-20T12:56:16.394Z,Touch move,pepper,Table,{419, 632}
2014-07-20T12:56:16.411Z,Touch move,pepper,Table,{402, 635}
2014-07-20T12:56:16.427Z,Touch move,pepper,Table,{392, 636}
2014-07-20T12:56:16.443Z,Touch move,pepper,Table,{384, 637}
2014-07-20T12:56:16.460Z,Touch move,pepper,Table,{381, 638}
2014-07-20T12:56:16.477Z,Touch move,pepper,Table,{378, 638}
2014-07-20T12:56:16.493Z,Touch move,pepper,Table,{383, 638}
2014-07-20T12:56:16.510Z,Touch move,pepper,Table,{404, 638}
2014-07-20T12:56:16.527Z,Touch move,pepper,Table,{427, 637}
2014-07-20T12:56:16.543Z,Touch move,pepper,Table,{445, 636}
2014-07-20T12:56:16.560Z,Touch move,pepper,Table,{456, 634}
2014-07-20T12:56:16.576Z,Touch move,pepper,Table,{460, 634}
2014-07-20T12:56:16.593Z,Touch move,pepper,Table,{461, 634}
2014-07-20T12:56:16.610Z,Touch move,pepper,Table,{445, 635}
2014-07-20T12:56:16.626Z,Touch move,pepper,Table,{420, 637}
2014-07-20T12:56:16.643Z,Touch move,pepper,Table,{394, 639}
2014-07-20T12:56:16.660Z,Touch move,pepper,Table,{371, 642}
2014-07-20T12:56:16.677Z,Touch move,pepper,Table,{359, 644}
2014-07-20T12:56:16.693Z,Touch move,pepper,Table,{351, 647}
2014-07-20T12:56:16.709Z,Touch move,pepper,Table,{349, 648}
2014-07-20T12:56:16.726Z,Touch move,pepper,Table,{347, 649}
2014-07-20T12:56:16.742Z,Touch move,pepper,Table,{355, 649}
2014-07-20T12:56:16.759Z,Touch move,pepper,Table,{374, 648}
2014-07-20T12:56:16.776Z,Touch move,pepper,Table,{397, 645}
2014-07-20T12:56:16.792Z,Touch move,pepper,Table,{417, 642}
2014-07-20T12:56:16.809Z,Touch move,pepper,Table,{430, 641}
2014-07-20T12:56:16.826Z,Touch move,pepper,Table,{436, 640}
2014-07-20T12:56:16.842Z,Touch move,pepper,Table,{439, 640}
2014-07-20T12:56:16.875Z,Touch move,pepper,Table,{430, 641}
2014-07-20T12:56:16.892Z,Touch move,pepper,Table,{408, 643}
2014-07-20T12:56:16.911Z,Touch move,pepper,Table,{391, 645}
2014-07-20T12:56:16.925Z,Touch move,pepper,Table,{372, 648}
2014-07-20T12:56:16.942Z,Touch move,pepper,Table,{364, 649}
2014-07-20T12:56:16.959Z,Touch move,pepper,Table,{361, 650}
2014-07-20T12:56:16.975Z,Touch move,pepper,Table,{361, 651}
2014-07-20T12:56:16.992Z,Touch move,pepper,Table,{381, 651}
2014-07-20T12:56:17.008Z,Touch move,pepper,Table,{407, 649}
2014-07-20T12:56:17.025Z,Touch move,pepper,Table,{430, 646}
2014-07-20T12:56:17.042Z,Touch move,pepper,Table,{450, 642}
2014-07-20T12:56:17.059Z,Touch move,pepper,Table,{457, 640}
2014-07-20T12:56:17.075Z,Touch move,pepper,Table,{460, 640}
2014-07-20T12:56:17.091Z,Touch move,pepper,Table,{452, 640}
2014-07-20T12:56:17.108Z,Touch move,pepper,Table,{427, 640}
2014-07-20T12:56:17.126Z,Touch move,pepper,Table,{401, 640}
2014-07-20T12:56:17.141Z,Touch move,pepper,Table,{377, 640}
2014-07-20T12:56:17.158Z,Touch move,pepper,Table,{365, 640}
2014-07-20T12:56:17.174Z,Touch move,pepper,Table,{359, 641}
2014-07-20T12:56:17.191Z,Touch move,pepper,Table,{357, 641}
2014-07-20T12:56:17.207Z,Touch move,pepper,Table,{358, 641}
2014-07-20T12:56:17.224Z,Touch move,pepper,Table,{378, 641}
2014-07-20T12:56:17.241Z,Touch move,pepper,Table,{400, 640}
2014-07-20T12:56:17.257Z,Touch move,pepper,Table,{422, 639}
2014-07-20T12:56:17.274Z,Touch move,pepper,Table,{437, 636}
2014-07-20T12:56:17.291Z,Touch move,pepper,Table,{445, 636}
2014-07-20T12:56:17.307Z,Touch move,pepper,Table,{448, 635}
2014-07-20T12:56:17.340Z,Touch move,pepper,Table,{428, 636}
2014-07-20T12:56:17.357Z,Touch move,pepper,Table,{404, 638}
2014-07-20T12:56:17.373Z,Touch move,pepper,Table,{386, 639}
2014-07-20T12:56:17.390Z,Touch move,pepper,Table,{375, 640}
2014-07-20T12:56:17.407Z,Touch move,pepper,Table,{370, 641}
2014-07-20T12:56:17.423Z,Touch move,pepper,Table,{369, 641}
2014-07-20T12:56:17.441Z,Touch move,pepper,Table,{377, 641}
2014-07-20T12:56:17.456Z,Touch move,pepper,Table,{394, 641}
2014-07-20T12:56:17.473Z,Touch move,pepper,Table,{413, 640}
2014-07-20T12:56:17.490Z,Touch move,pepper,Table,{423, 639}
2014-07-20T12:56:17.506Z,Touch move,pepper,Table,{428, 639}
2014-07-20T12:56:17.523Z,Touch move,pepper,Table,{430, 639}
2014-07-20T12:56:17.540Z,Touch move,pepper,Table,{424, 640}
2014-07-20T12:56:17.557Z,Touch move,pepper,Table,{399, 642}
2014-07-20T12:56:17.573Z,Touch move,pepper,Table,{377, 647}
2014-07-20T12:56:17.589Z,Touch move,pepper,Table,{369, 648}
2014-07-20T12:56:17.606Z,Touch move,pepper,Table,{367, 649}
2014-07-20T12:56:17.623Z,Touch move,pepper,Table,{368, 650}
2014-07-20T12:56:17.639Z,Touch move,pepper,Table,{381, 650}
2014-07-20T12:56:17.655Z,Touch move,pepper,Table,{393, 650}
2014-07-20T12:56:17.672Z,Touch move,pepper,Table,{406, 650}
2014-07-20T12:56:17.689Z,Touch move,pepper,Table,{412, 649}
2014-07-20T12:56:17.706Z,Touch move,pepper,Table,{414, 649}
2014-07-20T12:56:17.739Z,Touch move,pepper,Table,{399, 649}
2014-07-20T12:56:17.758Z,Touch move,pepper,Table,{384, 649}
2014-07-20T12:56:17.772Z,Touch move,pepper,Table,{377, 649}
2014-07-20T12:56:17.788Z,Touch move,pepper,Table,{375, 649}
2014-07-20T12:56:17.821Z,Touch move,pepper,Table,{381, 649}
2014-07-20T12:56:17.838Z,Touch move,pepper,Table,{395, 649}
2014-07-20T12:56:17.855Z,Touch move,pepper,Table,{412, 648}
2014-07-20T12:56:17.872Z,Touch move,pepper,Table,{419, 648}
2014-07-20T12:56:17.888Z,Touch move,pepper,Table,{422, 648}
2014-07-20T12:56:17.921Z,Touch move,pepper,Table,{413, 651}
2014-07-20T12:56:17.950Z,Touch move,pepper,Table,{396, 654}
2014-07-20T12:56:17.954Z,Touch move,pepper,Table,{378, 656}
2014-07-20T12:56:17.971Z,Touch move,pepper,Table,{370, 657}
2014-07-20T12:56:17.988Z,Touch move,pepper,Table,{367, 657}
2014-07-20T12:56:18.022Z,Touch move,pepper,Table,{376, 656}
2014-07-20T12:56:18.038Z,Touch move,pepper,Table,{393, 653}
2014-07-20T12:56:18.055Z,Touch move,pepper,Table,{415, 650}
2014-07-20T12:56:18.071Z,Touch move,pepper,Table,{426, 648}
2014-07-20T12:56:18.088Z,Touch move,pepper,Table,{431, 648}
2014-07-20T12:56:18.109Z,Touch move,pepper,Table,{432, 648}
2014-07-20T12:56:18.121Z,Touch move,pepper,Table,{424, 649}
2014-07-20T12:56:18.138Z,Touch move,pepper,Table,{408, 650}
2014-07-20T12:56:18.154Z,Touch move,pepper,Table,{395, 650}
2014-07-20T12:56:18.172Z,Touch move,pepper,Table,{384, 650}
2014-07-20T12:56:18.188Z,Touch move,pepper,Table,{379, 650}
2014-07-20T12:56:18.205Z,Touch move,pepper,Table,{376, 650}
2014-07-20T12:56:18.221Z,Touch move,pepper,Table,{379, 649}
2014-07-20T12:56:18.237Z,Touch move,pepper,Table,{391, 647}
2014-07-20T12:56:18.255Z,Touch move,pepper,Table,{407, 646}
2014-07-20T12:56:18.271Z,Touch move,pepper,Table,{417, 645}
2014-07-20T12:56:18.288Z,Touch move,pepper,Table,{421, 645}
2014-07-20T12:56:18.308Z,Touch move,pepper,Table,{423, 645}
2014-07-20T12:56:18.338Z,Touch move,pepper,Table,{407, 646}
2014-07-20T12:56:18.355Z,Touch move,pepper,Table,{382, 647}
2014-07-20T12:56:18.371Z,Touch move,pepper,Table,{369, 647}
2014-07-20T12:56:18.387Z,Touch move,pepper,Table,{363, 647}
2014-07-20T12:56:18.405Z,Touch move,pepper,Table,{361, 647}
2014-07-20T12:56:18.421Z,Touch move,pepper,Table,{361, 645}
2014-07-20T12:56:18.438Z,Touch move,pepper,Table,{371, 642}
2014-07-20T12:56:18.455Z,Touch move,pepper,Table,{386, 640}
2014-07-20T12:56:18.472Z,Touch move,pepper,Table,{402, 637}
2014-07-20T12:56:18.488Z,Touch move,pepper,Table,{412, 637}
2014-07-20T12:56:18.507Z,Touch move,pepper,Table,{415, 637}
2014-07-20T12:56:18.521Z,Touch move,pepper,Table,{416, 637}
2014-07-20T12:56:18.537Z,Touch move,pepper,Table,{409, 639}
2014-07-20T12:56:18.556Z,Touch move,pepper,Table,{399, 640}
2014-07-20T12:56:18.571Z,Touch move,pepper,Table,{387, 641}
2014-07-20T12:56:18.588Z,Touch move,pepper,Table,{381, 642}
2014-07-20T12:56:18.605Z,Touch move,pepper,Table,{378, 642}
2014-07-20T12:56:18.622Z,Touch move,pepper,Table,{378, 643}
2014-07-20T12:56:18.638Z,Touch move,pepper,Table,{384, 643}
2014-07-20T12:56:18.654Z,Touch move,pepper,Table,{399, 641}
2014-07-20T12:56:18.671Z,Touch move,pepper,Table,{417, 640}
2014-07-20T12:56:18.687Z,Touch move,pepper,Table,{434, 639}
2014-07-20T12:56:18.706Z,Touch move,pepper,Table,{443, 639}
2014-07-20T12:56:18.725Z,Touch move,pepper,Table,{445, 639}
2014-07-20T12:56:18.738Z,Touch move,pepper,Table,{440, 641}
2014-07-20T12:56:18.755Z,Touch move,pepper,Table,{424, 644}
2014-07-20T12:56:18.771Z,Touch move,pepper,Table,{401, 645}
2014-07-20T12:56:18.788Z,Touch move,pepper,Table,{386, 646}
2014-07-20T12:56:18.805Z,Touch move,pepper,Table,{379, 646}
2014-07-20T12:56:18.821Z,Touch move,pepper,Table,{376, 646}
2014-07-20T12:56:18.855Z,Touch move,pepper,Table,{379, 645}
2014-07-20T12:56:18.872Z,Touch move,pepper,Table,{389, 644}
2014-07-20T12:56:18.888Z,Touch move,pepper,Table,{404, 641}
2014-07-20T12:56:18.905Z,Touch move,pepper,Table,{415, 641}
2014-07-20T12:56:18.924Z,Touch move,pepper,Table,{420, 641}
2014-07-20T12:56:18.938Z,Touch move,pepper,Table,{423, 640}
2014-07-20T12:56:18.972Z,Touch move,pepper,Table,{410, 641}
2014-07-20T12:56:18.988Z,Touch move,pepper,Table,{393, 641}
2014-07-20T12:56:19.005Z,Touch move,pepper,Table,{379, 641}
2014-07-20T12:56:19.022Z,Touch move,pepper,Table,{371, 641}
2014-07-20T12:56:19.039Z,Touch move,pepper,Table,{368, 641}
2014-07-20T12:56:19.055Z,Touch move,pepper,Table,{365, 641}
2014-07-20T12:56:19.070Z,Touch move,pepper,Table,{368, 640}
2014-07-20T12:56:19.088Z,Touch move,pepper,Table,{385, 640}
2014-07-20T12:56:19.105Z,Touch move,pepper,Table,{409, 640}
2014-07-20T12:56:19.122Z,Touch move,pepper,Table,{421, 640}
2014-07-20T12:56:19.138Z,Touch move,pepper,Table,{430, 640}
2014-07-20T12:56:19.155Z,Touch move,pepper,Table,{433, 640}
2014-07-20T12:56:19.171Z,Touch move,pepper,Table,{434, 640}
2014-07-20T12:56:19.188Z,Touch move,pepper,Table,{430, 642}
2014-07-20T12:56:19.208Z,Touch move,pepper,Table,{415, 645}
2014-07-20T12:56:19.220Z,Touch move,pepper,Table,{399, 646}
2014-07-20T12:56:19.238Z,Touch move,pepper,Table,{389, 648}
2014-07-20T12:56:19.254Z,Touch move,pepper,Table,{385, 649}
2014-07-20T12:56:19.271Z,Touch move,pepper,Table,{383, 650}
2014-07-20T12:56:19.288Z,Touch move,pepper,Table,{385, 650}
2014-07-20T12:56:19.304Z,Touch move,pepper,Table,{402, 650}
2014-07-20T12:56:19.321Z,Touch move,pepper,Table,{424, 647}
2014-07-20T12:56:19.338Z,Touch move,pepper,Table,{447, 644}
2014-07-20T12:56:19.354Z,Touch move,pepper,Table,{458, 641}
2014-07-20T12:56:19.369Z,Touch move,pepper,Table,{463, 640}
2014-07-20T12:56:19.388Z,Touch move,pepper,Table,{464, 640}
2014-07-20T12:56:19.407Z,Touch move,pepper,Table,{451, 641}
2014-07-20T12:56:19.418Z,Touch move,pepper,Table,{428, 642}
2014-07-20T12:56:19.437Z,Touch move,pepper,Table,{401, 643}
2014-07-20T12:56:19.454Z,Touch move,pepper,Table,{381, 643}
2014-07-20T12:56:19.467Z,Touch move,pepper,Table,{372, 643}
2014-07-20T12:56:19.488Z,Touch move,pepper,Table,{368, 643}
2014-07-20T12:56:19.516Z,Touch move,pepper,Table,{378, 643}
2014-07-20T12:56:19.534Z,Touch move,pepper,Table,{394, 643}
2014-07-20T12:56:19.549Z,Touch move,pepper,Table,{417, 643}
2014-07-20T12:56:19.566Z,Touch move,pepper,Table,{434, 641}
2014-07-20T12:56:19.583Z,Touch move,pepper,Table,{445, 641}
2014-07-20T12:56:19.601Z,Touch move,pepper,Table,{448, 641}
2014-07-20T12:56:19.616Z,Touch move,pepper,Table,{449, 641}
2014-07-20T12:56:19.633Z,Touch move,pepper,Table,{437, 643}
2014-07-20T12:56:19.650Z,Touch move,pepper,Table,{417, 647}
2014-07-20T12:56:19.666Z,Touch move,pepper,Table,{403, 648}
2014-07-20T12:56:19.685Z,Touch move,pepper,Table,{396, 649}
2014-07-20T12:56:19.699Z,Touch move,pepper,Table,{393, 649}
2014-07-20T12:56:19.716Z,Touch move,pepper,Table,{392, 649}
2014-07-20T12:56:19.749Z,Touch move,pepper,Table,{401, 649}
2014-07-20T12:56:19.765Z,Touch move,pepper,Table,{417, 648}
2014-07-20T12:56:19.782Z,Touch move,pepper,Table,{435, 648}
2014-07-20T12:56:19.799Z,Touch move,pepper,Table,{445, 648}
2014-07-20T12:56:19.815Z,Touch move,pepper,Table,{448, 648}
2014-07-20T12:56:19.832Z,Touch move,pepper,Table,{446, 648}
2014-07-20T12:56:19.849Z,Touch move,pepper,Table,{423, 649}
2014-07-20T12:56:19.865Z,Touch move,pepper,Table,{398, 650}
2014-07-20T12:56:19.882Z,Touch move,pepper,Table,{381, 650}
2014-07-20T12:56:19.898Z,Touch move,pepper,Table,{374, 650}
2014-07-20T12:56:19.915Z,Touch move,pepper,Table,{372, 650}
2014-07-20T12:56:19.932Z,Touch move,pepper,Table,{378, 647}
2014-07-20T12:56:19.948Z,Touch move,pepper,Table,{397, 642}
2014-07-20T12:56:19.965Z,Touch move,pepper,Table,{417, 638}
2014-07-20T12:56:19.982Z,Touch move,pepper,Table,{437, 634}
2014-07-20T12:56:19.998Z,Touch move,pepper,Table,{446, 633}
2014-07-20T12:56:20.015Z,Touch move,pepper,Table,{450, 633}
2014-07-20T12:56:20.048Z,Touch move,pepper,Table,{437, 636}
2014-07-20T12:56:20.064Z,Touch move,pepper,Table,{419, 639}
2014-07-20T12:56:20.081Z,Touch move,pepper,Table,{401, 640}
2014-07-20T12:56:20.098Z,Touch move,pepper,Table,{391, 641}
2014-07-20T12:56:20.114Z,Touch move,pepper,Table,{384, 642}
2014-07-20T12:56:20.133Z,Touch move,pepper,Table,{382, 642}
2014-07-20T12:56:20.147Z,Touch move,pepper,Table,{381, 642}
2014-07-20T12:56:20.164Z,Touch move,pepper,Table,{386, 642}
2014-07-20T12:56:20.181Z,Touch move,pepper,Table,{401, 642}
2014-07-20T12:56:20.198Z,Touch move,pepper,Table,{417, 642}
2014-07-20T12:56:20.214Z,Touch move,pepper,Table,{428, 642}
2014-07-20T12:56:20.231Z,Touch move,pepper,Table,{436, 642}
2014-07-20T12:56:20.247Z,Touch move,pepper,Table,{439, 641}
2014-07-20T12:56:20.264Z,Touch move,pepper,Table,{435, 641}
2014-07-20T12:56:20.281Z,Touch move,pepper,Table,{408, 642}
2014-07-20T12:56:20.297Z,Touch move,pepper,Table,{383, 644}
2014-07-20T12:56:20.314Z,Touch move,pepper,Table,{370, 645}
2014-07-20T12:56:20.330Z,Touch move,pepper,Table,{364, 645}
2014-07-20T12:56:20.347Z,Touch move,pepper,Table,{362, 645}
2014-07-20T12:56:20.380Z,Touch move,pepper,Table,{368, 645}
2014-07-20T12:56:20.397Z,Touch move,pepper,Table,{382, 645}
2014-07-20T12:56:20.413Z,Touch move,pepper,Table,{394, 643}
2014-07-20T12:56:20.432Z,Touch move,pepper,Table,{406, 643}
2014-07-20T12:56:20.447Z,Touch move,pepper,Table,{412, 643}
2014-07-20T12:56:20.463Z,Touch move,pepper,Table,{414, 643}
2014-07-20T12:56:20.496Z,Touch move,pepper,Table,{401, 644}
2014-07-20T12:56:20.513Z,Touch move,pepper,Table,{386, 645}
2014-07-20T12:56:20.530Z,Touch move,pepper,Table,{374, 645}
2014-07-20T12:56:20.546Z,Touch move,pepper,Table,{367, 645}
2014-07-20T12:56:20.563Z,Touch move,pepper,Table,{363, 645}
2014-07-20T12:56:20.580Z,Touch move,pepper,Table,{361, 645}
2014-07-20T12:56:20.596Z,Touch move,pepper,Table,{361, 643}
2014-07-20T12:56:20.613Z,Touch move,pepper,Table,{370, 640}
2014-07-20T12:56:20.629Z,Touch move,pepper,Table,{385, 639}
2014-07-20T12:56:20.646Z,Touch move,pepper,Table,{403, 636}
2014-07-20T12:56:20.662Z,Touch move,pepper,Table,{413, 636}
2014-07-20T12:56:20.679Z,Touch move,pepper,Table,{418, 636}
2014-07-20T12:56:20.696Z,Touch move,pepper,Table,{419, 636}
2014-07-20T12:56:20.712Z,Touch move,pepper,Table,{407, 637}
2014-07-20T12:56:20.729Z,Touch move,pepper,Table,{385, 640}
2014-07-20T12:56:20.745Z,Touch move,pepper,Table,{360, 641}
2014-07-20T12:56:20.762Z,Touch move,pepper,Table,{334, 642}
2014-07-20T12:56:20.779Z,Touch move,pepper,Table,{324, 643}
2014-07-20T12:56:20.795Z,Touch move,pepper,Table,{320, 644}
2014-07-20T12:56:20.812Z,Touch move,pepper,Table,{318, 644}
2014-07-20T12:56:20.845Z,Touch move,pepper,Table,{326, 644}
2014-07-20T12:56:20.862Z,Touch move,pepper,Table,{350, 644}
2014-07-20T12:56:20.879Z,Touch move,pepper,Table,{368, 644}
2014-07-20T12:56:20.895Z,Touch move,pepper,Table,{387, 644}
2014-07-20T12:56:20.912Z,Touch move,pepper,Table,{398, 644}
2014-07-20T12:56:20.928Z,Touch move,pepper,Table,{403, 644}
2014-07-20T12:56:20.945Z,Touch move,pepper,Table,{405, 645}
2014-07-20T12:56:20.961Z,Touch move,pepper,Table,{405, 646}
2014-07-20T12:56:20.978Z,Touch move,pepper,Table,{390, 647}
2014-07-20T12:56:20.995Z,Touch move,pepper,Table,{368, 647}
2014-07-20T12:56:21.011Z,Touch move,pepper,Table,{357, 648}
2014-07-20T12:56:21.028Z,Touch move,pepper,Table,{349, 648}
2014-07-20T12:56:21.044Z,Touch move,pepper,Table,{345, 648}
2014-07-20T12:56:21.061Z,Touch move,pepper,Table,{344, 648}
2014-07-20T12:56:21.078Z,Touch move,pepper,Table,{348, 648}
2014-07-20T12:56:21.094Z,Touch move,pepper,Table,{362, 648}
2014-07-20T12:56:21.111Z,Touch move,pepper,Table,{380, 647}
2014-07-20T12:56:21.128Z,Touch move,pepper,Table,{400, 647}
2014-07-20T12:56:21.144Z,Touch move,pepper,Table,{413, 647}
2014-07-20T12:56:21.161Z,Touch move,pepper,Table,{418, 647}
2014-07-20T12:56:21.178Z,Touch move,pepper,Table,{419, 648}
2014-07-20T12:56:21.194Z,Touch move,pepper,Table,{405, 652}
2014-07-20T12:56:21.211Z,Touch move,pepper,Table,{380, 654}
2014-07-20T12:56:21.228Z,Touch move,pepper,Table,{352, 655}
2014-07-20T12:56:21.244Z,Touch move,pepper,Table,{338, 655}
2014-07-20T12:56:21.261Z,Touch move,pepper,Table,{333, 655}
2014-07-20T12:56:21.294Z,Touch move,pepper,Table,{349, 653}
2014-07-20T12:56:21.310Z,Touch move,pepper,Table,{370, 651}
2014-07-20T12:56:21.327Z,Touch move,pepper,Table,{392, 648}
2014-07-20T12:56:21.343Z,Touch move,pepper,Table,{413, 644}
2014-07-20T12:56:21.360Z,Touch move,pepper,Table,{423, 643}
2014-07-20T12:56:21.377Z,Touch move,pepper,Table,{428, 641}
2014-07-20T12:56:21.393Z,Touch move,pepper,Table,{431, 640}
2014-07-20T12:56:21.410Z,Touch move,pepper,Table,{432, 637}
2014-07-20T12:56:21.427Z,Touch move,pepper,Table,{432, 631}
2014-07-20T12:56:21.443Z,Touch move,pepper,Table,{431, 622}
2014-07-20T12:56:21.460Z,Touch move,pepper,Table,{431, 610}
2014-07-20T12:56:21.477Z,Touch move,pepper,Table,{431, 589}
2014-07-20T12:56:21.493Z,Touch move,pepper,Table,{433, 565}
2014-07-20T12:56:21.510Z,Touch move,pepper,Table,{438, 533}
2014-07-20T12:56:21.526Z,Touch move,pepper,Table,{442, 498}
2014-07-20T12:56:21.542Z,Touch move,pepper,Table,{447, 460}
2014-07-20T12:56:21.559Z,Touch move,pepper,Table,{452, 419}
2014-07-20T12:56:21.576Z,Touch move,pepper,Table,{459, 381}
2014-07-20T12:56:21.593Z,Touch move,pepper,Table,{469, 344}
2014-07-20T12:56:21.609Z,Touch move,pepper,Table,{481, 310}
2014-07-20T12:56:21.627Z,Touch move,pepper,Table,{490, 281}
2014-07-20T12:56:21.642Z,Touch move,pepper,Table,{499, 256}
2014-07-20T12:56:21.659Z,Touch move,pepper,Table,{505, 237}
2014-07-20T12:56:21.676Z,Touch move,pepper,Table,{509, 223}
2014-07-20T12:56:21.692Z,Touch move,pepper,Table,{512, 212}
2014-07-20T12:56:21.709Z,Touch move,pepper,Table,{514, 203}
2014-07-20T12:56:21.726Z,Touch move,pepper,Table,{516, 197}
2014-07-20T12:56:21.742Z,Touch move,pepper,Table,{517, 192}
2014-07-20T12:56:21.759Z,Touch move,pepper,Table,{518, 189}
2014-07-20T12:56:21.776Z,Touch move,pepper,Table,{519, 185}
2014-07-20T12:56:21.792Z,Touch move,pepper,Table,{520, 179}
2014-07-20T12:56:21.809Z,Touch move,pepper,Table,{521, 173}
2014-07-20T12:56:21.826Z,Touch move,pepper,Table,{522, 165}
2014-07-20T12:56:21.842Z,Touch move,pepper,Table,{523, 158}
2014-07-20T12:56:21.859Z,Touch move,pepper,Table,{524, 153}
2014-07-20T12:56:21.875Z,Touch move,pepper,Table,{524, 151}
2014-07-20T12:56:21.892Z,Touch move,pepper,Table,{525, 150}
2014-07-20T12:56:21.925Z,Touch end,pepper,Table,{874, 243}
2014-07-20T12:56:22.395Z,Touch start,salt,Table,{790, 197}
2014-07-20T12:56:22.494Z,Touch move,salt,Table,{569, 236}
2014-07-20T12:56:22.511Z,Touch move,salt,Table,{562, 238}
2014-07-20T12:56:22.527Z,Touch move,salt,Table,{553, 242}
2014-07-20T12:56:22.544Z,Touch move,salt,Table,{543, 249}
2014-07-20T12:56:22.560Z,Touch move,salt,Table,{533, 259}
2014-07-20T12:56:22.577Z,Touch move,salt,Table,{522, 273}
2014-07-20T12:56:22.594Z,Touch move,salt,Table,{506, 292}
2014-07-20T12:56:22.610Z,Touch move,salt,Table,{492, 313}
2014-07-20T12:56:22.627Z,Touch move,salt,Table,{478, 335}
2014-07-20T12:56:22.643Z,Touch move,salt,Table,{465, 360}
2014-07-20T12:56:22.660Z,Touch move,salt,Table,{453, 385}
2014-07-20T12:56:22.677Z,Touch move,salt,Table,{441, 410}
2014-07-20T12:56:22.693Z,Touch move,salt,Table,{428, 436}
2014-07-20T12:56:22.710Z,Touch move,salt,Table,{420, 455}
2014-07-20T12:56:22.726Z,Touch move,salt,Table,{412, 477}
2014-07-20T12:56:22.743Z,Touch move,salt,Table,{403, 498}
2014-07-20T12:56:22.760Z,Touch move,salt,Table,{396, 518}
2014-07-20T12:56:22.777Z,Touch move,salt,Table,{389, 537}
2014-07-20T12:56:22.793Z,Touch move,salt,Table,{380, 554}
2014-07-20T12:56:22.809Z,Touch move,salt,Table,{372, 568}
2014-07-20T12:56:22.826Z,Touch move,salt,Table,{364, 582}
2014-07-20T12:56:22.843Z,Touch move,salt,Table,{355, 596}
2014-07-20T12:56:22.859Z,Touch move,salt,Table,{341, 612}
2014-07-20T12:56:22.876Z,Touch move,salt,Table,{327, 627}
2014-07-20T12:56:22.892Z,Touch move,salt,Table,{314, 638}
2014-07-20T12:56:22.909Z,Touch move,salt,Table,{305, 647}
2014-07-20T12:56:22.926Z,Touch move,salt,Table,{300, 654}
2014-07-20T12:56:22.942Z,Touch move,salt,Table,{298, 658}
2014-07-20T12:56:22.959Z,Touch move,salt,Table,{300, 661}
2014-07-20T12:56:22.976Z,Touch move,salt,Table,{321, 663}
2014-07-20T12:56:22.992Z,Touch move,salt,Table,{347, 661}
2014-07-20T12:56:23.009Z,Touch move,salt,Table,{379, 656}
2014-07-20T12:56:23.025Z,Touch move,salt,Table,{404, 652}
2014-07-20T12:56:23.042Z,Touch move,salt,Table,{426, 646}
2014-07-20T12:56:23.059Z,Touch move,salt,Table,{442, 645}
2014-07-20T12:56:23.076Z,Touch move,salt,Table,{449, 645}
2014-07-20T12:56:23.097Z,Touch move,salt,Table,{452, 645}
2014-07-20T12:56:23.108Z,Touch move,salt,Table,{453, 645}
2014-07-20T12:56:23.125Z,Touch move,salt,Table,{453, 646}
2014-07-20T12:56:23.142Z,Touch move,salt,Table,{440, 652}
2014-07-20T12:56:23.158Z,Touch move,salt,Table,{421, 657}
2014-07-20T12:56:23.175Z,Touch move,salt,Table,{396, 660}
2014-07-20T12:56:23.191Z,Touch move,salt,Table,{372, 664}
2014-07-20T12:56:23.208Z,Touch move,salt,Table,{362, 666}
2014-07-20T12:56:23.226Z,Touch move,salt,Table,{359, 667}
2014-07-20T12:56:23.241Z,Touch move,salt,Table,{359, 668}
2014-07-20T12:56:23.258Z,Touch move,salt,Table,{366, 666}
2014-07-20T12:56:23.275Z,Touch move,salt,Table,{380, 661}
2014-07-20T12:56:23.290Z,Touch move,salt,Table,{400, 654}
2014-07-20T12:56:23.308Z,Touch move,salt,Table,{418, 648}
2014-07-20T12:56:23.324Z,Touch move,salt,Table,{425, 645}
2014-07-20T12:56:23.341Z,Touch move,salt,Table,{428, 645}
2014-07-20T12:56:23.375Z,Touch move,salt,Table,{409, 647}
2014-07-20T12:56:23.391Z,Touch move,salt,Table,{382, 651}
2014-07-20T12:56:23.407Z,Touch move,salt,Table,{359, 652}
2014-07-20T12:56:23.424Z,Touch move,salt,Table,{348, 653}
2014-07-20T12:56:23.440Z,Touch move,salt,Table,{343, 654}
2014-07-20T12:56:23.458Z,Touch move,salt,Table,{342, 654}
2014-07-20T12:56:23.474Z,Touch move,salt,Table,{350, 652}
2014-07-20T12:56:23.490Z,Touch move,salt,Table,{364, 649}
2014-07-20T12:56:23.507Z,Touch move,salt,Table,{385, 644}
2014-07-20T12:56:23.524Z,Touch move,salt,Table,{404, 639}
2014-07-20T12:56:23.540Z,Touch move,salt,Table,{417, 637}
2014-07-20T12:56:23.557Z,Touch move,salt,Table,{423, 637}
2014-07-20T12:56:23.574Z,Touch move,salt,Table,{425, 637}
2014-07-20T12:56:23.589Z,Touch move,salt,Table,{425, 638}
2014-07-20T12:56:23.606Z,Touch move,salt,Table,{403, 643}
2014-07-20T12:56:23.623Z,Touch move,salt,Table,{380, 647}
2014-07-20T12:56:23.640Z,Touch move,salt,Table,{368, 649}
2014-07-20T12:56:23.656Z,Touch move,salt,Table,{362, 650}
2014-07-20T12:56:23.673Z,Touch move,salt,Table,{360, 650}
2014-07-20T12:56:23.706Z,Touch move,salt,Table,{370, 650}
2014-07-20T12:56:23.723Z,Touch move,salt,Table,{389, 646}
2014-07-20T12:56:23.739Z,Touch move,salt,Table,{413, 642}
2014-07-20T12:56:23.756Z,Touch move,salt,Table,{430, 640}
2014-07-20T12:56:23.773Z,Touch move,salt,Table,{439, 639}
2014-07-20T12:56:23.789Z,Touch move,salt,Table,{442, 639}
2014-07-20T12:56:23.808Z,Touch move,salt,Table,{434, 641}
2014-07-20T12:56:23.822Z,Touch move,salt,Table,{410, 647}
2014-07-20T12:56:23.838Z,Touch move,salt,Table,{382, 651}
2014-07-20T12:56:23.855Z,Touch move,salt,Table,{366, 652}
2014-07-20T12:56:23.873Z,Touch move,salt,Table,{360, 653}
2014-07-20T12:56:23.888Z,Touch move,salt,Table,{358, 653}
2014-07-20T12:56:23.905Z,Touch move,salt,Table,{371, 650}
2014-07-20T12:56:23.922Z,Touch move,salt,Table,{393, 645}
2014-07-20T12:56:23.938Z,Touch move,salt,Table,{418, 641}
2014-07-20T12:56:23.955Z,Touch move,salt,Table,{443, 636}
2014-07-20T12:56:23.972Z,Touch move,salt,Table,{458, 636}
2014-07-20T12:56:23.991Z,Touch move,salt,Table,{464, 635}
2014-07-20T12:56:24.022Z,Touch move,salt,Table,{443, 639}
2014-07-20T12:56:24.038Z,Touch move,salt,Table,{406, 642}
2014-07-20T12:56:24.054Z,Touch move,salt,Table,{379, 644}
2014-07-20T12:56:24.072Z,Touch move,salt,Table,{363, 645}
2014-07-20T12:56:24.088Z,Touch move,salt,Table,{356, 646}
2014-07-20T12:56:24.104Z,Touch move,salt,Table,{354, 647}
2014-07-20T12:56:24.122Z,Touch move,salt,Table,{359, 647}
2014-07-20T12:56:24.138Z,Touch move,salt,Table,{382, 645}
2014-07-20T12:56:24.154Z,Touch move,salt,Table,{406, 642}
2014-07-20T12:56:24.171Z,Touch move,salt,Table,{430, 639}
2014-07-20T12:56:24.189Z,Touch move,salt,Table,{446, 638}
2014-07-20T12:56:24.204Z,Touch move,salt,Table,{454, 638}
2014-07-20T12:56:24.224Z,Touch move,salt,Table,{455, 638}
2014-07-20T12:56:24.238Z,Touch move,salt,Table,{445, 641}
2014-07-20T12:56:24.254Z,Touch move,salt,Table,{423, 645}
2014-07-20T12:56:24.272Z,Touch move,salt,Table,{401, 647}
2014-07-20T12:56:24.288Z,Touch move,salt,Table,{391, 649}
2014-07-20T12:56:24.304Z,Touch move,salt,Table,{387, 650}
2014-07-20T12:56:24.339Z,Touch move,salt,Table,{397, 650}
2014-07-20T12:56:24.354Z,Touch move,salt,Table,{418, 647}
2014-07-20T12:56:24.371Z,Touch move,salt,Table,{442, 645}
2014-07-20T12:56:24.388Z,Touch move,salt,Table,{455, 645}
2014-07-20T12:56:24.406Z,Touch move,salt,Table,{459, 645}
2014-07-20T12:56:24.438Z,Touch move,salt,Table,{427, 649}
2014-07-20T12:56:24.454Z,Touch move,salt,Table,{392, 653}
2014-07-20T12:56:24.471Z,Touch move,salt,Table,{365, 656}
2014-07-20T12:56:24.488Z,Touch move,salt,Table,{353, 657}
2014-07-20T12:56:24.505Z,Touch move,salt,Table,{350, 658}
2014-07-20T12:56:24.520Z,Touch move,salt,Table,{358, 658}
2014-07-20T12:56:24.538Z,Touch move,salt,Table,{381, 657}
2014-07-20T12:56:24.553Z,Touch move,salt,Table,{407, 653}
2014-07-20T12:56:24.572Z,Touch move,salt,Table,{424, 651}
2014-07-20T12:56:24.588Z,Touch move,salt,Table,{433, 651}
2014-07-20T12:56:24.607Z,Touch move,salt,Table,{435, 651}
2014-07-20T12:56:24.621Z,Touch move,salt,Table,{435, 652}
2014-07-20T12:56:24.638Z,Touch move,salt,Table,{424, 653}
2014-07-20T12:56:24.655Z,Touch move,salt,Table,{411, 654}
2014-07-20T12:56:24.671Z,Touch move,salt,Table,{405, 655}
2014-07-20T12:56:24.688Z,Touch move,salt,Table,{400, 655}
2014-07-20T12:56:24.704Z,Touch move,salt,Table,{397, 656}
2014-07-20T12:56:24.723Z,Touch move,salt,Table,{396, 656}
2014-07-20T12:56:24.738Z,Touch move,salt,Table,{396, 657}
2014-07-20T12:56:24.754Z,Touch move,salt,Table,{399, 657}
2014-07-20T12:56:24.771Z,Touch move,salt,Table,{406, 658}
2014-07-20T12:56:24.788Z,Touch move,salt,Table,{417, 659}
2014-07-20T12:56:24.805Z,Touch move,salt,Table,{427, 659}
2014-07-20T12:56:24.821Z,Touch move,salt,Table,{433, 659}
2014-07-20T12:56:24.837Z,Touch move,salt,Table,{435, 659}
2014-07-20T12:56:24.854Z,Touch move,salt,Table,{436, 661}
2014-07-20T12:56:24.872Z,Touch move,salt,Table,{430, 664}
2014-07-20T12:56:24.892Z,Touch move,salt,Table,{414, 666}
2014-07-20T12:56:24.904Z,Touch move,salt,Table,{403, 667}
2014-07-20T12:56:24.921Z,Touch move,salt,Table,{395, 668}
2014-07-20T12:56:24.937Z,Touch move,salt,Table,{391, 668}
2014-07-20T12:56:24.955Z,Touch move,salt,Table,{387, 668}
2014-07-20T12:56:24.971Z,Touch move,salt,Table,{386, 668}
2014-07-20T12:56:25.004Z,Touch move,salt,Table,{393, 668}
2014-07-20T12:56:25.022Z,Touch move,salt,Table,{407, 665}
2014-07-20T12:56:25.039Z,Touch move,salt,Table,{426, 660}
2014-07-20T12:56:25.055Z,Touch move,salt,Table,{443, 659}
2014-07-20T12:56:25.071Z,Touch move,salt,Table,{449, 659}
2014-07-20T12:56:25.089Z,Touch move,salt,Table,{450, 659}
2014-07-20T12:56:25.105Z,Touch move,salt,Table,{438, 665}
2014-07-20T12:56:25.122Z,Touch move,salt,Table,{417, 669}
2014-07-20T12:56:25.138Z,Touch move,salt,Table,{401, 671}
2014-07-20T12:56:25.154Z,Touch move,salt,Table,{387, 672}
2014-07-20T12:56:25.171Z,Touch move,salt,Table,{379, 672}
2014-07-20T12:56:25.188Z,Touch move,salt,Table,{376, 672}
2014-07-20T12:56:25.205Z,Touch move,salt,Table,{375, 672}
2014-07-20T12:56:25.221Z,Touch move,salt,Table,{381, 670}
2014-07-20T12:56:25.238Z,Touch move,salt,Table,{403, 667}
2014-07-20T12:56:25.255Z,Touch move,salt,Table,{426, 665}
2014-07-20T12:56:25.272Z,Touch move,salt,Table,{444, 665}
2014-07-20T12:56:25.300Z,Touch move,salt,Table,{452, 665}
2014-07-20T12:56:25.304Z,Touch move,salt,Table,{454, 665}
2014-07-20T12:56:25.321Z,Touch move,salt,Table,{449, 665}
2014-07-20T12:56:25.338Z,Touch move,salt,Table,{431, 666}
2014-07-20T12:56:25.355Z,Touch move,salt,Table,{411, 667}
2014-07-20T12:56:25.371Z,Touch move,salt,Table,{400, 667}
2014-07-20T12:56:25.388Z,Touch move,salt,Table,{395, 667}
2014-07-20T12:56:25.405Z,Touch move,salt,Table,{393, 667}
2014-07-20T12:56:25.422Z,Touch move,salt,Table,{391, 667}
2014-07-20T12:56:25.438Z,Touch move,salt,Table,{396, 667}
2014-07-20T12:56:25.454Z,Touch move,salt,Table,{411, 667}
2014-07-20T12:56:25.470Z,Touch move,salt,Table,{433, 664}
2014-07-20T12:56:25.488Z,Touch move,salt,Table,{447, 660}
2014-07-20T12:56:25.504Z,Touch move,salt,Table,{453, 659}
2014-07-20T12:56:25.521Z,Touch move,salt,Table,{454, 659}
2014-07-20T12:56:25.540Z,Touch move,salt,Table,{442, 659}
2014-07-20T12:56:25.554Z,Touch move,salt,Table,{417, 660}
2014-07-20T12:56:25.571Z,Touch move,salt,Table,{390, 661}
2014-07-20T12:56:25.584Z,Touch move,salt,Table,{370, 661}
2014-07-20T12:56:25.600Z,Touch move,salt,Table,{362, 661}
2014-07-20T12:56:25.619Z,Touch move,salt,Table,{360, 661}
2014-07-20T12:56:25.650Z,Touch move,salt,Table,{376, 658}
2014-07-20T12:56:25.667Z,Touch move,salt,Table,{398, 653}
2014-07-20T12:56:25.683Z,Touch move,salt,Table,{418, 646}
2014-07-20T12:56:25.702Z,Touch move,salt,Table,{427, 641}
2014-07-20T12:56:25.716Z,Touch move,salt,Table,{431, 640}
2014-07-20T12:56:25.733Z,Touch move,salt,Table,{431, 639}
2014-07-20T12:56:25.749Z,Touch move,salt,Table,{410, 639}
2014-07-20T12:56:25.766Z,Touch move,salt,Table,{387, 638}
2014-07-20T12:56:25.784Z,Touch move,salt,Table,{368, 637}
2014-07-20T12:56:25.799Z,Touch move,salt,Table,{359, 635}
2014-07-20T12:56:25.817Z,Touch move,salt,Table,{356, 635}
2014-07-20T12:56:25.833Z,Touch move,salt,Table,{355, 635}
2014-07-20T12:56:25.850Z,Touch move,salt,Table,{362, 633}
2014-07-20T12:56:25.866Z,Touch move,salt,Table,{377, 631}
2014-07-20T12:56:25.882Z,Touch move,salt,Table,{401, 628}
2014-07-20T12:56:25.900Z,Touch move,salt,Table,{415, 627}
2014-07-20T12:56:25.915Z,Touch move,salt,Table,{422, 625}
2014-07-20T12:56:25.932Z,Touch move,salt,Table,{425, 625}
2014-07-20T12:56:25.966Z,Touch move,salt,Table,{409, 626}
2014-07-20T12:56:25.982Z,Touch move,salt,Table,{391, 627}
2014-07-20T12:56:25.999Z,Touch move,salt,Table,{372, 627}
2014-07-20T12:56:26.015Z,Touch move,salt,Table,{366, 627}
2014-07-20T12:56:26.032Z,Touch move,salt,Table,{364, 627}
2014-07-20T12:56:26.065Z,Touch move,salt,Table,{367, 627}
2014-07-20T12:56:26.082Z,Touch move,salt,Table,{382, 625}
2014-07-20T12:56:26.098Z,Touch move,salt,Table,{404, 621}
2014-07-20T12:56:26.115Z,Touch move,salt,Table,{419, 615}
2014-07-20T12:56:26.132Z,Touch move,salt,Table,{424, 613}
2014-07-20T12:56:26.148Z,Touch move,salt,Table,{427, 613}
2014-07-20T12:56:26.165Z,Touch move,salt,Table,{421, 613}
2014-07-20T12:56:26.181Z,Touch move,salt,Table,{398, 618}
2014-07-20T12:56:26.198Z,Touch move,salt,Table,{375, 625}
2014-07-20T12:56:26.214Z,Touch move,salt,Table,{364, 629}
2014-07-20T12:56:26.231Z,Touch move,salt,Table,{358, 630}
2014-07-20T12:56:26.248Z,Touch move,salt,Table,{357, 631}
2014-07-20T12:56:26.265Z,Touch move,salt,Table,{357, 632}
2014-07-20T12:56:26.281Z,Touch move,salt,Table,{357, 633}
2014-07-20T12:56:26.298Z,Touch move,salt,Table,{362, 633}
2014-07-20T12:56:26.314Z,Touch move,salt,Table,{372, 632}
2014-07-20T12:56:26.331Z,Touch move,salt,Table,{385, 629}
2014-07-20T12:56:26.347Z,Touch move,salt,Table,{395, 628}
2014-07-20T12:56:26.364Z,Touch move,salt,Table,{402, 627}
2014-07-20T12:56:26.381Z,Touch move,salt,Table,{405, 627}
2014-07-20T12:56:26.397Z,Touch move,salt,Table,{407, 627}
2014-07-20T12:56:26.430Z,Touch move,salt,Table,{400, 630}
2014-07-20T12:56:26.448Z,Touch move,salt,Table,{391, 633}
2014-07-20T12:56:26.464Z,Touch move,salt,Table,{383, 635}
2014-07-20T12:56:26.480Z,Touch move,salt,Table,{380, 636}
2014-07-20T12:56:26.497Z,Touch move,salt,Table,{378, 637}
2014-07-20T12:56:26.513Z,Touch move,salt,Table,{378, 638}
2014-07-20T12:56:26.531Z,Touch move,salt,Table,{383, 638}
2014-07-20T12:56:26.547Z,Touch move,salt,Table,{396, 638}
2014-07-20T12:56:26.564Z,Touch move,salt,Table,{413, 636}
2014-07-20T12:56:26.580Z,Touch move,salt,Table,{441, 634}
2014-07-20T12:56:26.597Z,Touch move,salt,Table,{470, 633}
2014-07-20T12:56:26.613Z,Touch move,salt,Table,{485, 633}
2014-07-20T12:56:26.630Z,Touch move,salt,Table,{491, 635}
2014-07-20T12:56:26.665Z,Touch move,salt,Table,{473, 647}
2014-07-20T12:56:26.671Z,Touch move,salt,Table,{443, 654}
2014-07-20T12:56:26.686Z,Touch move,salt,Table,{422, 657}
2014-07-20T12:56:26.705Z,Touch move,salt,Table,{399, 658}
2014-07-20T12:56:26.721Z,Touch move,salt,Table,{384, 659}
2014-07-20T12:56:26.737Z,Touch move,salt,Table,{378, 659}
2014-07-20T12:56:26.754Z,Touch move,salt,Table,{375, 659}
2014-07-20T12:56:26.787Z,Touch move,salt,Table,{386, 657}
2014-07-20T12:56:26.804Z,Touch move,salt,Table,{406, 654}
2014-07-20T12:56:26.821Z,Touch move,salt,Table,{431, 649}
2014-07-20T12:56:26.836Z,Touch move,salt,Table,{455, 644}
2014-07-20T12:56:26.851Z,Touch move,salt,Table,{465, 642}
2014-07-20T12:56:26.871Z,Touch move,salt,Table,{466, 642}
2014-07-20T12:56:26.883Z,Touch move,salt,Table,{441, 643}
2014-07-20T12:56:26.900Z,Touch move,salt,Table,{403, 646}
2014-07-20T12:56:26.920Z,Touch move,salt,Table,{367, 648}
2014-07-20T12:56:26.933Z,Touch move,salt,Table,{348, 651}
2014-07-20T12:56:26.950Z,Touch move,salt,Table,{340, 653}
2014-07-20T12:56:26.967Z,Touch move,salt,Table,{338, 654}
2014-07-20T12:56:26.982Z,Touch move,salt,Table,{341, 654}
2014-07-20T12:56:26.999Z,Touch move,salt,Table,{356, 653}
2014-07-20T12:56:27.017Z,Touch move,salt,Table,{373, 651}
2014-07-20T12:56:27.033Z,Touch move,salt,Table,{395, 646}
2014-07-20T12:56:27.049Z,Touch move,salt,Table,{418, 643}
2014-07-20T12:56:27.067Z,Touch move,salt,Table,{435, 642}
2014-07-20T12:56:27.082Z,Touch move,salt,Table,{441, 641}
2014-07-20T12:56:27.116Z,Touch move,salt,Table,{412, 647}
2014-07-20T12:56:27.132Z,Touch move,salt,Table,{382, 652}
2014-07-20T12:56:27.149Z,Touch move,salt,Table,{365, 655}
2014-07-20T12:56:27.166Z,Touch move,salt,Table,{357, 657}
2014-07-20T12:56:27.182Z,Touch move,salt,Table,{354, 658}
2014-07-20T12:56:27.216Z,Touch move,salt,Table,{367, 658}
2014-07-20T12:56:27.232Z,Touch move,salt,Table,{387, 653}
2014-07-20T12:56:27.249Z,Touch move,salt,Table,{413, 648}
2014-07-20T12:56:27.265Z,Touch move,salt,Table,{439, 644}
2014-07-20T12:56:27.281Z,Touch move,salt,Table,{450, 642}
2014-07-20T12:56:27.299Z,Touch move,salt,Table,{453, 642}
2014-07-20T12:56:27.315Z,Touch move,salt,Table,{442, 643}
2014-07-20T12:56:27.333Z,Touch move,salt,Table,{426, 644}
2014-07-20T12:56:27.348Z,Touch move,salt,Table,{414, 645}
2014-07-20T12:56:27.365Z,Touch move,salt,Table,{408, 645}
2014-07-20T12:56:27.381Z,Touch move,salt,Table,{406, 645}
2014-07-20T12:56:27.415Z,Touch move,salt,Table,{417, 642}
2014-07-20T12:56:27.431Z,Touch move,salt,Table,{437, 635}
2014-07-20T12:56:27.448Z,Touch move,salt,Table,{457, 629}
2014-07-20T12:56:27.465Z,Touch move,salt,Table,{475, 622}
2014-07-20T12:56:27.481Z,Touch move,salt,Table,{482, 613}
2014-07-20T12:56:27.498Z,Touch move,salt,Table,{483, 605}
2014-07-20T12:56:27.515Z,Touch move,salt,Table,{482, 594}
2014-07-20T12:56:27.531Z,Touch move,salt,Table,{470, 577}
2014-07-20T12:56:27.547Z,Touch move,salt,Table,{459, 553}
2014-07-20T12:56:27.565Z,Touch move,salt,Table,{448, 527}
2014-07-20T12:56:27.581Z,Touch move,salt,Table,{438, 495}
2014-07-20T12:56:27.598Z,Touch move,salt,Table,{432, 461}
2014-07-20T12:56:27.614Z,Touch move,salt,Table,{432, 431}
2014-07-20T12:56:27.631Z,Touch move,salt,Table,{432, 402}
2014-07-20T12:56:27.647Z,Touch move,salt,Table,{435, 371}
2014-07-20T12:56:27.664Z,Touch move,salt,Table,{441, 344}
2014-07-20T12:56:27.680Z,Touch move,salt,Table,{447, 321}
2014-07-20T12:56:27.697Z,Touch move,salt,Table,{452, 296}
2014-07-20T12:56:27.714Z,Touch move,salt,Table,{456, 275}
2014-07-20T12:56:27.730Z,Touch move,salt,Table,{461, 257}
2014-07-20T12:56:27.747Z,Touch move,salt,Table,{466, 242}
2014-07-20T12:56:27.764Z,Touch move,salt,Table,{470, 228}
2014-07-20T12:56:27.780Z,Touch move,salt,Table,{474, 213}
2014-07-20T12:56:27.797Z,Touch end,salt,Table,{811, 294}
2014-07-20T12:56:28.531Z,Touch start,mushroom,Table,{586, 644}
2014-07-20T12:56:28.578Z,Touch move,mushroom,Table,{584, 639}
2014-07-20T12:56:28.594Z,Touch move,mushroom,Table,{578, 635}
2014-07-20T12:56:28.611Z,Touch move,mushroom,Table,{569, 629}
2014-07-20T12:56:28.627Z,Touch move,mushroom,Table,{559, 622}
2014-07-20T12:56:28.644Z,Touch move,mushroom,Table,{546, 613}
2014-07-20T12:56:28.661Z,Touch move,mushroom,Table,{530, 605}
2014-07-20T12:56:28.677Z,Touch move,mushroom,Table,{515, 598}
2014-07-20T12:56:28.694Z,Touch move,mushroom,Table,{498, 591}
2014-07-20T12:56:28.710Z,Touch move,mushroom,Table,{486, 586}
2014-07-20T12:56:28.727Z,Touch move,mushroom,Table,{468, 578}
2014-07-20T12:56:28.743Z,Touch move,mushroom,Table,{459, 572}
2014-07-20T12:56:28.761Z,Touch move,mushroom,Table,{448, 563}
2014-07-20T12:56:28.777Z,Touch move,mushroom,Table,{433, 554}
2014-07-20T12:56:28.794Z,Touch move,mushroom,Table,{422, 546}
2014-07-20T12:56:28.811Z,Touch move,mushroom,Table,{406, 536}
2014-07-20T12:56:28.827Z,Touch move,mushroom,Table,{397, 529}
2014-07-20T12:56:28.843Z,Touch move,mushroom,Table,{390, 522}
2014-07-20T12:56:28.860Z,Touch move,mushroom,Table,{381, 514}
2014-07-20T12:56:28.876Z,Touch move,mushroom,Table,{371, 507}
2014-07-20T12:56:28.893Z,Touch move,mushroom,Table,{358, 501}
2014-07-20T12:56:28.910Z,Touch end,mushroom,Table,{356, 499}
2014-07-20T12:56:28.913Z,Food swallowed,1.80 like score for mushroom microwaved,Table,
2014-07-20T12:56:31.389Z,Food spitted out,2.00 like score for mushroom microwaved,Table,
