time,event,object,scene,location
2014-12-19T17:02:44.116Z,App Started,iPad2,5,,
2014-12-19T17:02:44.132Z,Character Selected,monster2,,
2014-12-19T17:02:47.532Z,Touch start,static,Table,{345, 669}
2014-12-19T17:02:47.539Z,Touch move,static,Table,{356, 667}
2014-12-19T17:02:47.555Z,Touch move,static,Table,{358, 667}
2014-12-19T17:02:47.572Z,Touch move,static,Table,{359, 667}
2014-12-19T17:02:47.605Z,Touch move,static,Table,{354, 667}
2014-12-19T17:02:47.622Z,Touch move,static,Table,{348, 668}
2014-12-19T17:02:47.638Z,Touch end,static,Table,{336, 673}
2014-12-19T17:02:48.909Z,Touch start,static,Table,{313, 496}
2014-12-19T17:02:48.921Z,Touch move,static,Table,{324, 494}
2014-12-19T17:02:48.937Z,Touch move,static,Table,{325, 494}
2014-12-19T17:02:48.970Z,Touch move,static,Table,{316, 495}
2014-12-19T17:02:48.987Z,Touch end,static,Table,{314, 496}
2014-12-19T17:02:49.605Z,Touch start,static,Table,{273, 538}
2014-12-19T17:02:49.651Z,Touch move,static,Table,{272, 541}
2014-12-19T17:02:49.668Z,Touch move,static,Table,{266, 542}
2014-12-19T17:02:49.684Z,Touch move,static,Table,{262, 544}
2014-12-19T17:02:49.701Z,Touch move,static,Table,{261, 545}
2014-12-19T17:02:49.717Z,Touch move,static,Table,{261, 546}
2014-12-19T17:02:49.734Z,Touch end,static,Table,{257, 550}
2014-12-19T17:02:50.224Z,Touch start,static,Table,{216, 502}
2014-12-19T17:02:50.336Z,Touch move,static,Table,{221, 505}
2014-12-19T17:02:50.352Z,Touch move,static,Table,{231, 504}
2014-12-19T17:02:50.369Z,Touch move,static,Table,{242, 504}
2014-12-19T17:02:50.386Z,Touch end,static,Table,{244, 502}
2014-12-19T17:02:50.872Z,Touch start,static,Table,{241, 509}
2014-12-19T17:02:50.884Z,Touch move,static,Table,{252, 512}
2014-12-19T17:02:50.901Z,Touch move,static,Table,{252, 514}
2014-12-19T17:02:50.917Z,Touch move,static,Table,{252, 515}
2014-12-19T17:02:50.934Z,Touch move,static,Table,{250, 516}
2014-12-19T17:02:50.967Z,Touch move,static,Table,{250, 515}
2014-12-19T17:02:50.984Z,Touch move,static,Table,{251, 513}
2014-12-19T17:02:51.001Z,Touch move,static,Table,{252, 511}
2014-12-19T17:02:51.016Z,Touch move,static,Table,{253, 510}
2014-12-19T17:02:51.033Z,Touch move,static,Table,{254, 509}
2014-12-19T17:02:51.050Z,Touch move,static,Table,{255, 508}
2014-12-19T17:02:51.083Z,Touch move,static,Table,{256, 508}
2014-12-19T17:02:51.099Z,Touch end,static,Table,{257, 512}
2014-12-19T17:02:51.502Z,Touch start,static,Table,{271, 495}
2014-12-19T17:02:51.515Z,Touch move,static,Table,{277, 493}
2014-12-19T17:02:51.631Z,Touch move,static,Table,{278, 492}
2014-12-19T17:02:51.647Z,Touch move,static,Table,{278, 491}
2014-12-19T17:02:51.664Z,Touch end,static,Table,{278, 489}
2014-12-19T17:02:54.446Z,Touch start,static,Table,{423, 483}
2014-12-19T17:02:54.487Z,Touch move,static,Table,{420, 485}
2014-12-19T17:02:54.504Z,Touch move,static,Table,{416, 485}
2014-12-19T17:02:54.520Z,Touch end,static,Table,{414, 486}
2014-12-19T17:02:55.038Z,Touch start,static,Table,{254, 530}
2014-12-19T17:02:55.118Z,Touch end,static,Table,{260, 533}
2014-12-19T17:02:55.321Z,Touch start,static,Table,{404, 475}
2014-12-19T17:02:55.333Z,Touch move,static,Table,{414, 473}
2014-12-19T17:02:55.383Z,Touch move,static,Table,{408, 474}
2014-12-19T17:02:55.400Z,Touch end,static,Table,{405, 476}
2014-12-19T17:02:55.588Z,Touch start,static,Table,{302, 520}
2014-12-19T17:02:55.665Z,Touch end,static,Table,{305, 519}
2014-12-19T17:02:55.853Z,Touch start,static,Table,{330, 502}
2014-12-19T17:02:55.915Z,Touch end,static,Table,{324, 502}
2014-12-19T17:02:56.063Z,Touch start,static,Table,{317, 504}
2014-12-19T17:02:56.119Z,Touch end,static,Table,{315, 506}
2014-12-19T17:02:56.305Z,Touch start,static,Table,{330, 514}
2014-12-19T17:02:56.350Z,Touch end,static,Table,{328, 519}
2014-12-19T17:02:56.537Z,Touch start,static,Table,{325, 501}
2014-12-19T17:02:56.583Z,Touch end,static,Table,{328, 500}
2014-12-19T17:02:56.770Z,Touch start,static,Table,{315, 509}
2014-12-19T17:02:56.815Z,Touch end,static,Table,{320, 508}
2014-12-19T17:02:56.986Z,Touch start,static,Table,{311, 483}
2014-12-19T17:02:57.031Z,Touch end,static,Table,{307, 483}
2014-12-19T17:03:01.203Z,Touch start,fridge,Table,{-180, 384}
2014-12-19T17:03:01.328Z,Touch end,fridge,Table,{-180, 384}
2014-12-19T17:03:02.644Z,Touch start,lemon,Table,{296, 409}
2014-12-19T17:03:02.711Z,Touch end,lemon,Table,{296, 409}
2014-12-19T17:03:05.721Z,Touch start,lemon,Table,{189, 298}
2014-12-19T17:03:05.746Z,Touch move,lemon,Table,{202, 293}
2014-12-19T17:03:05.762Z,Touch move,lemon,Table,{209, 292}
2014-12-19T17:03:05.777Z,Touch move,lemon,Table,{215, 288}
2014-12-19T17:03:05.794Z,Touch move,lemon,Table,{221, 284}
2014-12-19T17:03:05.810Z,Touch move,lemon,Table,{227, 278}
2014-12-19T17:03:05.829Z,Touch move,lemon,Table,{236, 269}
2014-12-19T17:03:05.844Z,Touch move,lemon,Table,{250, 257}
2014-12-19T17:03:05.861Z,Touch move,lemon,Table,{260, 243}
2014-12-19T17:03:05.877Z,Touch move,lemon,Table,{271, 230}
2014-12-19T17:03:05.895Z,Touch move,lemon,Table,{280, 218}
2014-12-19T17:03:05.911Z,Touch move,lemon,Table,{289, 208}
2014-12-19T17:03:05.928Z,Touch move,lemon,Table,{296, 195}
2014-12-19T17:03:05.944Z,Touch move,lemon,Table,{303, 183}
2014-12-19T17:03:05.959Z,Touch move,lemon,Table,{310, 170}
2014-12-19T17:03:05.978Z,Touch move,lemon,Table,{316, 157}
2014-12-19T17:03:05.994Z,Touch move,lemon,Table,{320, 147}
2014-12-19T17:03:06.011Z,Touch move,lemon,Table,{325, 137}
2014-12-19T17:03:06.028Z,Touch move,lemon,Table,{328, 128}
2014-12-19T17:03:06.044Z,Touch move,lemon,Table,{331, 122}
2014-12-19T17:03:06.061Z,Touch move,lemon,Table,{332, 116}
2014-12-19T17:03:06.078Z,Touch move,lemon,Table,{333, 111}
2014-12-19T17:03:06.094Z,Touch move,lemon,Table,{334, 110}
2014-12-19T17:03:06.109Z,Touch move,lemon,Table,{335, 109}
2014-12-19T17:03:06.178Z,Touch move,lemon,Table,{336, 109}
2014-12-19T17:03:06.194Z,Touch move,lemon,Table,{337, 109}
2014-12-19T17:03:06.211Z,Touch move,lemon,Table,{338, 109}
2014-12-19T17:03:06.228Z,Touch move,lemon,Table,{342, 109}
2014-12-19T17:03:06.244Z,Touch move,lemon,Table,{349, 106}
2014-12-19T17:03:06.259Z,Touch move,lemon,Table,{358, 103}
2014-12-19T17:03:06.278Z,Touch move,lemon,Table,{374, 100}
2014-12-19T17:03:06.294Z,Touch move,lemon,Table,{389, 98}
2014-12-19T17:03:06.311Z,Touch move,lemon,Table,{407, 98}
2014-12-19T17:03:06.328Z,Touch move,lemon,Table,{425, 98}
2014-12-19T17:03:06.343Z,Touch move,lemon,Table,{444, 100}
2014-12-19T17:03:06.361Z,Touch move,lemon,Table,{463, 106}
2014-12-19T17:03:06.377Z,Touch move,lemon,Table,{481, 112}
2014-12-19T17:03:06.394Z,Touch move,lemon,Table,{498, 120}
2014-12-19T17:03:06.411Z,Touch move,lemon,Table,{514, 127}
2014-12-19T17:03:06.428Z,Touch move,lemon,Table,{530, 134}
2014-12-19T17:03:06.444Z,Touch move,lemon,Table,{544, 140}
2014-12-19T17:03:06.461Z,Touch move,lemon,Table,{557, 146}
2014-12-19T17:03:06.477Z,Touch move,lemon,Table,{569, 154}
2014-12-19T17:03:06.490Z,Touch move,lemon,Table,{580, 162}
2014-12-19T17:03:06.511Z,Touch move,lemon,Table,{587, 168}
2014-12-19T17:03:06.523Z,Touch move,lemon,Table,{594, 175}
2014-12-19T17:03:06.540Z,Touch move,lemon,Table,{600, 182}
2014-12-19T17:03:06.557Z,Touch move,lemon,Table,{606, 189}
2014-12-19T17:03:06.575Z,Touch move,lemon,Table,{611, 195}
2014-12-19T17:03:06.589Z,Touch move,lemon,Table,{616, 203}
2014-12-19T17:03:06.606Z,Touch move,lemon,Table,{621, 215}
2014-12-19T17:03:06.623Z,Touch move,lemon,Table,{625, 226}
2014-12-19T17:03:06.640Z,Touch move,lemon,Table,{629, 235}
2014-12-19T17:03:06.656Z,Touch move,lemon,Table,{633, 246}
2014-12-19T17:03:06.672Z,Touch move,lemon,Table,{636, 258}
2014-12-19T17:03:06.689Z,Touch move,lemon,Table,{638, 268}
2014-12-19T17:03:06.706Z,Touch move,lemon,Table,{640, 276}
2014-12-19T17:03:06.724Z,Touch move,lemon,Table,{641, 285}
2014-12-19T17:03:06.739Z,Touch move,lemon,Table,{642, 294}
2014-12-19T17:03:06.756Z,Touch move,lemon,Table,{643, 301}
2014-12-19T17:03:06.773Z,Touch move,lemon,Table,{643, 308}
2014-12-19T17:03:06.789Z,Touch move,lemon,Table,{643, 311}
2014-12-19T17:03:06.805Z,Touch move,lemon,Table,{643, 313}
2014-12-19T17:03:06.822Z,Touch move,lemon,Table,{643, 316}
2014-12-19T17:03:06.838Z,Touch move,lemon,Table,{643, 319}
2014-12-19T17:03:06.855Z,Touch move,lemon,Table,{643, 320}
2014-12-19T17:03:06.872Z,Touch move,lemon,Table,{643, 321}
2014-12-19T17:03:06.888Z,Touch move,lemon,Table,{643, 323}
2014-12-19T17:03:06.905Z,Touch move,lemon,Table,{643, 325}
2014-12-19T17:03:06.921Z,Touch move,lemon,Table,{643, 328}
2014-12-19T17:03:06.938Z,Touch move,lemon,Table,{643, 332}
2014-12-19T17:03:06.955Z,Touch move,lemon,Table,{643, 336}
2014-12-19T17:03:06.971Z,Touch move,lemon,Table,{643, 340}
2014-12-19T17:03:06.988Z,Touch move,lemon,Table,{643, 347}
2014-12-19T17:03:07.004Z,Touch move,lemon,Table,{641, 356}
2014-12-19T17:03:07.022Z,Touch move,lemon,Table,{639, 367}
2014-12-19T17:03:07.038Z,Touch move,lemon,Table,{636, 378}
2014-12-19T17:03:07.055Z,Touch move,lemon,Table,{634, 386}
2014-12-19T17:03:07.071Z,Touch move,lemon,Table,{632, 395}
2014-12-19T17:03:07.088Z,Touch move,lemon,Table,{629, 406}
2014-12-19T17:03:07.104Z,Touch move,lemon,Table,{626, 416}
2014-12-19T17:03:07.121Z,Touch move,lemon,Table,{623, 426}
2014-12-19T17:03:07.137Z,Touch move,lemon,Table,{621, 433}
2014-12-19T17:03:07.154Z,Touch move,lemon,Table,{619, 439}
2014-12-19T17:03:07.173Z,Touch move,lemon,Table,{617, 444}
2014-12-19T17:03:07.187Z,Touch move,lemon,Table,{614, 448}
2014-12-19T17:03:07.204Z,Touch move,lemon,Table,{613, 450}
2014-12-19T17:03:07.220Z,Touch move,lemon,Table,{611, 452}
2014-12-19T17:03:07.237Z,Touch move,lemon,Table,{611, 453}
2014-12-19T17:03:07.270Z,Touch move,lemon,Table,{610, 454}
2014-12-19T17:03:07.353Z,Touch move,lemon,Table,{610, 453}
2014-12-19T17:03:07.370Z,Touch move,lemon,Table,{610, 450}
2014-12-19T17:03:07.386Z,Touch move,lemon,Table,{611, 445}
2014-12-19T17:03:07.403Z,Touch move,lemon,Table,{613, 437}
2014-12-19T17:03:07.420Z,Touch move,lemon,Table,{616, 427}
2014-12-19T17:03:07.436Z,Touch move,lemon,Table,{617, 419}
2014-12-19T17:03:07.453Z,Touch move,lemon,Table,{618, 409}
2014-12-19T17:03:07.470Z,Touch move,lemon,Table,{619, 397}
2014-12-19T17:03:07.486Z,Touch move,lemon,Table,{619, 385}
2014-12-19T17:03:07.503Z,Touch move,lemon,Table,{619, 371}
2014-12-19T17:03:07.519Z,Touch move,lemon,Table,{618, 360}
2014-12-19T17:03:07.535Z,Touch move,lemon,Table,{616, 347}
2014-12-19T17:03:07.553Z,Touch move,lemon,Table,{613, 335}
2014-12-19T17:03:07.569Z,Touch move,lemon,Table,{611, 321}
2014-12-19T17:03:07.586Z,Touch move,lemon,Table,{607, 307}
2014-12-19T17:03:07.602Z,Touch move,lemon,Table,{601, 287}
2014-12-19T17:03:07.619Z,Touch move,lemon,Table,{595, 266}
2014-12-19T17:03:07.635Z,Touch move,lemon,Table,{588, 242}
2014-12-19T17:03:07.652Z,Touch move,lemon,Table,{583, 219}
2014-12-19T17:03:07.669Z,Touch move,lemon,Table,{579, 198}
2014-12-19T17:03:07.685Z,Touch move,lemon,Table,{576, 183}
2014-12-19T17:03:07.703Z,Touch move,lemon,Table,{572, 169}
2014-12-19T17:03:07.718Z,Touch move,lemon,Table,{568, 156}
2014-12-19T17:03:07.735Z,Touch move,lemon,Table,{565, 147}
2014-12-19T17:03:07.752Z,Touch move,lemon,Table,{563, 142}
2014-12-19T17:03:07.769Z,Touch move,lemon,Table,{563, 139}
2014-12-19T17:03:07.785Z,Touch move,lemon,Table,{562, 139}
2014-12-19T17:03:07.834Z,Touch move,lemon,Table,{564, 147}
2014-12-19T17:03:07.852Z,Touch move,lemon,Table,{569, 158}
2014-12-19T17:03:07.868Z,Touch move,lemon,Table,{578, 176}
2014-12-19T17:03:07.884Z,Touch move,lemon,Table,{584, 194}
2014-12-19T17:03:07.901Z,Touch move,lemon,Table,{591, 214}
2014-12-19T17:03:07.918Z,Touch move,lemon,Table,{599, 234}
2014-12-19T17:03:07.934Z,Touch move,lemon,Table,{606, 256}
2014-12-19T17:03:07.951Z,Touch move,lemon,Table,{611, 276}
2014-12-19T17:03:07.967Z,Touch move,lemon,Table,{616, 295}
2014-12-19T17:03:07.984Z,Touch move,lemon,Table,{619, 311}
2014-12-19T17:03:08.001Z,Touch move,lemon,Table,{622, 327}
2014-12-19T17:03:08.017Z,Touch move,lemon,Table,{624, 344}
2014-12-19T17:03:08.034Z,Touch move,lemon,Table,{626, 359}
2014-12-19T17:03:08.051Z,Touch move,lemon,Table,{627, 371}
2014-12-19T17:03:08.068Z,Touch move,lemon,Table,{629, 384}
2014-12-19T17:03:08.084Z,Touch move,lemon,Table,{630, 394}
2014-12-19T17:03:08.100Z,Touch move,lemon,Table,{631, 403}
2014-12-19T17:03:08.117Z,Touch move,lemon,Table,{632, 409}
2014-12-19T17:03:08.133Z,Touch move,lemon,Table,{632, 413}
2014-12-19T17:03:08.150Z,Touch move,lemon,Table,{632, 416}
2014-12-19T17:03:08.167Z,Touch move,lemon,Table,{632, 417}
2014-12-19T17:03:08.183Z,Touch move,lemon,Table,{632, 418}
2014-12-19T17:03:08.250Z,Touch move,lemon,Table,{632, 416}
2014-12-19T17:03:08.266Z,Touch move,lemon,Table,{632, 412}
2014-12-19T17:03:08.283Z,Touch move,lemon,Table,{632, 404}
2014-12-19T17:03:08.300Z,Touch move,lemon,Table,{630, 394}
2014-12-19T17:03:08.316Z,Touch move,lemon,Table,{628, 378}
2014-12-19T17:03:08.333Z,Touch move,lemon,Table,{626, 362}
2014-12-19T17:03:08.350Z,Touch move,lemon,Table,{623, 341}
2014-12-19T17:03:08.366Z,Touch move,lemon,Table,{621, 325}
2014-12-19T17:03:08.382Z,Touch move,lemon,Table,{617, 304}
2014-12-19T17:03:08.400Z,Touch move,lemon,Table,{614, 283}
2014-12-19T17:03:08.416Z,Touch move,lemon,Table,{610, 264}
2014-12-19T17:03:08.432Z,Touch move,lemon,Table,{604, 244}
2014-12-19T17:03:08.449Z,Touch move,lemon,Table,{595, 227}
2014-12-19T17:03:08.466Z,Touch move,lemon,Table,{586, 212}
2014-12-19T17:03:08.482Z,Touch move,lemon,Table,{578, 199}
2014-12-19T17:03:08.499Z,Touch move,lemon,Table,{567, 189}
2014-12-19T17:03:08.516Z,Touch move,lemon,Table,{558, 181}
2014-12-19T17:03:08.532Z,Touch move,lemon,Table,{549, 175}
2014-12-19T17:03:08.549Z,Touch move,lemon,Table,{537, 170}
2014-12-19T17:03:08.565Z,Touch move,lemon,Table,{520, 164}
2014-12-19T17:03:08.582Z,Touch move,lemon,Table,{503, 157}
2014-12-19T17:03:08.599Z,Touch move,lemon,Table,{488, 153}
2014-12-19T17:03:08.615Z,Touch move,lemon,Table,{471, 150}
2014-12-19T17:03:08.632Z,Touch move,lemon,Table,{454, 148}
2014-12-19T17:03:08.649Z,Touch move,lemon,Table,{434, 147}
2014-12-19T17:03:08.666Z,Touch move,lemon,Table,{415, 146}
2014-12-19T17:03:08.681Z,Touch move,lemon,Table,{390, 146}
2014-12-19T17:03:08.698Z,Touch move,lemon,Table,{368, 146}
2014-12-19T17:03:08.715Z,Touch move,lemon,Table,{346, 146}
2014-12-19T17:03:08.731Z,Touch move,lemon,Table,{325, 149}
2014-12-19T17:03:08.748Z,Touch move,lemon,Table,{303, 155}
2014-12-19T17:03:08.764Z,Touch move,lemon,Table,{282, 164}
2014-12-19T17:03:08.781Z,Touch move,lemon,Table,{262, 174}
2014-12-19T17:03:08.798Z,Touch move,lemon,Table,{243, 185}
2014-12-19T17:03:08.814Z,Touch move,lemon,Table,{225, 198}
2014-12-19T17:03:08.831Z,Touch move,lemon,Table,{209, 212}
2014-12-19T17:03:08.847Z,Touch move,lemon,Table,{196, 228}
2014-12-19T17:03:08.864Z,Touch move,lemon,Table,{188, 243}
2014-12-19T17:03:08.881Z,Touch move,lemon,Table,{181, 256}
2014-12-19T17:03:08.898Z,Touch move,lemon,Table,{176, 266}
2014-12-19T17:03:08.913Z,Touch move,lemon,Table,{173, 274}
2014-12-19T17:03:08.930Z,Touch move,lemon,Table,{172, 280}
2014-12-19T17:03:08.947Z,Touch move,lemon,Table,{171, 286}
2014-12-19T17:03:08.963Z,Touch move,lemon,Table,{171, 289}
2014-12-19T17:03:08.980Z,Touch move,lemon,Table,{171, 290}
2014-12-19T17:03:08.997Z,Touch move,lemon,Table,{171, 291}
2014-12-19T17:03:09.030Z,Touch move,lemon,Table,{172, 291}
2014-12-19T17:03:09.048Z,Touch move,lemon,Table,{173, 290}
2014-12-19T17:03:09.063Z,Touch move,lemon,Table,{179, 283}
2014-12-19T17:03:09.080Z,Touch move,lemon,Table,{186, 273}
2014-12-19T17:03:09.096Z,Touch move,lemon,Table,{196, 259}
2014-12-19T17:03:09.112Z,Touch move,lemon,Table,{209, 244}
2014-12-19T17:03:09.129Z,Touch move,lemon,Table,{222, 228}
2014-12-19T17:03:09.146Z,Touch move,lemon,Table,{234, 214}
2014-12-19T17:03:09.163Z,Touch move,lemon,Table,{248, 197}
2014-12-19T17:03:09.179Z,Touch move,lemon,Table,{261, 183}
2014-12-19T17:03:09.198Z,Touch move,lemon,Table,{275, 167}
2014-12-19T17:03:09.213Z,Touch move,lemon,Table,{291, 151}
2014-12-19T17:03:09.229Z,Touch move,lemon,Table,{307, 137}
2014-12-19T17:03:09.246Z,Touch move,lemon,Table,{324, 126}
2014-12-19T17:03:09.262Z,Touch move,lemon,Table,{341, 117}
2014-12-19T17:03:09.280Z,Touch move,lemon,Table,{359, 109}
2014-12-19T17:03:09.296Z,Touch move,lemon,Table,{381, 104}
2014-12-19T17:03:09.322Z,Touch move,lemon,Table,{403, 101}
2014-12-19T17:03:09.330Z,Touch move,lemon,Table,{422, 100}
2014-12-19T17:03:09.346Z,Touch move,lemon,Table,{445, 100}
2014-12-19T17:03:09.361Z,Touch move,lemon,Table,{463, 101}
2014-12-19T17:03:09.378Z,Touch move,lemon,Table,{480, 104}
2014-12-19T17:03:09.395Z,Touch move,lemon,Table,{499, 111}
2014-12-19T17:03:09.412Z,Touch move,lemon,Table,{515, 121}
2014-12-19T17:03:09.428Z,Touch move,lemon,Table,{529, 133}
2014-12-19T17:03:09.444Z,Touch move,lemon,Table,{540, 142}
2014-12-19T17:03:09.461Z,Touch move,lemon,Table,{550, 157}
2014-12-19T17:03:09.478Z,Touch move,lemon,Table,{557, 174}
2014-12-19T17:03:09.495Z,Touch move,lemon,Table,{565, 196}
2014-12-19T17:03:09.511Z,Touch move,lemon,Table,{576, 226}
2014-12-19T17:03:09.528Z,Touch move,lemon,Table,{580, 248}
2014-12-19T17:03:09.545Z,Touch move,lemon,Table,{584, 273}
2014-12-19T17:03:09.561Z,Touch move,lemon,Table,{586, 294}
2014-12-19T17:03:09.577Z,Touch move,lemon,Table,{588, 315}
2014-12-19T17:03:09.594Z,Touch move,lemon,Table,{591, 336}
2014-12-19T17:03:09.611Z,Touch move,lemon,Table,{593, 357}
2014-12-19T17:03:09.628Z,Touch move,lemon,Table,{594, 373}
2014-12-19T17:03:09.644Z,Touch move,lemon,Table,{594, 390}
2014-12-19T17:03:09.661Z,Touch move,lemon,Table,{593, 404}
2014-12-19T17:03:09.677Z,Touch move,lemon,Table,{589, 413}
2014-12-19T17:03:09.694Z,Touch move,lemon,Table,{584, 422}
2014-12-19T17:03:09.710Z,Touch move,lemon,Table,{579, 430}
2014-12-19T17:03:09.727Z,Touch move,lemon,Table,{570, 439}
2014-12-19T17:03:09.744Z,Touch move,lemon,Table,{562, 446}
2014-12-19T17:03:09.761Z,Touch move,lemon,Table,{553, 454}
2014-12-19T17:03:09.778Z,Touch move,lemon,Table,{543, 462}
2014-12-19T17:03:09.795Z,Touch move,lemon,Table,{530, 470}
2014-12-19T17:03:09.811Z,Touch move,lemon,Table,{519, 477}
2014-12-19T17:03:09.827Z,Touch move,lemon,Table,{508, 484}
2014-12-19T17:03:09.844Z,Touch move,lemon,Table,{497, 490}
2014-12-19T17:03:09.863Z,Touch move,lemon,Table,{484, 495}
2014-12-19T17:03:09.878Z,Touch move,lemon,Table,{467, 502}
2014-12-19T17:03:09.894Z,Touch move,lemon,Table,{451, 507}
2014-12-19T17:03:09.911Z,Touch move,lemon,Table,{431, 513}
2014-12-19T17:03:09.926Z,Touch move,lemon,Table,{413, 517}
2014-12-19T17:03:09.943Z,Touch move,lemon,Table,{393, 520}
2014-12-19T17:03:09.961Z,Touch move,lemon,Table,{376, 521}
2014-12-19T17:03:09.978Z,Touch move,lemon,Table,{354, 521}
2014-12-19T17:03:09.994Z,Touch move,lemon,Table,{335, 520}
2014-12-19T17:03:10.012Z,Touch move,lemon,Table,{315, 514}
2014-12-19T17:03:10.027Z,Touch move,lemon,Table,{297, 507}
2014-12-19T17:03:10.044Z,Touch move,lemon,Table,{277, 497}
2014-12-19T17:03:10.061Z,Touch move,lemon,Table,{259, 486}
2014-12-19T17:03:10.077Z,Touch move,lemon,Table,{242, 473}
2014-12-19T17:03:10.095Z,Touch move,lemon,Table,{226, 461}
2014-12-19T17:03:10.111Z,Touch move,lemon,Table,{213, 447}
2014-12-19T17:03:10.127Z,Touch move,lemon,Table,{200, 430}
2014-12-19T17:03:10.145Z,Touch move,lemon,Table,{188, 414}
2014-12-19T17:03:10.162Z,Touch move,lemon,Table,{179, 398}
2014-12-19T17:03:10.178Z,Touch move,lemon,Table,{173, 384}
2014-12-19T17:03:10.194Z,Touch move,lemon,Table,{170, 370}
2014-12-19T17:03:10.211Z,Touch move,lemon,Table,{169, 355}
2014-12-19T17:03:10.226Z,Touch move,lemon,Table,{169, 339}
2014-12-19T17:03:10.245Z,Touch move,lemon,Table,{169, 323}
2014-12-19T17:03:10.261Z,Touch move,lemon,Table,{174, 308}
2014-12-19T17:03:10.278Z,Touch move,lemon,Table,{181, 293}
2014-12-19T17:03:10.294Z,Touch move,lemon,Table,{189, 281}
2014-12-19T17:03:10.312Z,Touch move,lemon,Table,{199, 270}
2014-12-19T17:03:10.329Z,Touch move,lemon,Table,{210, 257}
2014-12-19T17:03:10.345Z,Touch move,lemon,Table,{220, 245}
2014-12-19T17:03:10.361Z,Touch move,lemon,Table,{232, 234}
2014-12-19T17:03:10.376Z,Touch move,lemon,Table,{246, 224}
2014-12-19T17:03:10.396Z,Touch move,lemon,Table,{257, 216}
2014-12-19T17:03:10.411Z,Touch move,lemon,Table,{270, 209}
2014-12-19T17:03:10.428Z,Touch move,lemon,Table,{283, 204}
2014-12-19T17:03:10.444Z,Touch move,lemon,Table,{293, 201}
2014-12-19T17:03:10.461Z,Touch move,lemon,Table,{304, 198}
2014-12-19T17:03:10.478Z,Touch move,lemon,Table,{315, 196}
2014-12-19T17:03:10.494Z,Touch move,lemon,Table,{327, 195}
2014-12-19T17:03:10.511Z,Touch move,lemon,Table,{339, 195}
2014-12-19T17:03:10.528Z,Touch move,lemon,Table,{350, 195}
2014-12-19T17:03:10.545Z,Touch move,lemon,Table,{365, 196}
2014-12-19T17:03:10.561Z,Touch move,lemon,Table,{378, 201}
2014-12-19T17:03:10.577Z,Touch move,lemon,Table,{391, 207}
2014-12-19T17:03:10.594Z,Touch move,lemon,Table,{409, 215}
2014-12-19T17:03:10.610Z,Touch move,lemon,Table,{425, 226}
2014-12-19T17:03:10.628Z,Touch move,lemon,Table,{444, 239}
2014-12-19T17:03:10.644Z,Touch move,lemon,Table,{462, 253}
2014-12-19T17:03:10.660Z,Touch move,lemon,Table,{479, 266}
2014-12-19T17:03:10.677Z,Touch move,lemon,Table,{495, 278}
2014-12-19T17:03:10.695Z,Touch move,lemon,Table,{513, 295}
2014-12-19T17:03:10.710Z,Touch move,lemon,Table,{530, 316}
2014-12-19T17:03:10.727Z,Touch move,lemon,Table,{548, 336}
2014-12-19T17:03:10.744Z,Touch move,lemon,Table,{559, 354}
2014-12-19T17:03:10.759Z,Touch move,lemon,Table,{569, 371}
2014-12-19T17:03:10.773Z,Touch move,lemon,Table,{578, 383}
2014-12-19T17:03:10.794Z,Touch move,lemon,Table,{584, 396}
2014-12-19T17:03:10.806Z,Touch move,lemon,Table,{588, 408}
2014-12-19T17:03:10.823Z,Touch move,lemon,Table,{592, 423}
2014-12-19T17:03:10.844Z,Touch move,lemon,Table,{596, 443}
2014-12-19T17:03:10.857Z,Touch move,lemon,Table,{598, 460}
2014-12-19T17:03:10.873Z,Touch move,lemon,Table,{599, 483}
2014-12-19T17:03:10.890Z,Touch move,lemon,Table,{600, 504}
2014-12-19T17:03:10.906Z,Touch move,lemon,Table,{600, 520}
2014-12-19T17:03:10.922Z,Touch move,lemon,Table,{600, 539}
2014-12-19T17:03:10.939Z,Touch move,lemon,Table,{597, 555}
2014-12-19T17:03:10.956Z,Touch move,lemon,Table,{593, 570}
2014-12-19T17:03:10.972Z,Touch move,lemon,Table,{588, 594}
2014-12-19T17:03:10.991Z,Touch move,lemon,Table,{581, 626}
2014-12-19T17:03:11.005Z,Touch move,lemon,Table,{572, 651}
2014-12-19T17:03:11.022Z,Touch move,lemon,Table,{563, 675}
2014-12-19T17:03:11.039Z,Touch move,lemon,Table,{553, 698}
2014-12-19T17:03:11.055Z,Touch move,lemon,Table,{542, 722}
2014-12-19T17:03:11.072Z,Touch move,lemon,Table,{529, 737}
2014-12-19T17:03:11.089Z,Touch move,lemon,Table,{517, 755}
2014-12-19T17:03:11.105Z,Touch move,lemon,Table,{504, 772}
2014-12-19T17:03:11.122Z,Touch move,lemon,Table,{491, 787}
2014-12-19T17:03:11.139Z,Touch move,lemon,Table,{479, 797}
2014-12-19T17:03:11.155Z,Touch move,lemon,Table,{466, 807}
2014-12-19T17:03:11.172Z,Touch move,lemon,Table,{455, 815}
2014-12-19T17:03:11.189Z,Touch move,lemon,Table,{442, 821}
2014-12-19T17:03:11.205Z,Touch move,lemon,Table,{430, 827}
2014-12-19T17:03:11.221Z,Touch move,lemon,Table,{420, 829}
2014-12-19T17:03:11.238Z,Touch move,lemon,Table,{407, 832}
2014-12-19T17:03:11.255Z,Touch move,lemon,Table,{395, 833}
2014-12-19T17:03:11.271Z,Touch move,lemon,Table,{384, 834}
2014-12-19T17:03:11.288Z,Touch move,lemon,Table,{373, 835}
2014-12-19T17:03:11.304Z,Touch move,lemon,Table,{365, 835}
2014-12-19T17:03:11.321Z,Touch move,lemon,Table,{354, 835}
2014-12-19T17:03:11.338Z,Touch move,lemon,Table,{342, 835}
2014-12-19T17:03:11.354Z,Touch move,lemon,Table,{331, 835}
2014-12-19T17:03:11.371Z,Touch move,lemon,Table,{318, 833}
2014-12-19T17:03:11.388Z,Touch move,lemon,Table,{305, 828}
2014-12-19T17:03:11.404Z,Touch move,lemon,Table,{293, 823}
2014-12-19T17:03:11.421Z,Touch move,lemon,Table,{282, 815}
2014-12-19T17:03:11.438Z,Touch move,lemon,Table,{268, 805}
2014-12-19T17:03:11.454Z,Touch move,lemon,Table,{258, 792}
2014-12-19T17:03:11.470Z,Touch move,lemon,Table,{247, 779}
2014-12-19T17:03:11.488Z,Touch move,lemon,Table,{237, 766}
2014-12-19T17:03:11.504Z,Touch move,lemon,Table,{230, 755}
2014-12-19T17:03:11.520Z,Touch move,lemon,Table,{223, 743}
2014-12-19T17:03:11.537Z,Touch move,lemon,Table,{218, 732}
2014-12-19T17:03:11.553Z,Touch move,lemon,Table,{213, 721}
2014-12-19T17:03:11.571Z,Touch move,lemon,Table,{208, 709}
2014-12-19T17:03:11.587Z,Touch move,lemon,Table,{203, 697}
2014-12-19T17:03:11.603Z,Touch move,lemon,Table,{199, 684}
2014-12-19T17:03:11.620Z,Touch move,lemon,Table,{195, 672}
2014-12-19T17:03:11.637Z,Touch move,lemon,Table,{192, 656}
2014-12-19T17:03:11.653Z,Touch move,lemon,Table,{190, 641}
2014-12-19T17:03:11.670Z,Touch move,lemon,Table,{189, 623}
2014-12-19T17:03:11.686Z,Touch move,lemon,Table,{189, 603}
2014-12-19T17:03:11.703Z,Touch move,lemon,Table,{189, 585}
2014-12-19T17:03:11.720Z,Touch move,lemon,Table,{190, 567}
2014-12-19T17:03:11.736Z,Touch move,lemon,Table,{194, 548}
2014-12-19T17:03:11.753Z,Touch move,lemon,Table,{202, 520}
2014-12-19T17:03:11.769Z,Touch move,lemon,Table,{209, 495}
2014-12-19T17:03:11.786Z,Touch move,lemon,Table,{217, 469}
2014-12-19T17:03:11.802Z,Touch move,lemon,Table,{224, 448}
2014-12-19T17:03:11.819Z,Touch move,lemon,Table,{231, 424}
2014-12-19T17:03:11.836Z,Touch move,lemon,Table,{240, 402}
2014-12-19T17:03:11.852Z,Touch move,lemon,Table,{247, 382}
2014-12-19T17:03:11.869Z,Touch move,lemon,Table,{255, 361}
2014-12-19T17:03:11.886Z,Touch move,lemon,Table,{262, 337}
2014-12-19T17:03:11.902Z,Touch move,lemon,Table,{272, 311}
2014-12-19T17:03:11.919Z,Touch move,lemon,Table,{282, 293}
2014-12-19T17:03:11.936Z,Touch move,lemon,Table,{289, 281}
2014-12-19T17:03:11.952Z,Touch move,lemon,Table,{294, 272}
2014-12-19T17:03:11.969Z,Touch move,lemon,Table,{298, 265}
2014-12-19T17:03:11.986Z,Touch move,lemon,Table,{301, 260}
2014-12-19T17:03:12.002Z,Touch move,lemon,Table,{304, 256}
2014-12-19T17:03:12.018Z,Touch move,lemon,Table,{306, 254}
2014-12-19T17:03:12.036Z,Touch move,lemon,Table,{307, 253}
2014-12-19T17:03:12.051Z,Touch move,lemon,Table,{308, 253}
2014-12-19T17:03:12.135Z,Touch move,lemon,Table,{306, 254}
2014-12-19T17:03:12.151Z,Touch move,lemon,Table,{301, 258}
2014-12-19T17:03:12.168Z,Touch move,lemon,Table,{293, 265}
2014-12-19T17:03:12.185Z,Touch move,lemon,Table,{285, 274}
2014-12-19T17:03:12.201Z,Touch move,lemon,Table,{270, 289}
2014-12-19T17:03:12.218Z,Touch move,lemon,Table,{255, 313}
2014-12-19T17:03:12.234Z,Touch move,lemon,Table,{241, 336}
2014-12-19T17:03:12.250Z,Touch move,lemon,Table,{228, 361}
2014-12-19T17:03:12.268Z,Touch move,lemon,Table,{218, 386}
2014-12-19T17:03:12.284Z,Touch move,lemon,Table,{208, 410}
2014-12-19T17:03:12.301Z,Touch move,lemon,Table,{201, 430}
2014-12-19T17:03:12.317Z,Touch move,lemon,Table,{194, 452}
2014-12-19T17:03:12.334Z,Touch move,lemon,Table,{189, 472}
2014-12-19T17:03:12.351Z,Touch move,lemon,Table,{185, 489}
2014-12-19T17:03:12.367Z,Touch move,lemon,Table,{182, 504}
2014-12-19T17:03:12.384Z,Touch move,lemon,Table,{180, 518}
2014-12-19T17:03:12.400Z,Touch move,lemon,Table,{179, 529}
2014-12-19T17:03:12.417Z,Touch move,lemon,Table,{179, 536}
2014-12-19T17:03:12.434Z,Touch move,lemon,Table,{179, 541}
2014-12-19T17:03:12.450Z,Touch move,lemon,Table,{179, 543}
2014-12-19T17:03:12.467Z,Touch move,lemon,Table,{179, 544}
2014-12-19T17:03:12.483Z,Touch move,lemon,Table,{180, 544}
2014-12-19T17:03:12.500Z,Touch move,lemon,Table,{181, 544}
2014-12-19T17:03:12.516Z,Touch move,lemon,Table,{182, 544}
2014-12-19T17:03:12.533Z,Touch move,lemon,Table,{184, 542}
2014-12-19T17:03:12.549Z,Touch move,lemon,Table,{187, 535}
2014-12-19T17:03:12.568Z,Touch move,lemon,Table,{193, 524}
2014-12-19T17:03:12.583Z,Touch move,lemon,Table,{200, 512}
2014-12-19T17:03:12.599Z,Touch move,lemon,Table,{207, 496}
2014-12-19T17:03:12.616Z,Touch move,lemon,Table,{214, 480}
2014-12-19T17:03:12.634Z,Touch move,lemon,Table,{222, 464}
2014-12-19T17:03:12.649Z,Touch move,lemon,Table,{230, 446}
2014-12-19T17:03:12.666Z,Touch move,lemon,Table,{241, 425}
2014-12-19T17:03:12.683Z,Touch move,lemon,Table,{250, 405}
2014-12-19T17:03:12.698Z,Touch move,lemon,Table,{257, 385}
2014-12-19T17:03:12.716Z,Touch move,lemon,Table,{265, 365}
2014-12-19T17:03:12.732Z,Touch move,lemon,Table,{274, 339}
2014-12-19T17:03:12.749Z,Touch move,lemon,Table,{284, 316}
2014-12-19T17:03:12.765Z,Touch move,lemon,Table,{292, 299}
2014-12-19T17:03:12.783Z,Touch move,lemon,Table,{300, 282}
2014-12-19T17:03:12.799Z,Touch move,lemon,Table,{306, 272}
2014-12-19T17:03:12.815Z,Touch move,lemon,Table,{311, 264}
2014-12-19T17:03:12.832Z,Touch move,lemon,Table,{315, 257}
2014-12-19T17:03:12.848Z,Touch move,lemon,Table,{317, 250}
2014-12-19T17:03:12.865Z,Touch move,lemon,Table,{320, 244}
2014-12-19T17:03:12.882Z,Touch move,lemon,Table,{321, 241}
2014-12-19T17:03:12.898Z,Touch move,lemon,Table,{323, 239}
2014-12-19T17:03:12.915Z,Touch move,lemon,Table,{323, 238}
2014-12-19T17:03:12.965Z,Touch move,lemon,Table,{319, 239}
2014-12-19T17:03:12.982Z,Touch move,lemon,Table,{313, 246}
2014-12-19T17:03:12.998Z,Touch move,lemon,Table,{305, 256}
2014-12-19T17:03:13.015Z,Touch move,lemon,Table,{296, 271}
2014-12-19T17:03:13.031Z,Touch move,lemon,Table,{288, 289}
2014-12-19T17:03:13.048Z,Touch move,lemon,Table,{277, 315}
2014-12-19T17:03:13.064Z,Touch move,lemon,Table,{268, 339}
2014-12-19T17:03:13.081Z,Touch move,lemon,Table,{260, 361}
2014-12-19T17:03:13.097Z,Touch move,lemon,Table,{253, 382}
2014-12-19T17:03:13.114Z,Touch move,lemon,Table,{246, 400}
2014-12-19T17:03:13.131Z,Touch move,lemon,Table,{240, 413}
2014-12-19T17:03:13.147Z,Touch move,lemon,Table,{232, 426}
2014-12-19T17:03:13.164Z,Touch move,lemon,Table,{226, 439}
2014-12-19T17:03:13.181Z,Touch move,lemon,Table,{221, 449}
2014-12-19T17:03:13.197Z,Touch move,lemon,Table,{215, 459}
2014-12-19T17:03:13.214Z,Touch move,lemon,Table,{210, 467}
2014-12-19T17:03:13.230Z,Touch move,lemon,Table,{206, 474}
2014-12-19T17:03:13.247Z,Touch move,lemon,Table,{203, 480}
2014-12-19T17:03:13.263Z,Touch move,lemon,Table,{201, 485}
2014-12-19T17:03:13.280Z,Touch move,lemon,Table,{200, 489}
2014-12-19T17:03:13.297Z,Touch move,lemon,Table,{200, 492}
2014-12-19T17:03:13.314Z,Touch move,lemon,Table,{199, 494}
2014-12-19T17:03:13.330Z,Touch move,lemon,Table,{199, 496}
2014-12-19T17:03:13.347Z,Touch move,lemon,Table,{199, 498}
2014-12-19T17:03:13.363Z,Touch move,lemon,Table,{199, 499}
2014-12-19T17:03:13.380Z,Touch move,lemon,Table,{199, 501}
2014-12-19T17:03:13.396Z,Touch move,lemon,Table,{200, 502}
2014-12-19T17:03:13.413Z,Touch move,lemon,Table,{200, 504}
2014-12-19T17:03:13.430Z,Touch move,lemon,Table,{201, 508}
2014-12-19T17:03:13.445Z,Touch move,lemon,Table,{202, 513}
2014-12-19T17:03:13.464Z,Touch move,lemon,Table,{203, 520}
2014-12-19T17:03:13.479Z,Touch move,lemon,Table,{204, 528}
2014-12-19T17:03:13.496Z,Touch move,lemon,Table,{206, 536}
2014-12-19T17:03:13.512Z,Touch move,lemon,Table,{208, 542}
2014-12-19T17:03:13.529Z,Touch move,lemon,Table,{211, 549}
2014-12-19T17:03:13.545Z,Touch move,lemon,Table,{213, 556}
2014-12-19T17:03:13.562Z,Touch move,lemon,Table,{217, 563}
2014-12-19T17:03:13.579Z,Touch move,lemon,Table,{220, 569}
2014-12-19T17:03:13.595Z,Touch move,lemon,Table,{223, 577}
2014-12-19T17:03:13.612Z,Touch move,lemon,Table,{225, 583}
2014-12-19T17:03:13.629Z,Touch move,lemon,Table,{228, 590}
2014-12-19T17:03:13.644Z,Touch move,lemon,Table,{233, 598}
2014-12-19T17:03:13.662Z,Touch move,lemon,Table,{238, 607}
2014-12-19T17:03:13.679Z,Touch move,lemon,Table,{246, 618}
2014-12-19T17:03:13.695Z,Touch move,lemon,Table,{253, 628}
2014-12-19T17:03:13.711Z,Touch move,lemon,Table,{260, 638}
2014-12-19T17:03:13.728Z,Touch move,lemon,Table,{268, 647}
2014-12-19T17:03:13.744Z,Touch move,lemon,Table,{277, 657}
2014-12-19T17:03:13.761Z,Touch move,lemon,Table,{286, 667}
2014-12-19T17:03:13.778Z,Touch move,lemon,Table,{294, 677}
2014-12-19T17:03:13.794Z,Touch move,lemon,Table,{301, 685}
2014-12-19T17:03:13.811Z,Touch move,lemon,Table,{307, 692}
2014-12-19T17:03:13.828Z,Touch move,lemon,Table,{313, 700}
2014-12-19T17:03:13.844Z,Touch move,lemon,Table,{318, 705}
2014-12-19T17:03:13.861Z,Touch move,lemon,Table,{325, 713}
2014-12-19T17:03:13.877Z,Touch move,lemon,Table,{330, 720}
2014-12-19T17:03:13.894Z,Touch move,lemon,Table,{337, 729}
2014-12-19T17:03:13.912Z,Touch move,lemon,Table,{344, 740}
2014-12-19T17:03:13.927Z,Touch move,lemon,Table,{353, 755}
2014-12-19T17:03:13.944Z,Touch move,lemon,Table,{362, 769}
2014-12-19T17:03:13.960Z,Touch move,lemon,Table,{374, 782}
2014-12-19T17:03:13.978Z,Touch move,lemon,Table,{384, 794}
2014-12-19T17:03:13.994Z,Touch move,lemon,Table,{394, 804}
2014-12-19T17:03:14.011Z,Touch move,lemon,Table,{407, 812}
2014-12-19T17:03:14.027Z,Touch move,lemon,Table,{420, 817}
2014-12-19T17:03:14.044Z,Touch move,lemon,Table,{434, 819}
2014-12-19T17:03:14.062Z,Touch move,lemon,Table,{447, 821}
2014-12-19T17:03:14.078Z,Touch move,lemon,Table,{460, 822}
2014-12-19T17:03:14.094Z,Touch move,lemon,Table,{473, 822}
2014-12-19T17:03:14.109Z,Touch move,lemon,Table,{486, 822}
2014-12-19T17:03:14.128Z,Touch move,lemon,Table,{500, 822}
2014-12-19T17:03:14.144Z,Touch move,lemon,Table,{513, 823}
2014-12-19T17:03:14.161Z,Touch move,lemon,Table,{525, 823}
2014-12-19T17:03:14.177Z,Touch move,lemon,Table,{537, 823}
2014-12-19T17:03:14.194Z,Touch move,lemon,Table,{547, 823}
2014-12-19T17:03:14.211Z,Touch move,lemon,Table,{556, 823}
2014-12-19T17:03:14.228Z,Touch move,lemon,Table,{565, 823}
2014-12-19T17:03:14.244Z,Touch move,lemon,Table,{572, 823}
2014-12-19T17:03:14.261Z,Touch move,lemon,Table,{580, 823}
2014-12-19T17:03:14.279Z,Touch move,lemon,Table,{585, 823}
2014-12-19T17:03:14.294Z,Touch move,lemon,Table,{589, 823}
2014-12-19T17:03:14.311Z,Touch move,lemon,Table,{592, 823}
2014-12-19T17:03:14.327Z,Touch move,lemon,Table,{594, 823}
2014-12-19T17:03:14.343Z,Touch move,lemon,Table,{595, 823}
2014-12-19T17:03:14.362Z,Touch move,lemon,Table,{596, 823}
2014-12-19T17:03:14.444Z,Touch move,lemon,Table,{596, 821}
2014-12-19T17:03:14.460Z,Touch move,lemon,Table,{597, 813}
2014-12-19T17:03:14.478Z,Touch move,lemon,Table,{599, 791}
2014-12-19T17:03:14.493Z,Touch move,lemon,Table,{601, 754}
2014-12-19T17:03:14.511Z,Touch move,lemon,Table,{602, 713}
2014-12-19T17:03:14.527Z,Touch move,lemon,Table,{603, 673}
2014-12-19T17:03:14.544Z,Touch move,lemon,Table,{603, 637}
2014-12-19T17:03:14.561Z,Touch move,lemon,Table,{603, 608}
2014-12-19T17:03:14.578Z,Touch move,lemon,Table,{603, 585}
2014-12-19T17:03:14.595Z,Touch move,lemon,Table,{602, 570}
2014-12-19T17:03:14.611Z,Touch move,lemon,Table,{599, 557}
2014-12-19T17:03:14.628Z,Touch move,lemon,Table,{596, 546}
2014-12-19T17:03:14.642Z,Touch move,lemon,Table,{594, 536}
2014-12-19T17:03:14.662Z,Touch move,lemon,Table,{592, 527}
2014-12-19T17:03:14.678Z,Touch move,lemon,Table,{590, 519}
2014-12-19T17:03:14.694Z,Touch move,lemon,Table,{589, 513}
2014-12-19T17:03:14.711Z,Touch move,lemon,Table,{588, 504}
2014-12-19T17:03:14.728Z,Touch move,lemon,Table,{585, 490}
2014-12-19T17:03:14.745Z,Touch move,lemon,Table,{584, 471}
2014-12-19T17:03:14.761Z,Touch move,lemon,Table,{582, 455}
2014-12-19T17:03:14.778Z,Touch move,lemon,Table,{581, 445}
2014-12-19T17:03:14.795Z,Touch move,lemon,Table,{580, 433}
2014-12-19T17:03:14.812Z,Touch move,lemon,Table,{579, 421}
2014-12-19T17:03:14.829Z,Touch move,lemon,Table,{576, 403}
2014-12-19T17:03:14.844Z,Touch move,lemon,Table,{571, 379}
2014-12-19T17:03:14.861Z,Touch move,lemon,Table,{565, 353}
2014-12-19T17:03:14.877Z,Touch move,lemon,Table,{560, 328}
2014-12-19T17:03:14.895Z,Touch move,lemon,Table,{553, 300}
2014-12-19T17:03:14.911Z,Touch move,lemon,Table,{544, 272}
2014-12-19T17:03:14.927Z,Touch move,lemon,Table,{533, 246}
2014-12-19T17:03:14.944Z,Touch move,lemon,Table,{521, 219}
2014-12-19T17:03:14.960Z,Touch move,lemon,Table,{509, 195}
2014-12-19T17:03:14.975Z,Touch move,lemon,Table,{501, 182}
2014-12-19T17:03:14.994Z,Touch move,lemon,Table,{496, 176}
2014-12-19T17:03:15.007Z,Touch move,lemon,Table,{493, 174}
2014-12-19T17:03:15.026Z,Touch move,lemon,Table,{486, 171}
2014-12-19T17:03:15.040Z,Touch move,lemon,Table,{480, 170}
2014-12-19T17:03:15.057Z,Touch move,lemon,Table,{471, 170}
2014-12-19T17:03:15.077Z,Touch move,lemon,Table,{461, 169}
2014-12-19T17:03:15.090Z,Touch move,lemon,Table,{451, 166}
2014-12-19T17:03:15.111Z,Touch move,lemon,Table,{438, 162}
2014-12-19T17:03:15.123Z,Touch move,lemon,Table,{428, 157}
2014-12-19T17:03:15.139Z,Touch move,lemon,Table,{417, 152}
2014-12-19T17:03:15.156Z,Touch move,lemon,Table,{404, 148}
2014-12-19T17:03:15.173Z,Touch move,lemon,Table,{392, 144}
2014-12-19T17:03:15.189Z,Touch move,lemon,Table,{380, 140}
2014-12-19T17:03:15.206Z,Touch move,lemon,Table,{367, 137}
2014-12-19T17:03:15.223Z,Touch move,lemon,Table,{354, 135}
2014-12-19T17:03:15.239Z,Touch move,lemon,Table,{338, 133}
2014-12-19T17:03:15.258Z,Touch move,lemon,Table,{324, 133}
2014-12-19T17:03:15.272Z,Touch move,lemon,Table,{309, 133}
2014-12-19T17:03:15.289Z,Touch move,lemon,Table,{293, 134}
2014-12-19T17:03:15.306Z,Touch move,lemon,Table,{275, 141}
2014-12-19T17:03:15.322Z,Touch move,lemon,Table,{260, 149}
2014-12-19T17:03:15.341Z,Touch move,lemon,Table,{245, 162}
2014-12-19T17:03:15.355Z,Touch move,lemon,Table,{230, 176}
2014-12-19T17:03:15.372Z,Touch move,lemon,Table,{217, 193}
2014-12-19T17:03:15.389Z,Touch move,lemon,Table,{206, 213}
2014-12-19T17:03:15.407Z,Touch move,lemon,Table,{196, 234}
2014-12-19T17:03:15.422Z,Touch move,lemon,Table,{190, 255}
2014-12-19T17:03:15.438Z,Touch move,lemon,Table,{186, 274}
2014-12-19T17:03:15.455Z,Touch move,lemon,Table,{182, 294}
2014-12-19T17:03:15.472Z,Touch move,lemon,Table,{180, 317}
2014-12-19T17:03:15.491Z,Touch move,lemon,Table,{179, 339}
2014-12-19T17:03:15.505Z,Touch move,lemon,Table,{178, 360}
2014-12-19T17:03:15.522Z,Touch move,lemon,Table,{177, 377}
2014-12-19T17:03:15.538Z,Touch move,lemon,Table,{176, 395}
2014-12-19T17:03:15.555Z,Touch move,lemon,Table,{175, 412}
2014-12-19T17:03:15.571Z,Touch move,lemon,Table,{174, 431}
2014-12-19T17:03:15.588Z,Touch move,lemon,Table,{173, 450}
2014-12-19T17:03:15.604Z,Touch move,lemon,Table,{172, 462}
2014-12-19T17:03:15.621Z,Touch move,lemon,Table,{172, 469}
2014-12-19T17:03:15.638Z,Touch move,lemon,Table,{171, 473}
2014-12-19T17:03:15.654Z,Touch move,lemon,Table,{171, 475}
2014-12-19T17:03:15.671Z,Touch move,lemon,Table,{171, 476}
2014-12-19T17:03:15.887Z,Touch move,lemon,Table,{171, 475}
2014-12-19T17:03:16.003Z,Touch move,lemon,Table,{170, 475}
2014-12-19T17:03:16.019Z,Touch end,lemon,Table,{168, 474}
2014-12-19T17:03:16.989Z,Touch start,lemon,Table,{207, 419}
2014-12-19T17:03:17.053Z,Touch move,lemon,Table,{207, 422}
2014-12-19T17:03:17.070Z,Touch move,lemon,Table,{206, 422}
2014-12-19T17:03:17.136Z,Touch move,lemon,Table,{207, 422}
2014-12-19T17:03:17.153Z,Touch move,lemon,Table,{208, 422}
2014-12-19T17:03:17.186Z,Touch move,lemon,Table,{208, 423}
2014-12-19T17:03:17.219Z,Touch move,lemon,Table,{207, 424}
2014-12-19T17:03:17.236Z,Touch end,lemon,Table,{205, 425}
2014-12-19T17:03:17.587Z,Touch start,lemon,Table,{216, 450}
2014-12-19T17:03:17.601Z,Touch move,lemon,Table,{222, 455}
2014-12-19T17:03:17.618Z,Touch move,lemon,Table,{223, 455}
2014-12-19T17:03:17.635Z,Touch move,lemon,Table,{223, 456}
2014-12-19T17:03:17.651Z,Touch move,lemon,Table,{222, 457}
2014-12-19T17:03:17.668Z,Touch move,lemon,Table,{221, 457}
2014-12-19T17:03:17.734Z,Touch move,lemon,Table,{221, 458}
2014-12-19T17:03:17.817Z,Touch end,lemon,Table,{217, 462}
2014-12-19T17:03:18.225Z,Touch start,lemon,Table,{202, 483}
2014-12-19T17:03:18.286Z,Touch move,lemon,Table,{192, 483}
2014-12-19T17:03:18.302Z,Touch move,lemon,Table,{189, 482}
2014-12-19T17:03:18.319Z,Touch move,lemon,Table,{187, 481}
2014-12-19T17:03:18.336Z,Touch move,lemon,Table,{186, 480}
2014-12-19T17:03:18.352Z,Touch move,lemon,Table,{185, 477}
2014-12-19T17:03:18.419Z,Touch move,lemon,Table,{186, 477}
2014-12-19T17:03:18.436Z,Touch end,lemon,Table,{181, 483}
2014-12-19T17:03:18.803Z,Touch start,lemon,Table,{196, 458}
2014-12-19T17:03:18.867Z,Touch move,lemon,Table,{194, 461}
2014-12-19T17:03:19.017Z,Touch move,lemon,Table,{193, 461}
2014-12-19T17:03:19.033Z,Touch end,lemon,Table,{191, 459}
2014-12-19T17:03:19.601Z,Touch start,lemon,Table,{185, 461}
2014-12-19T17:03:19.614Z,Touch move,lemon,Table,{198, 466}
2014-12-19T17:03:19.630Z,Touch move,lemon,Table,{200, 466}
2014-12-19T17:03:19.647Z,Touch move,lemon,Table,{201, 466}
2014-12-19T17:03:19.697Z,Touch move,lemon,Table,{201, 467}
2014-12-19T17:03:19.714Z,Touch move,lemon,Table,{201, 468}
2014-12-19T17:03:20.261Z,Touch move,lemon,Table,{201, 467}
2014-12-19T17:03:20.277Z,Touch end,lemon,Table,{199, 465}
2014-12-19T17:03:21.497Z,Touch start,lemon,Table,{195, 450}
2014-12-19T17:03:21.511Z,Touch move,lemon,Table,{202, 453}
2014-12-19T17:03:22.144Z,Touch move,lemon,Table,{203, 453}
2014-12-19T17:03:22.194Z,Touch move,lemon,Table,{204, 453}
2014-12-19T17:03:22.295Z,Touch move,lemon,Table,{205, 453}
2014-12-19T17:03:22.328Z,Touch move,lemon,Table,{206, 454}
2014-12-19T17:03:22.343Z,Touch move,lemon,Table,{210, 456}
2014-12-19T17:03:22.361Z,Touch move,lemon,Table,{215, 460}
2014-12-19T17:03:22.378Z,Touch move,lemon,Table,{223, 464}
2014-12-19T17:03:22.395Z,Touch move,lemon,Table,{232, 469}
2014-12-19T17:03:22.411Z,Touch move,lemon,Table,{242, 473}
2014-12-19T17:03:22.428Z,Touch move,lemon,Table,{251, 477}
2014-12-19T17:03:22.444Z,Touch move,lemon,Table,{259, 483}
2014-12-19T17:03:22.461Z,Touch move,lemon,Table,{268, 487}
2014-12-19T17:03:22.478Z,Touch move,lemon,Table,{275, 492}
2014-12-19T17:03:22.493Z,Touch move,lemon,Table,{283, 495}
2014-12-19T17:03:22.511Z,Touch move,lemon,Table,{289, 498}
2014-12-19T17:03:22.527Z,Touch move,lemon,Table,{295, 500}
2014-12-19T17:03:22.544Z,Touch move,lemon,Table,{300, 502}
2014-12-19T17:03:22.561Z,Touch move,lemon,Table,{304, 503}
2014-12-19T17:03:22.578Z,Touch move,lemon,Table,{308, 504}
2014-12-19T17:03:22.594Z,Touch move,lemon,Table,{311, 505}
2014-12-19T17:03:22.611Z,Touch move,lemon,Table,{314, 506}
2014-12-19T17:03:22.627Z,Touch move,lemon,Table,{316, 507}
2014-12-19T17:03:22.642Z,Touch move,lemon,Table,{317, 508}
2014-12-19T17:03:22.661Z,Touch move,lemon,Table,{318, 508}
2014-12-19T17:03:22.673Z,Touch move,lemon,Table,{319, 508}
2014-12-19T17:03:22.690Z,Touch move,lemon,Table,{320, 508}
2014-12-19T17:03:22.724Z,Touch move,lemon,Table,{321, 508}
2014-12-19T17:03:22.972Z,Touch end,lemon,Table,{321, 509}
2014-12-19T17:03:22.975Z,Food swallowed,2.00 like score for lemon,Table,
2014-12-19T17:03:27.083Z,Food disliked,2.00 like score for lemon,Table,
2014-12-19T17:03:30.078Z,Touch start,monsterfood,Table,{296, 153}
2014-12-19T17:03:30.529Z,Touch start,monster,Table,{222, 533}
2014-12-19T17:03:30.530Z,Touch move,monster,Table,{222, 533}
2014-12-19T17:03:30.536Z,Touch move,monster,Table,{225, 548}
2014-12-19T17:03:30.540Z,Touch move,monster,Table,{227, 562}
2014-12-19T17:03:30.557Z,Touch move,monster,Table,{229, 569}
2014-12-19T17:03:30.574Z,Touch move,monster,Table,{230, 573}
2014-12-19T17:03:30.590Z,Touch move,monster,Table,{231, 575}
2014-12-19T17:03:30.607Z,Touch move,monster,Table,{231, 576}
2014-12-19T17:03:30.623Z,Touch move,monster,Table,{231, 576}
2014-12-19T17:03:30.640Z,Touch move,monster,Table,{231, 576}
2014-12-19T17:03:30.657Z,Touch move,monster,Table,{231, 576}
2014-12-19T17:03:30.673Z,Touch move,monster,Table,{231, 576}
2014-12-19T17:03:30.690Z,Touch move,monster,Table,{231, 576}
2014-12-19T17:03:30.707Z,Touch move,monster,Table,{231, 576}
2014-12-19T17:03:30.725Z,Touch move,monster,Table,{231, 575}
2014-12-19T17:03:30.740Z,Touch move,monster,Table,{231, 575}
2014-12-19T17:03:30.757Z,Touch move,monster,Table,{231, 575}
2014-12-19T17:03:30.773Z,Touch move,monster,Table,{231, 575}
2014-12-19T17:03:30.790Z,Touch move,monster,Table,{231, 575}
2014-12-19T17:03:30.808Z,Touch move,monster,Table,{231, 575}
2014-12-19T17:03:30.823Z,Touch move,monster,Table,{231, 574}
2014-12-19T17:03:30.841Z,Touch move,monster,Table,{231, 574}
2014-12-19T17:03:30.857Z,Touch move,monster,Table,{231, 573}
2014-12-19T17:03:30.874Z,Touch move,monster,Table,{231, 572}
2014-12-19T17:03:30.890Z,Touch move,monster,Table,{229, 565}
2014-12-19T17:03:30.907Z,Touch move,monster,Table,{227, 556}
2014-12-19T17:03:30.924Z,Touch move,monster,Table,{224, 547}
2014-12-19T17:03:30.940Z,Touch move,monster,Table,{219, 539}
2014-12-19T17:03:30.946Z,Touch end,monsterfood,Table,{525, 238}
2014-12-19T17:03:30.947Z,Touch end,monster,Table,{217, 537}
2014-12-19T17:03:33.437Z,Touch start,static,Table,{349, 467}
2014-12-19T17:03:33.561Z,Touch end,static,Table,{348, 473}
2014-12-19T17:03:34.130Z,Touch start,static,Table,{305, 540}
2014-12-19T17:03:34.130Z,Touch start,monster,Table,{305, 540}
2014-12-19T17:03:34.131Z,Touch move,monster,Table,{305, 540}
2014-12-19T17:03:34.145Z,Touch move,monster,Table,{324, 537}
2014-12-19T17:03:34.145Z,Touch move,static,Table,{324, 537}
2014-12-19T17:03:34.162Z,Touch move,monster,Table,{325, 537}
2014-12-19T17:03:34.162Z,Touch move,static,Table,{325, 537}
2014-12-19T17:03:34.211Z,Touch move,monster,Table,{320, 537}
2014-12-19T17:03:34.212Z,Touch move,static,Table,{320, 537}
2014-12-19T17:03:34.226Z,Touch move,monster,Table,{315, 537}
2014-12-19T17:03:34.227Z,Touch move,static,Table,{315, 537}
2014-12-19T17:03:34.244Z,Touch end,monster,Table,{313, 539}
2014-12-19T17:03:34.246Z,Food swallowed,4.00 like score for monster,Table,
