time,event,object,scene,location
2014-12-05T14:19:56.269Z,App Started,iPad2,5,,
2014-12-05T14:19:56.286Z,Character Selected,monster2,,
2014-12-05T14:20:02.267Z,Touch start,lemon,Table,{296, 409}
2014-12-05T14:20:02.398Z,Touch end,lemon,Table,{296, 409}
2014-12-05T14:20:11.913Z,Scene Change,,Mixing,
2014-12-05T14:20:11.913Z,Touch,Blender Button,Mixing,{861.30005, 643}
2014-12-05T14:20:44.709Z,Scene Change,,Table,
2014-12-05T14:20:45.572Z,Food disliked,2.00 like score for lemon,Table,
2014-12-05T14:21:12.977Z,Touch move,static,Table,{559, 1002}
2014-12-05T14:21:12.992Z,Touch move,static,Table,{560, 1002}
2014-12-05T14:21:13.008Z,Touch move,static,Table,{561, 1002}
2014-12-05T14:21:13.058Z,Touch move,static,Table,{561, 1001}
2014-12-05T14:21:13.075Z,Touch move,static,Table,{561, 1000}
2014-12-05T14:21:13.091Z,Touch move,static,Table,{561, 999}
2014-12-05T14:21:13.108Z,Touch move,static,Table,{561, 997}
2014-12-05T14:21:13.126Z,Touch move,static,Table,{561, 996}
2014-12-05T14:21:13.141Z,Touch move,static,Table,{561, 995}
2014-12-05T14:21:13.157Z,Touch move,static,Table,{560, 995}
2014-12-05T14:21:13.174Z,Touch move,static,Table,{560, 994}
2014-12-05T14:21:13.190Z,Touch move,static,Table,{559, 993}
2014-12-05T14:21:13.207Z,Touch move,static,Table,{558, 990}
2014-12-05T14:21:13.224Z,Touch move,static,Table,{557, 985}
2014-12-05T14:21:13.241Z,Touch move,static,Table,{555, 980}
2014-12-05T14:21:13.257Z,Touch move,static,Table,{554, 976}
2014-12-05T14:21:13.275Z,Touch move,static,Table,{554, 975}
2014-12-05T14:21:13.290Z,Touch move,static,Table,{554, 974}
2014-12-05T14:21:13.307Z,Touch move,static,Table,{554, 973}
2014-12-05T14:21:13.357Z,Touch move,static,Table,{553, 972}
2014-12-05T14:21:13.373Z,Touch move,static,Table,{552, 971}
2014-12-05T14:21:13.390Z,Touch move,static,Table,{552, 970}
2014-12-05T14:21:13.407Z,Touch move,static,Table,{551, 970}
2014-12-05T14:21:13.424Z,Touch move,static,Table,{551, 969}
2014-12-05T14:21:13.440Z,Touch move,static,Table,{550, 967}
2014-12-05T14:21:13.456Z,Touch move,static,Table,{549, 964}
2014-12-05T14:21:13.473Z,Touch move,static,Table,{547, 959}
2014-12-05T14:21:13.489Z,Touch move,static,Table,{546, 954}
2014-12-05T14:21:13.505Z,Touch move,static,Table,{544, 949}
2014-12-05T14:21:13.523Z,Touch move,static,Table,{543, 944}
2014-12-05T14:21:13.540Z,Touch move,static,Table,{540, 935}
2014-12-05T14:21:13.556Z,Touch move,static,Table,{536, 925}
2014-12-05T14:21:13.573Z,Touch move,static,Table,{529, 911}
2014-12-05T14:21:13.589Z,Touch move,static,Table,{523, 897}
2014-12-05T14:21:13.605Z,Touch move,static,Table,{517, 881}
2014-12-05T14:21:13.622Z,Touch move,static,Table,{512, 868}
2014-12-05T14:21:13.639Z,Touch move,static,Table,{506, 857}
2014-12-05T14:21:13.655Z,Touch move,static,Table,{500, 846}
2014-12-05T14:21:13.672Z,Touch move,static,Table,{494, 834}
2014-12-05T14:21:13.688Z,Touch move,static,Table,{489, 826}
2014-12-05T14:21:13.705Z,Touch move,static,Table,{485, 818}
2014-12-05T14:21:13.722Z,Touch move,static,Table,{482, 814}
2014-12-05T14:21:13.738Z,Touch move,static,Table,{480, 810}
2014-12-05T14:21:13.755Z,Touch move,static,Table,{478, 807}
2014-12-05T14:21:13.772Z,Touch move,static,Table,{475, 803}
2014-12-05T14:21:13.789Z,Touch move,static,Table,{471, 796}
2014-12-05T14:21:13.804Z,Touch move,static,Table,{466, 789}
2014-12-05T14:21:13.822Z,Touch move,static,Table,{460, 781}
2014-12-05T14:21:13.838Z,Touch move,static,Table,{457, 776}
2014-12-05T14:21:13.855Z,Touch move,static,Table,{455, 772}
2014-12-05T14:21:13.872Z,Touch move,static,Table,{453, 768}
2014-12-05T14:21:13.888Z,Touch move,static,Table,{452, 766}
2014-12-05T14:21:14.055Z,Touch move,static,Table,{452, 767}
2014-12-05T14:21:14.089Z,Touch move,static,Table,{452, 768}
2014-12-05T14:21:14.172Z,Touch move,static,Table,{451, 768}
2014-12-05T14:21:14.188Z,Touch move,static,Table,{449, 767}
2014-12-05T14:21:14.205Z,Touch move,static,Table,{447, 765}
2014-12-05T14:21:14.222Z,Touch move,static,Table,{446, 763}
2014-12-05T14:21:14.239Z,Touch move,static,Table,{445, 761}
2014-12-05T14:21:14.255Z,Touch move,static,Table,{443, 758}
2014-12-05T14:21:14.271Z,Touch move,static,Table,{439, 751}
2014-12-05T14:21:14.288Z,Touch move,static,Table,{433, 744}
2014-12-05T14:21:14.303Z,Touch move,static,Table,{427, 736}
2014-12-05T14:21:14.322Z,Touch move,static,Table,{424, 730}
2014-12-05T14:21:14.338Z,Touch move,static,Table,{420, 723}
2014-12-05T14:21:14.355Z,Touch move,static,Table,{416, 717}
2014-12-05T14:21:14.372Z,Touch move,static,Table,{412, 712}
2014-12-05T14:21:14.388Z,Touch move,static,Table,{407, 704}
2014-12-05T14:21:14.405Z,Touch move,static,Table,{402, 700}
2014-12-05T14:21:14.422Z,Touch move,static,Table,{400, 696}
2014-12-05T14:21:14.439Z,Touch move,static,Table,{398, 694}
2014-12-05T14:21:14.455Z,Touch move,static,Table,{397, 693}
2014-12-05T14:21:14.473Z,Touch move,static,Table,{396, 691}
2014-12-05T14:21:14.489Z,Touch move,static,Table,{393, 687}
2014-12-05T14:21:14.505Z,Touch move,static,Table,{387, 679}
2014-12-05T14:21:14.521Z,Touch move,static,Table,{381, 670}
2014-12-05T14:21:14.538Z,Touch move,static,Table,{375, 660}
2014-12-05T14:21:14.555Z,Touch move,static,Table,{371, 654}
2014-12-05T14:21:14.572Z,Touch move,static,Table,{367, 649}
2014-12-05T14:21:14.589Z,Touch move,static,Table,{361, 644}
2014-12-05T14:21:16.300Z,Scene Change,,Mixing,
2014-12-05T14:21:16.301Z,Touch,Blender Button,Mixing,{861.30005, 643}
2014-12-05T14:21:38.845Z,Touch start,Button,Mixing,{142, 456}
2014-12-05T14:21:38.846Z,Blending start,lemon blended,Mixing,
2014-12-05T14:21:38.949Z,Touch end,Button,Mixing,{434, 140}
2014-12-05T14:21:38.949Z,Blending end,lemon blended,Mixing,
2014-12-05T14:21:50.477Z,Scene Change,,Table,
2014-12-05T14:22:31.889Z,Touch move,static,Table,{360, 1017}
2014-12-05T14:22:31.905Z,Touch move,static,Table,{359, 1017}
2014-12-05T14:22:31.921Z,Touch move,static,Table,{358, 1016}
2014-12-05T14:22:31.938Z,Touch move,static,Table,{357, 1016}
2014-12-05T14:22:31.956Z,Touch move,static,Table,{356, 1015}
2014-12-05T14:22:31.972Z,Touch move,static,Table,{354, 1014}
2014-12-05T14:22:31.988Z,Touch move,static,Table,{350, 1013}
2014-12-05T14:22:32.005Z,Touch move,static,Table,{346, 1010}
2014-12-05T14:22:32.020Z,Touch move,static,Table,{343, 1007}
2014-12-05T14:22:32.039Z,Touch move,static,Table,{340, 1005}
2014-12-05T14:22:32.055Z,Touch move,static,Table,{338, 1004}
2014-12-05T14:22:32.071Z,Touch move,static,Table,{337, 1002}
2014-12-05T14:22:32.088Z,Touch move,static,Table,{335, 1000}
2014-12-05T14:22:32.105Z,Touch move,static,Table,{332, 997}
2014-12-05T14:22:32.122Z,Touch move,static,Table,{328, 991}
2014-12-05T14:22:32.138Z,Touch move,static,Table,{324, 984}
2014-12-05T14:22:32.155Z,Touch move,static,Table,{321, 977}
2014-12-05T14:22:32.170Z,Touch move,static,Table,{318, 973}
2014-12-05T14:22:32.189Z,Touch move,static,Table,{316, 970}
2014-12-05T14:22:32.205Z,Touch move,static,Table,{315, 969}
2014-12-05T14:22:32.221Z,Touch move,static,Table,{314, 968}
2014-12-05T14:22:32.288Z,Touch move,static,Table,{313, 967}
2014-12-05T14:22:32.305Z,Touch move,static,Table,{312, 964}
2014-12-05T14:22:32.321Z,Touch move,static,Table,{310, 960}
2014-12-05T14:22:32.339Z,Touch move,static,Table,{307, 953}
2014-12-05T14:22:32.356Z,Touch move,static,Table,{304, 944}
2014-12-05T14:22:32.372Z,Touch move,static,Table,{301, 935}
2014-12-05T14:22:32.388Z,Touch move,static,Table,{298, 926}
2014-12-05T14:22:32.404Z,Touch move,static,Table,{295, 917}
2014-12-05T14:22:32.422Z,Touch move,static,Table,{293, 911}
2014-12-05T14:22:32.439Z,Touch move,static,Table,{291, 904}
2014-12-05T14:22:32.455Z,Touch move,static,Table,{289, 898}
2014-12-05T14:22:32.472Z,Touch move,static,Table,{288, 892}
2014-12-05T14:22:32.489Z,Touch move,static,Table,{286, 884}
2014-12-05T14:22:32.506Z,Touch move,static,Table,{283, 876}
2014-12-05T14:22:32.522Z,Touch move,static,Table,{280, 867}
2014-12-05T14:22:32.538Z,Touch move,static,Table,{275, 855}
2014-12-05T14:22:32.554Z,Touch move,static,Table,{270, 842}
2014-12-05T14:22:32.572Z,Touch move,static,Table,{267, 832}
2014-12-05T14:22:32.588Z,Touch move,static,Table,{264, 821}
2014-12-05T14:22:32.606Z,Touch move,static,Table,{261, 814}
2014-12-05T14:22:32.622Z,Touch move,static,Table,{259, 807}
2014-12-05T14:22:32.639Z,Touch move,static,Table,{256, 800}
2014-12-05T14:22:32.657Z,Touch move,static,Table,{253, 794}
2014-12-05T14:22:32.672Z,Touch move,static,Table,{252, 791}
2014-12-05T14:22:32.688Z,Touch move,static,Table,{251, 789}
2014-12-05T14:22:32.703Z,Touch move,static,Table,{250, 789}
2014-12-05T14:22:32.722Z,Touch move,static,Table,{250, 788}
2014-12-05T14:22:32.738Z,Touch move,static,Table,{248, 785}
2014-12-05T14:22:32.755Z,Touch move,static,Table,{244, 780}
2014-12-05T14:22:32.771Z,Touch move,static,Table,{238, 772}
2014-12-05T14:22:32.788Z,Touch move,static,Table,{233, 763}
2014-12-05T14:22:32.805Z,Touch move,static,Table,{229, 754}
2014-12-05T14:22:32.822Z,Touch move,static,Table,{227, 746}
2014-12-05T14:22:32.838Z,Touch move,static,Table,{224, 739}
2014-12-05T14:22:32.853Z,Touch move,static,Table,{221, 733}
2014-12-05T14:22:32.872Z,Touch move,static,Table,{218, 727}
2014-12-05T14:22:32.884Z,Touch move,static,Table,{214, 720}
2014-12-05T14:22:32.901Z,Touch move,static,Table,{211, 714}
2014-12-05T14:22:32.921Z,Touch move,static,Table,{209, 711}
2014-12-05T14:22:32.937Z,Touch move,static,Table,{208, 710}
2014-12-05T14:22:32.950Z,Touch move,static,Table,{208, 709}
2014-12-05T14:22:33.217Z,Touch move,static,Table,{207, 709}
2014-12-05T14:22:33.233Z,Touch move,static,Table,{207, 705}
2014-12-05T14:22:33.249Z,Touch move,static,Table,{206, 701}
2014-12-05T14:22:33.266Z,Touch move,static,Table,{205, 697}
2014-12-05T14:22:33.282Z,Touch move,static,Table,{204, 695}
2014-12-05T14:22:33.298Z,Touch move,static,Table,{204, 694}
2014-12-05T14:22:33.316Z,Touch move,static,Table,{204, 693}
2014-12-05T14:22:33.399Z,Touch move,static,Table,{204, 692}
2014-12-05T14:22:33.415Z,Touch move,static,Table,{204, 691}
2014-12-05T14:22:33.432Z,Touch move,static,Table,{204, 690}
2014-12-05T14:22:33.481Z,Touch move,static,Table,{203, 688}
2014-12-05T14:22:33.498Z,Touch move,static,Table,{201, 685}
2014-12-05T14:22:33.515Z,Touch move,static,Table,{199, 680}
2014-12-05T14:22:33.531Z,Touch move,static,Table,{195, 675}
2014-12-05T14:22:33.548Z,Touch move,static,Table,{193, 670}
2014-12-05T14:22:33.565Z,Touch move,static,Table,{191, 665}
2014-12-05T14:22:33.581Z,Touch move,static,Table,{190, 660}
2014-12-05T14:22:33.597Z,Touch move,static,Table,{189, 659}
2014-12-05T14:22:33.616Z,Touch move,static,Table,{189, 658}
2014-12-05T14:22:33.714Z,Touch move,static,Table,{187, 655}
2014-12-05T14:22:33.730Z,Touch move,static,Table,{184, 649}
2014-12-05T14:22:33.747Z,Touch move,static,Table,{179, 643}
2014-12-05T14:22:33.764Z,Touch move,static,Table,{176, 638}
2014-12-05T14:22:33.780Z,Touch move,static,Table,{175, 634}
2014-12-05T14:22:33.797Z,Touch move,static,Table,{173, 632}
2014-12-05T14:22:33.814Z,Touch move,static,Table,{172, 632}
2014-12-05T14:22:33.830Z,Touch move,static,Table,{172, 631}
2014-12-05T14:22:33.946Z,Touch move,static,Table,{173, 631}
2014-12-05T14:22:34.013Z,Touch move,static,Table,{173, 632}
2014-12-05T14:22:34.045Z,Touch move,static,Table,{173, 633}
2014-12-05T14:22:34.100Z,Touch move,static,Table,{173, 634}
2014-12-05T14:22:34.183Z,Touch move,static,Table,{172, 634}
2014-12-05T14:22:34.216Z,Touch move,static,Table,{172, 635}
2014-12-05T14:22:34.249Z,Touch move,static,Table,{172, 636}
2014-12-05T14:22:34.266Z,Touch move,static,Table,{172, 637}
2014-12-05T14:22:34.299Z,Touch move,static,Table,{172, 638}
2014-12-05T14:22:34.316Z,Touch move,static,Table,{172, 639}
2014-12-05T14:22:34.332Z,Touch move,static,Table,{172, 640}
2014-12-05T14:22:34.365Z,Touch move,static,Table,{172, 641}
2014-12-05T14:22:34.382Z,Touch move,static,Table,{172, 644}
2014-12-05T14:22:34.399Z,Touch move,static,Table,{172, 648}
2014-12-05T14:22:34.415Z,Touch move,static,Table,{172, 656}
2014-12-05T14:22:34.432Z,Touch move,static,Table,{173, 667}
2014-12-05T14:22:34.449Z,Touch move,static,Table,{176, 678}
2014-12-05T14:22:34.465Z,Touch move,static,Table,{179, 689}
2014-12-05T14:22:34.482Z,Touch move,static,Table,{180, 697}
2014-12-05T14:22:34.499Z,Touch move,static,Table,{182, 706}
2014-12-05T14:22:34.515Z,Touch move,static,Table,{183, 713}
2014-12-05T14:22:34.532Z,Touch move,static,Table,{184, 719}
2014-12-05T14:22:34.548Z,Touch move,static,Table,{184, 723}
2014-12-05T14:22:34.565Z,Touch move,static,Table,{184, 725}
2014-12-05T14:22:34.581Z,Touch move,static,Table,{184, 726}
2014-12-05T14:22:34.598Z,Touch move,static,Table,{184, 727}
2014-12-05T14:22:34.648Z,Touch move,static,Table,{184, 728}
2014-12-05T14:22:34.664Z,Touch move,static,Table,{184, 729}
2014-12-05T14:22:34.683Z,Touch move,static,Table,{184, 732}
2014-12-05T14:22:34.698Z,Touch move,static,Table,{185, 737}
2014-12-05T14:22:34.714Z,Touch move,static,Table,{186, 742}
2014-12-05T14:22:34.731Z,Touch move,static,Table,{187, 747}
2014-12-05T14:22:34.748Z,Touch move,static,Table,{187, 752}
2014-12-05T14:22:34.764Z,Touch move,static,Table,{187, 759}
2014-12-05T14:22:34.780Z,Touch move,static,Table,{187, 763}
2014-12-05T14:22:34.797Z,Touch move,static,Table,{187, 766}
2014-12-05T14:22:34.813Z,Touch move,static,Table,{187, 768}
2014-12-05T14:22:34.831Z,Touch move,static,Table,{187, 769}
2014-12-05T14:22:34.847Z,Touch move,static,Table,{187, 770}
2014-12-05T14:22:34.864Z,Touch move,static,Table,{187, 771}
2014-12-05T14:22:34.996Z,Touch move,static,Table,{187, 772}
2014-12-05T14:22:35.013Z,Touch move,static,Table,{187, 774}
2014-12-05T14:22:35.030Z,Touch move,static,Table,{187, 776}
2014-12-05T14:22:35.047Z,Touch move,static,Table,{187, 778}
2014-12-05T14:22:35.063Z,Touch move,static,Table,{187, 781}
2014-12-05T14:22:35.079Z,Touch move,static,Table,{187, 783}
2014-12-05T14:22:35.096Z,Touch move,static,Table,{187, 784}
2014-12-05T14:22:35.113Z,Touch move,static,Table,{187, 785}
2014-12-05T14:22:35.312Z,Touch move,static,Table,{186, 785}
2014-12-05T14:22:35.344Z,Touch move,static,Table,{185, 784}
2014-12-05T14:22:35.362Z,Touch move,static,Table,{185, 783}
2014-12-05T14:22:35.395Z,Touch move,static,Table,{184, 781}
2014-12-05T14:22:35.412Z,Touch move,static,Table,{184, 780}
2014-12-05T14:22:35.429Z,Touch move,static,Table,{184, 778}
2014-12-05T14:22:35.445Z,Touch move,static,Table,{184, 776}
2014-12-05T14:22:35.462Z,Touch move,static,Table,{184, 773}
2014-12-05T14:22:35.478Z,Touch move,static,Table,{182, 767}
2014-12-05T14:22:35.495Z,Touch move,static,Table,{182, 764}
2014-12-05T14:22:35.511Z,Touch move,static,Table,{180, 757}
2014-12-05T14:22:35.528Z,Touch move,static,Table,{177, 750}
2014-12-05T14:22:35.544Z,Touch move,static,Table,{176, 747}
2014-12-05T14:22:35.561Z,Touch move,static,Table,{174, 740}
2014-12-05T14:22:35.578Z,Touch move,static,Table,{173, 738}
2014-12-05T14:22:35.594Z,Touch move,static,Table,{173, 736}
2014-12-05T14:22:35.611Z,Touch move,static,Table,{173, 735}
2014-12-05T14:22:35.627Z,Touch move,static,Table,{173, 734}
2014-12-05T14:22:35.644Z,Touch move,static,Table,{172, 733}
2014-12-05T14:22:35.661Z,Touch move,static,Table,{172, 729}
2014-12-05T14:22:35.677Z,Touch move,static,Table,{171, 728}
2014-12-05T14:22:35.694Z,Touch move,static,Table,{170, 724}
2014-12-05T14:22:35.711Z,Touch move,static,Table,{169, 722}
2014-12-05T14:22:35.728Z,Touch move,static,Table,{169, 720}
2014-12-05T14:22:35.743Z,Touch move,static,Table,{168, 719}
2014-12-05T14:22:35.843Z,Touch move,static,Table,{168, 720}
2014-12-05T14:22:35.860Z,Touch move,static,Table,{168, 721}
2014-12-05T14:22:35.926Z,Touch move,static,Table,{168, 719}
2014-12-05T14:22:35.943Z,Touch move,static,Table,{166, 713}
2014-12-05T14:22:35.960Z,Touch move,static,Table,{164, 707}
2014-12-05T14:22:35.976Z,Touch move,static,Table,{163, 700}
2014-12-05T14:22:35.993Z,Touch move,static,Table,{162, 695}
2014-12-05T14:22:36.009Z,Touch move,static,Table,{161, 690}
2014-12-05T14:22:36.027Z,Touch move,static,Table,{160, 686}
2014-12-05T14:22:36.042Z,Touch move,static,Table,{159, 682}
2014-12-05T14:22:36.059Z,Touch move,static,Table,{158, 679}
2014-12-05T14:22:36.076Z,Touch move,static,Table,{155, 677}
2014-12-05T14:22:36.092Z,Touch move,static,Table,{152, 675}
2014-12-05T14:22:36.109Z,Touch move,static,Table,{150, 672}
2014-12-05T14:22:36.125Z,Touch move,static,Table,{147, 668}
2014-12-05T14:22:36.142Z,Touch move,static,Table,{145, 663}
2014-12-05T14:22:36.159Z,Touch move,static,Table,{143, 658}
2014-12-05T14:22:36.176Z,Touch move,static,Table,{141, 653}
2014-12-05T14:22:36.192Z,Touch move,static,Table,{140, 650}
2014-12-05T14:22:36.209Z,Touch move,static,Table,{140, 647}
2014-12-05T14:22:36.225Z,Touch move,static,Table,{140, 646}
2014-12-05T14:22:36.242Z,Touch move,static,Table,{140, 645}
2014-12-05T14:22:36.258Z,Touch move,static,Table,{140, 644}
2014-12-05T14:22:36.275Z,Touch move,static,Table,{140, 643}
2014-12-05T14:22:36.291Z,Touch move,static,Table,{140, 641}
2014-12-05T14:22:36.308Z,Touch move,static,Table,{139, 639}
2014-12-05T14:22:36.325Z,Touch move,static,Table,{139, 637}
2014-12-05T14:22:38.538Z,Scene Change,,Cutting,
2014-12-05T14:22:38.539Z,Touch,Knife Button,Cutting,{673.30005, 636.5}
2014-12-05T14:22:51.433Z,Scene Change,,Table,
