time,event,object,scene,location
2014-07-01T17:53:25.040Z,App Started,iPad2,5,,
2014-07-01T17:53:25.063Z,Character Selected,monster2,,
2014-07-01T17:53:30.561Z,Touch start,tomato,Table,{296, 548}
2014-07-01T17:53:30.605Z,Touch end,tomato,Table,{296, 548}
2014-07-01T17:53:32.255Z,Touch move,static,Table,{265, 993}
2014-07-01T17:53:32.272Z,Touch move,static,Table,{264, 981}
2014-07-01T17:53:32.288Z,Touch move,static,Table,{259, 959}
2014-07-01T17:53:32.305Z,Touch move,static,Table,{249, 925}
2014-07-01T17:53:32.322Z,Touch move,static,Table,{228, 881}
2014-07-01T17:53:32.334Z,Touch move,static,Table,{199, 829}
2014-07-01T17:53:33.650Z,Scene Change,,Boiling,
2014-07-01T17:53:33.651Z,Touch,Saucepot Button,Boiling,{703.30005, 362.5}
2014-07-01T17:53:34.378Z,Boiling start,tomato,Boiling,
2014-07-01T17:53:39.473Z,Boiling end,tomato boiled 59.61% hot,Boiling,
2014-07-01T17:53:39.477Z,Scene Change,,Table,
2014-07-01T17:53:41.394Z,Touch start,tomato,Table,{206, 550}
2014-07-01T17:53:41.456Z,Touch move,tomato,Table,{209, 548}
2014-07-01T17:53:41.472Z,Touch move,tomato,Table,{212, 549}
2014-07-01T17:53:41.490Z,Touch move,tomato,Table,{217, 552}
2014-07-01T17:53:41.505Z,Touch move,tomato,Table,{223, 557}
2014-07-01T17:53:41.522Z,Touch move,tomato,Table,{229, 563}
2014-07-01T17:53:41.540Z,Touch move,tomato,Table,{237, 570}
2014-07-01T17:53:41.555Z,Touch move,tomato,Table,{247, 579}
2014-07-01T17:53:41.572Z,Touch move,tomato,Table,{256, 586}
2014-07-01T17:53:41.590Z,Touch move,tomato,Table,{263, 595}
2014-07-01T17:53:41.606Z,Touch move,tomato,Table,{271, 603}
2014-07-01T17:53:41.622Z,Touch move,tomato,Table,{279, 612}
2014-07-01T17:53:41.639Z,Touch move,tomato,Table,{287, 622}
2014-07-01T17:53:41.655Z,Touch move,tomato,Table,{294, 632}
2014-07-01T17:53:41.672Z,Touch move,tomato,Table,{300, 643}
2014-07-01T17:53:41.689Z,Touch move,tomato,Table,{307, 654}
2014-07-01T17:53:41.705Z,Touch move,tomato,Table,{314, 667}
2014-07-01T17:53:41.722Z,Touch move,tomato,Table,{320, 679}
2014-07-01T17:53:41.739Z,Touch move,tomato,Table,{327, 690}
2014-07-01T17:53:41.756Z,Touch move,tomato,Table,{332, 701}
2014-07-01T17:53:41.772Z,Touch move,tomato,Table,{337, 713}
2014-07-01T17:53:41.788Z,Touch move,tomato,Table,{342, 722}
2014-07-01T17:53:41.805Z,Touch move,tomato,Table,{346, 732}
2014-07-01T17:53:41.821Z,Touch move,tomato,Table,{350, 742}
2014-07-01T17:53:41.839Z,Touch move,tomato,Table,{354, 751}
2014-07-01T17:53:41.855Z,Touch move,tomato,Table,{358, 762}
2014-07-01T17:53:41.872Z,Touch move,tomato,Table,{361, 773}
2014-07-01T17:53:41.888Z,Touch move,tomato,Table,{366, 785}
2014-07-01T17:53:41.906Z,Touch move,tomato,Table,{369, 795}
2014-07-01T17:53:41.922Z,Touch move,tomato,Table,{373, 807}
2014-07-01T17:53:41.939Z,Touch move,tomato,Table,{376, 818}
2014-07-01T17:53:41.955Z,Touch move,tomato,Table,{379, 829}
2014-07-01T17:53:41.971Z,Touch move,tomato,Table,{382, 839}
2014-07-01T17:53:41.989Z,Touch move,tomato,Table,{384, 850}
2014-07-01T17:53:42.005Z,Touch move,tomato,Table,{386, 859}
2014-07-01T17:53:42.022Z,Touch move,tomato,Table,{387, 867}
2014-07-01T17:53:42.038Z,Touch move,tomato,Table,{389, 876}
2014-07-01T17:53:42.055Z,Touch move,tomato,Table,{390, 885}
2014-07-01T17:53:42.072Z,Touch move,tomato,Table,{392, 893}
2014-07-01T17:53:42.089Z,Touch move,tomato,Table,{393, 899}
2014-07-01T17:53:42.105Z,Touch move,tomato,Table,{394, 906}
2014-07-01T17:53:42.120Z,Touch move,tomato,Table,{395, 911}
2014-07-01T17:53:42.139Z,Touch move,tomato,Table,{395, 917}
2014-07-01T17:53:42.155Z,Touch move,tomato,Table,{396, 922}
2014-07-01T17:53:42.172Z,Touch move,tomato,Table,{396, 926}
2014-07-01T17:53:42.188Z,Touch move,tomato,Table,{397, 930}
2014-07-01T17:53:42.205Z,Touch move,tomato,Table,{397, 934}
2014-07-01T17:53:42.222Z,Touch move,tomato,Table,{397, 939}
2014-07-01T17:53:42.238Z,Touch move,tomato,Table,{397, 943}
2014-07-01T17:53:42.255Z,Touch move,tomato,Table,{397, 947}
2014-07-01T17:53:42.270Z,Touch move,tomato,Table,{397, 950}
2014-07-01T17:53:42.289Z,Touch move,tomato,Table,{398, 952}
2014-07-01T17:53:42.305Z,Touch move,tomato,Table,{398, 955}
2014-07-01T17:53:42.322Z,Touch move,tomato,Table,{398, 957}
2014-07-01T17:53:42.338Z,Touch move,tomato,Table,{398, 958}
2014-07-01T17:53:42.354Z,Touch move,tomato,Table,{398, 960}
2014-07-01T17:53:42.372Z,Touch move,tomato,Table,{398, 961}
2014-07-01T17:53:42.388Z,Touch move,tomato,Table,{398, 962}
2014-07-01T17:53:42.405Z,Touch move,tomato,Table,{398, 963}
2014-07-01T17:53:42.422Z,Touch move,tomato,Table,{398, 964}
2014-07-01T17:53:42.439Z,Touch move,tomato,Table,{398, 965}
2014-07-01T17:53:42.472Z,Touch move,tomato,Table,{398, 966}
2014-07-01T17:53:42.522Z,Touch move,tomato,Table,{399, 967}
2014-07-01T17:53:42.803Z,Touch move,tomato,Table,{400, 967}
2014-07-01T17:53:42.888Z,Touch move,tomato,Table,{400, 966}
2014-07-01T17:53:43.817Z,Touch move,tomato,Table,{400, 967}
2014-07-01T17:53:43.834Z,Touch move,tomato,Table,{399, 967}
2014-07-01T17:53:43.886Z,Touch move,tomato,Table,{398, 967}
2014-07-01T17:53:43.917Z,Touch move,tomato,Table,{397, 968}
2014-07-01T17:53:43.934Z,Touch move,tomato,Table,{396, 968}
2014-07-01T17:53:43.952Z,Touch move,tomato,Table,{396, 969}
2014-07-01T17:53:43.966Z,Touch move,tomato,Table,{395, 969}
2014-07-01T17:53:43.983Z,Touch move,tomato,Table,{394, 969}
2014-07-01T17:53:44.016Z,Touch move,tomato,Table,{393, 970}
2014-07-01T17:53:44.035Z,Touch move,tomato,Table,{392, 970}
2014-07-01T17:53:44.049Z,Touch move,tomato,Table,{391, 971}
2014-07-01T17:53:44.066Z,Touch move,tomato,Table,{390, 971}
2014-07-01T17:53:44.101Z,Touch move,tomato,Table,{389, 972}
2014-07-01T17:53:44.116Z,Touch move,tomato,Table,{388, 972}
2014-07-01T17:53:44.133Z,Touch move,tomato,Table,{387, 972}
2014-07-01T17:53:44.149Z,Touch move,tomato,Table,{387, 973}
2014-07-01T17:53:44.183Z,Touch move,tomato,Table,{386, 973}
2014-07-01T17:53:44.249Z,Touch move,tomato,Table,{385, 973}
2014-07-01T17:53:44.315Z,Touch move,tomato,Table,{385, 975}
2014-07-01T17:53:44.332Z,Touch end,tomato,Table,{385, 977}
2014-07-01T17:53:44.334Z,Scene Change,,Frying,
2014-07-01T17:53:44.334Z,Touch,Frying Pan Button,Frying,{915.30005, 392.5}
2014-07-01T17:53:44.786Z,Frying start,tomato boiled 59.61% hot,Frying,
2014-07-01T17:53:46.152Z,Touch start,tomato,Frying,{404, 508}
2014-07-01T17:53:46.581Z,Touch move,tomato,Frying,{402, 507}
2014-07-01T17:53:46.614Z,Touch move,tomato,Frying,{401, 507}
2014-07-01T17:53:46.630Z,Touch move,tomato,Frying,{399, 507}
2014-07-01T17:53:46.647Z,Touch move,tomato,Frying,{398, 507}
2014-07-01T17:53:46.664Z,Touch move,tomato,Frying,{396, 507}
2014-07-01T17:53:46.680Z,Touch move,tomato,Frying,{395, 507}
2014-07-01T17:53:46.696Z,Touch move,tomato,Frying,{393, 507}
2014-07-01T17:53:46.713Z,Touch end,tomato,Frying,{387, 511}
2014-07-01T17:53:46.988Z,Touch start,tomato,Frying,{366, 590}
2014-07-01T17:53:47.100Z,Touch move,tomato,Frying,{361, 587}
2014-07-01T17:53:47.116Z,Touch move,tomato,Frying,{358, 582}
2014-07-01T17:53:47.133Z,Touch move,tomato,Frying,{354, 574}
2014-07-01T17:53:47.154Z,Touch move,tomato,Frying,{350, 564}
2014-07-01T17:53:47.166Z,Touch move,tomato,Frying,{344, 553}
2014-07-01T17:53:47.183Z,Touch move,tomato,Frying,{339, 545}
2014-07-01T17:53:47.199Z,Touch move,tomato,Frying,{333, 536}
2014-07-01T17:53:47.216Z,Touch move,tomato,Frying,{327, 527}
2014-07-01T17:53:47.233Z,Touch move,tomato,Frying,{321, 519}
2014-07-01T17:53:47.249Z,Touch move,tomato,Frying,{314, 513}
2014-07-01T17:53:47.266Z,Touch move,tomato,Frying,{307, 506}
2014-07-01T17:53:47.283Z,Touch move,tomato,Frying,{300, 500}
2014-07-01T17:53:47.301Z,Touch move,tomato,Frying,{294, 494}
2014-07-01T17:53:47.316Z,Touch move,tomato,Frying,{288, 488}
2014-07-01T17:53:47.332Z,Touch move,tomato,Frying,{283, 481}
2014-07-01T17:53:47.349Z,Touch move,tomato,Frying,{277, 474}
2014-07-01T17:53:47.365Z,Touch move,tomato,Frying,{274, 468}
2014-07-01T17:53:47.386Z,Touch move,tomato,Frying,{271, 461}
2014-07-01T17:53:47.399Z,Touch move,tomato,Frying,{268, 454}
2014-07-01T17:53:47.415Z,Touch move,tomato,Frying,{268, 448}
2014-07-01T17:53:47.432Z,Touch move,tomato,Frying,{268, 442}
2014-07-01T17:53:47.449Z,Touch move,tomato,Frying,{268, 436}
2014-07-01T17:53:47.465Z,Touch move,tomato,Frying,{269, 430}
2014-07-01T17:53:47.482Z,Touch move,tomato,Frying,{273, 426}
2014-07-01T17:53:47.498Z,Touch move,tomato,Frying,{279, 423}
2014-07-01T17:53:47.515Z,Touch move,tomato,Frying,{287, 420}
2014-07-01T17:53:47.534Z,Touch move,tomato,Frying,{297, 419}
2014-07-01T17:53:47.548Z,Touch move,tomato,Frying,{310, 419}
2014-07-01T17:53:47.565Z,Touch move,tomato,Frying,{325, 420}
2014-07-01T17:53:47.582Z,Touch move,tomato,Frying,{342, 427}
2014-07-01T17:53:47.598Z,Touch move,tomato,Frying,{357, 436}
2014-07-01T17:53:47.615Z,Touch move,tomato,Frying,{371, 444}
2014-07-01T17:53:47.632Z,Touch move,tomato,Frying,{382, 452}
2014-07-01T17:53:47.648Z,Touch move,tomato,Frying,{394, 464}
2014-07-01T17:53:47.664Z,Touch move,tomato,Frying,{403, 477}
2014-07-01T17:53:47.682Z,Touch move,tomato,Frying,{413, 493}
2014-07-01T17:53:47.698Z,Touch move,tomato,Frying,{420, 509}
2014-07-01T17:53:47.715Z,Touch move,tomato,Frying,{425, 523}
2014-07-01T17:53:47.731Z,Touch move,tomato,Frying,{429, 538}
2014-07-01T17:53:47.749Z,Touch move,tomato,Frying,{431, 549}
2014-07-01T17:53:47.765Z,Touch move,tomato,Frying,{432, 558}
2014-07-01T17:53:47.781Z,Touch move,tomato,Frying,{433, 567}
2014-07-01T17:53:47.798Z,Touch move,tomato,Frying,{433, 576}
2014-07-01T17:53:47.814Z,Touch move,tomato,Frying,{433, 584}
2014-07-01T17:53:47.831Z,Touch move,tomato,Frying,{431, 591}
2014-07-01T17:53:47.848Z,Touch move,tomato,Frying,{428, 599}
2014-07-01T17:53:47.864Z,Touch move,tomato,Frying,{425, 607}
2014-07-01T17:53:47.881Z,Touch move,tomato,Frying,{421, 615}
2014-07-01T17:53:47.898Z,Touch move,tomato,Frying,{417, 623}
2014-07-01T17:53:47.914Z,Touch move,tomato,Frying,{412, 629}
2014-07-01T17:53:47.931Z,Touch move,tomato,Frying,{405, 635}
2014-07-01T17:53:47.947Z,Touch move,tomato,Frying,{399, 639}
2014-07-01T17:53:47.963Z,Touch move,tomato,Frying,{393, 642}
2014-07-01T17:53:47.981Z,Touch move,tomato,Frying,{387, 644}
2014-07-01T17:53:47.997Z,Touch move,tomato,Frying,{379, 645}
2014-07-01T17:53:48.014Z,Touch move,tomato,Frying,{370, 645}
2014-07-01T17:53:48.031Z,Touch move,tomato,Frying,{361, 645}
2014-07-01T17:53:48.047Z,Touch move,tomato,Frying,{352, 643}
2014-07-01T17:53:48.064Z,Touch move,tomato,Frying,{343, 639}
2014-07-01T17:53:48.081Z,Touch move,tomato,Frying,{332, 633}
2014-07-01T17:53:48.097Z,Touch move,tomato,Frying,{325, 628}
2014-07-01T17:53:48.113Z,Touch move,tomato,Frying,{315, 620}
2014-07-01T17:53:48.132Z,Touch move,tomato,Frying,{307, 611}
2014-07-01T17:53:48.147Z,Touch move,tomato,Frying,{301, 604}
2014-07-01T17:53:48.164Z,Touch move,tomato,Frying,{296, 595}
2014-07-01T17:53:48.180Z,Touch move,tomato,Frying,{292, 586}
2014-07-01T17:53:48.197Z,Touch move,tomato,Frying,{288, 578}
2014-07-01T17:53:48.213Z,Touch move,tomato,Frying,{285, 567}
2014-07-01T17:53:48.230Z,Touch move,tomato,Frying,{280, 557}
2014-07-01T17:53:48.246Z,Touch move,tomato,Frying,{278, 547}
2014-07-01T17:53:48.263Z,Touch move,tomato,Frying,{276, 536}
2014-07-01T17:53:48.280Z,Touch move,tomato,Frying,{275, 526}
2014-07-01T17:53:48.297Z,Touch move,tomato,Frying,{275, 516}
2014-07-01T17:53:48.313Z,Touch move,tomato,Frying,{275, 506}
2014-07-01T17:53:48.330Z,Touch move,tomato,Frying,{275, 497}
2014-07-01T17:53:48.347Z,Touch move,tomato,Frying,{278, 488}
2014-07-01T17:53:48.363Z,Touch move,tomato,Frying,{285, 481}
2014-07-01T17:53:48.380Z,Touch move,tomato,Frying,{292, 474}
2014-07-01T17:53:48.396Z,Touch move,tomato,Frying,{300, 469}
2014-07-01T17:53:48.413Z,Touch move,tomato,Frying,{309, 465}
2014-07-01T17:53:48.430Z,Touch move,tomato,Frying,{315, 464}
2014-07-01T17:53:48.446Z,Touch move,tomato,Frying,{320, 463}
2014-07-01T17:53:48.463Z,Touch move,tomato,Frying,{326, 463}
2014-07-01T17:53:48.480Z,Touch move,tomato,Frying,{334, 465}
2014-07-01T17:53:48.496Z,Touch move,tomato,Frying,{339, 471}
2014-07-01T17:53:48.512Z,Touch end,tomato,Frying,{347, 481}
2014-07-01T17:53:53.262Z,Frying end,tomato boiled 59.61% fried 98.43% burned 0.00% hot,Frying,
2014-07-01T17:53:53.266Z,Scene Change,,Table,
2014-07-01T17:53:54.861Z,Touch start,tomato,Table,{203, 576}
2014-07-01T17:53:54.940Z,Touch move,tomato,Table,{208, 567}
2014-07-01T17:53:54.958Z,Touch move,tomato,Table,{209, 567}
2014-07-01T17:53:54.974Z,Touch move,tomato,Table,{211, 567}
2014-07-01T17:53:54.990Z,Touch move,tomato,Table,{213, 567}
2014-07-01T17:53:55.007Z,Touch move,tomato,Table,{215, 566}
2014-07-01T17:53:55.023Z,Touch move,tomato,Table,{218, 566}
2014-07-01T17:53:55.040Z,Touch move,tomato,Table,{222, 564}
2014-07-01T17:53:55.057Z,Touch move,tomato,Table,{225, 562}
2014-07-01T17:53:55.074Z,Touch move,tomato,Table,{229, 560}
2014-07-01T17:53:55.090Z,Touch move,tomato,Table,{234, 558}
2014-07-01T17:53:55.107Z,Touch move,tomato,Table,{240, 556}
2014-07-01T17:53:55.124Z,Touch move,tomato,Table,{245, 554}
2014-07-01T17:53:55.141Z,Touch move,tomato,Table,{250, 553}
2014-07-01T17:53:55.157Z,Touch move,tomato,Table,{256, 551}
2014-07-01T17:53:55.173Z,Touch move,tomato,Table,{261, 549}
2014-07-01T17:53:55.190Z,Touch move,tomato,Table,{266, 548}
2014-07-01T17:53:55.206Z,Touch move,tomato,Table,{271, 546}
2014-07-01T17:53:55.223Z,Touch move,tomato,Table,{277, 544}
2014-07-01T17:53:55.240Z,Touch move,tomato,Table,{284, 542}
2014-07-01T17:53:55.257Z,Touch move,tomato,Table,{289, 540}
2014-07-01T17:53:55.273Z,Touch move,tomato,Table,{294, 537}
2014-07-01T17:53:55.289Z,Touch move,tomato,Table,{299, 535}
2014-07-01T17:53:55.306Z,Touch move,tomato,Table,{304, 533}
2014-07-01T17:53:55.322Z,Touch move,tomato,Table,{309, 530}
2014-07-01T17:53:55.339Z,Touch move,tomato,Table,{313, 528}
2014-07-01T17:53:55.355Z,Touch move,tomato,Table,{317, 526}
2014-07-01T17:53:55.372Z,Touch move,tomato,Table,{323, 524}
2014-07-01T17:53:55.389Z,Touch move,tomato,Table,{326, 522}
2014-07-01T17:53:55.406Z,Touch move,tomato,Table,{329, 522}
2014-07-01T17:53:55.422Z,Touch move,tomato,Table,{332, 521}
2014-07-01T17:53:55.438Z,Touch move,tomato,Table,{334, 521}
2014-07-01T17:53:55.456Z,Touch move,tomato,Table,{336, 520}
2014-07-01T17:53:55.472Z,Touch move,tomato,Table,{338, 520}
2014-07-01T17:53:55.489Z,Touch move,tomato,Table,{339, 520}
2014-07-01T17:53:55.505Z,Touch move,tomato,Table,{340, 520}
2014-07-01T17:53:55.522Z,Touch move,tomato,Table,{341, 519}
2014-07-01T17:53:55.538Z,Touch move,tomato,Table,{342, 519}
2014-07-01T17:53:55.556Z,Touch move,tomato,Table,{343, 519}
2014-07-01T17:53:55.788Z,Touch move,tomato,Table,{344, 519}
2014-07-01T17:53:55.805Z,Touch end,tomato,Table,{345, 518}
2014-07-01T17:53:55.807Z,Food swallowed,4.00 like score for tomato boiled 59.61% fried 98.43% burned 0.00% hot,Table,
2014-07-01T18:17:23.166Z,App Started,iPad2,5,,
2014-07-01T18:17:23.179Z,Character Selected,monster2,,
2014-07-01T18:17:25.848Z,Touch start,lemon,Table,{296, 409}
2014-07-01T18:17:25.874Z,Touch end,lemon,Table,{296, 409}
2014-07-01T18:17:28.490Z,Scene Change,,Cutting,
2014-07-01T18:17:28.491Z,Touch,Knife Button,Cutting,{673.30005, 636.5}
2014-07-01T18:17:29.640Z,Touch start,static,Cutting,{428, 458}
2014-07-01T18:17:29.651Z,Touch move,static,Cutting,{414, 450}
2014-07-01T18:17:29.667Z,Touch move,static,Cutting,{378, 438}
2014-07-01T18:17:29.684Z,Touch move,static,Cutting,{324, 425}
2014-07-01T18:17:29.701Z,Touch move,static,Cutting,{245, 414}
2014-07-01T18:17:29.717Z,Touch move,static,Cutting,{141, 411}
2014-07-01T18:17:29.734Z,Touch end,static,Cutting,{21, 418}
2014-07-01T18:17:29.781Z,Food cut,2 pieces of lemon,Cutting,{438, 224.5}
2014-07-01T18:17:30.424Z,Touch start,static,Cutting,{266, 193}
2014-07-01T18:17:30.453Z,Touch move,static,Cutting,{267, 198}
2014-07-01T18:17:30.471Z,Touch move,static,Cutting,{267, 209}
2014-07-01T18:17:30.486Z,Touch move,static,Cutting,{267, 228}
2014-07-01T18:17:30.502Z,Touch move,static,Cutting,{266, 256}
2014-07-01T18:17:30.519Z,Touch move,static,Cutting,{267, 298}
2014-07-01T18:17:30.535Z,Touch move,static,Cutting,{273, 346}
2014-07-01T18:17:30.554Z,Touch move,static,Cutting,{282, 407}
2014-07-01T18:17:30.569Z,Touch move,static,Cutting,{289, 477}
2014-07-01T18:17:30.586Z,Touch move,static,Cutting,{288, 555}
2014-07-01T18:17:30.602Z,Touch end,static,Cutting,{286, 557}
2014-07-01T18:17:30.616Z,Food cut,3 pieces of lemon cut,Cutting,{375, 276}
2014-07-01T18:17:31.654Z,Scene Change,,Table,
2014-07-01T18:17:32.550Z,Food disliked,2.00 like score for lemon cut,Table,
2014-07-01T18:54:00.606Z,App Started,iPad2,5,,
2014-07-01T18:54:00.616Z,Character Selected,monster1,,
2014-07-01T18:54:03.661Z,Touch start,mushroom,Table,{118, 540}
2014-07-01T18:54:03.803Z,Touch end,mushroom,Table,{118, 540}
2014-07-01T18:54:09.653Z,Scene Change,,Microwave,
2014-07-01T18:54:09.654Z,Touch,Microwave Button,Microwave,{805.30005, 140}
2014-07-01T18:54:11.767Z,Microwaving start,mushroom microwaved,Microwave,
2014-07-01T18:54:11.794Z,Touch,Off Button,Microwave,{872, 224}
2014-07-01T18:54:12.776Z,Microwaving end,mushroom microwaved hot,Microwave,
2014-07-01T18:54:12.777Z,Touch,On Button ,Microwave,{872, 224}
2014-07-01T18:54:13.434Z,Touch,Off Button,Microwave,{872, 224}
2014-07-01T18:54:14.133Z,Microwaving end,mushroom microwaved hot,Microwave,
2014-07-01T18:54:14.133Z,Touch,On Button ,Microwave,{872, 224}
2014-07-01T18:54:14.784Z,Touch,Off Button,Microwave,{872, 224}
2014-07-01T18:54:15.429Z,Microwaving end,mushroom microwaved hot,Microwave,
2014-07-01T18:54:15.430Z,Touch,On Button ,Microwave,{872, 224}
2014-07-01T18:54:22.056Z,Touch,Off Button,Microwave,{872, 224}
2014-07-01T18:54:26.658Z,Touch start,static,Microwave,{469, 394}
2014-07-01T18:54:26.707Z,Touch move,static,Microwave,{477, 376}
2014-07-01T18:54:26.723Z,Touch move,static,Microwave,{477, 369}
2014-07-01T18:54:26.740Z,Touch move,static,Microwave,{477, 360}
2014-07-01T18:54:26.757Z,Touch move,static,Microwave,{477, 351}
2014-07-01T18:54:26.773Z,Touch move,static,Microwave,{474, 339}
2014-07-01T18:54:26.791Z,Touch move,static,Microwave,{470, 326}
2014-07-01T18:54:26.806Z,Touch move,static,Microwave,{466, 314}
2014-07-01T18:54:26.823Z,Touch move,static,Microwave,{461, 302}
2014-07-01T18:54:26.839Z,Touch move,static,Microwave,{456, 290}
2014-07-01T18:54:26.856Z,Touch move,static,Microwave,{450, 278}
2014-07-01T18:54:26.872Z,Touch move,static,Microwave,{439, 265}
2014-07-01T18:54:26.889Z,Touch move,static,Microwave,{431, 255}
2014-07-01T18:54:26.906Z,Touch move,static,Microwave,{421, 242}
2014-07-01T18:54:26.923Z,Touch move,static,Microwave,{407, 230}
2014-07-01T18:54:26.940Z,Touch move,static,Microwave,{393, 220}
2014-07-01T18:54:26.956Z,Touch move,static,Microwave,{379, 210}
2014-07-01T18:54:26.972Z,Touch move,static,Microwave,{363, 200}
2014-07-01T18:54:26.989Z,Touch move,static,Microwave,{346, 191}
2014-07-01T18:54:27.005Z,Touch move,static,Microwave,{330, 182}
2014-07-01T18:54:27.022Z,Touch move,static,Microwave,{311, 174}
2014-07-01T18:54:27.039Z,Touch move,static,Microwave,{294, 167}
2014-07-01T18:54:27.056Z,Touch move,static,Microwave,{275, 161}
2014-07-01T18:54:27.072Z,Touch move,static,Microwave,{260, 157}
2014-07-01T18:54:27.089Z,Touch move,static,Microwave,{243, 155}
2014-07-01T18:54:27.105Z,Touch move,static,Microwave,{226, 155}
2014-07-01T18:54:27.122Z,Touch move,static,Microwave,{209, 155}
2014-07-01T18:54:27.139Z,Touch move,static,Microwave,{193, 159}
2014-07-01T18:54:27.155Z,Touch move,static,Microwave,{175, 169}
2014-07-01T18:54:27.172Z,Touch move,static,Microwave,{161, 180}
2014-07-01T18:54:27.188Z,Touch move,static,Microwave,{145, 194}
2014-07-01T18:54:27.205Z,Touch move,static,Microwave,{133, 211}
2014-07-01T18:54:27.222Z,Touch move,static,Microwave,{123, 230}
2014-07-01T18:54:27.238Z,Touch move,static,Microwave,{113, 252}
2014-07-01T18:54:27.255Z,Touch move,static,Microwave,{107, 275}
2014-07-01T18:54:27.271Z,Touch move,static,Microwave,{103, 300}
2014-07-01T18:54:27.288Z,Touch move,static,Microwave,{101, 324}
2014-07-01T18:54:27.305Z,Touch move,static,Microwave,{101, 350}
2014-07-01T18:54:27.321Z,Touch move,static,Microwave,{101, 376}
2014-07-01T18:54:27.338Z,Touch move,static,Microwave,{102, 402}
2014-07-01T18:54:27.355Z,Touch move,static,Microwave,{106, 427}
2014-07-01T18:54:27.372Z,Touch move,static,Microwave,{116, 455}
2014-07-01T18:54:27.388Z,Touch move,static,Microwave,{128, 477}
2014-07-01T18:54:27.405Z,Touch move,static,Microwave,{144, 499}
2014-07-01T18:54:27.421Z,Touch move,static,Microwave,{164, 517}
2014-07-01T18:54:27.438Z,Touch move,static,Microwave,{188, 531}
2014-07-01T18:54:27.454Z,Touch move,static,Microwave,{215, 541}
2014-07-01T18:54:27.471Z,Touch move,static,Microwave,{246, 547}
2014-07-01T18:54:27.488Z,Touch move,static,Microwave,{275, 551}
2014-07-01T18:54:27.505Z,Touch move,static,Microwave,{301, 553}
2014-07-01T18:54:27.521Z,Touch move,static,Microwave,{329, 553}
2014-07-01T18:54:27.539Z,Touch move,static,Microwave,{358, 548}
2014-07-01T18:54:27.554Z,Touch move,static,Microwave,{385, 536}
2014-07-01T18:54:27.571Z,Touch move,static,Microwave,{409, 521}
2014-07-01T18:54:27.587Z,Touch move,static,Microwave,{429, 506}
2014-07-01T18:54:27.604Z,Touch move,static,Microwave,{445, 489}
2014-07-01T18:54:27.621Z,Touch move,static,Microwave,{457, 472}
2014-07-01T18:54:27.637Z,Touch move,static,Microwave,{466, 455}
2014-07-01T18:54:27.654Z,Touch move,static,Microwave,{472, 441}
2014-07-01T18:54:27.670Z,Touch move,static,Microwave,{477, 421}
2014-07-01T18:54:27.687Z,Touch move,static,Microwave,{483, 402}
2014-07-01T18:54:27.704Z,Touch end,static,Microwave,{485, 400}
2014-07-01T18:54:27.842Z,Touch start,static,Microwave,{481, 332}
2014-07-01T18:54:27.923Z,Touch end,static,Microwave,{479, 329}
2014-07-01T18:54:28.191Z,Touch start,static,Microwave,{387, 106}
2014-07-01T18:54:28.306Z,Touch end,static,Microwave,{381, 110}
2014-07-01T18:54:28.573Z,Touch start,static,Microwave,{412, 401}
2014-07-01T18:54:28.656Z,Touch end,static,Microwave,{421, 397}
2014-07-01T18:54:28.889Z,Touch start,static,Microwave,{431, 212}
2014-07-01T18:54:28.971Z,Touch end,static,Microwave,{439, 210}
2014-07-01T18:54:29.763Z,Microwaving end,mushroom microwaved,Microwave,
2014-07-01T18:54:29.764Z,Touch,On Button ,Microwave,{872, 224}
2014-07-01T18:54:29.764Z,Microwaving end,mushroom microwaved,Microwave,
2014-07-01T18:54:38.267Z,Microwaving end,mushroom microwaved,Microwave,
2014-07-01T18:54:38.271Z,Scene Change,,Table,
2014-07-01T18:54:39.172Z,Food disliked,2.00 like score for mushroom microwaved,Table,
2014-07-01T18:54:39.987Z,Touch start,mushroom,Table,{193, 517}
2014-07-01T18:54:40.100Z,Touch move,mushroom,Table,{201, 516}
2014-07-01T18:54:40.117Z,Touch move,mushroom,Table,{204, 516}
2014-07-01T18:54:40.133Z,Touch move,mushroom,Table,{209, 516}
2014-07-01T18:54:40.150Z,Touch move,mushroom,Table,{215, 516}
2014-07-01T18:54:40.163Z,Touch move,mushroom,Table,{220, 516}
2014-07-01T18:54:40.183Z,Touch move,mushroom,Table,{227, 516}
2014-07-01T18:54:40.196Z,Touch move,mushroom,Table,{236, 516}
2014-07-01T18:54:40.212Z,Touch move,mushroom,Table,{246, 516}
2014-07-01T18:54:40.232Z,Touch move,mushroom,Table,{255, 516}
2014-07-01T18:54:40.246Z,Touch move,mushroom,Table,{267, 515}
2014-07-01T18:54:40.263Z,Touch move,mushroom,Table,{278, 514}
2014-07-01T18:54:40.280Z,Touch move,mushroom,Table,{290, 513}
2014-07-01T18:54:40.296Z,Touch move,mushroom,Table,{300, 512}
2014-07-01T18:54:40.312Z,Touch move,mushroom,Table,{309, 511}
2014-07-01T18:54:40.329Z,Touch move,mushroom,Table,{319, 510}
2014-07-01T18:54:40.346Z,Touch move,mushroom,Table,{329, 509}
2014-07-01T18:54:40.363Z,Touch move,mushroom,Table,{337, 508}
2014-07-01T18:54:40.384Z,Touch move,mushroom,Table,{345, 507}
2014-07-01T18:54:40.395Z,Touch move,mushroom,Table,{352, 507}
2014-07-01T18:54:40.412Z,Touch move,mushroom,Table,{358, 507}
2014-07-01T18:54:40.430Z,Touch move,mushroom,Table,{363, 507}
2014-07-01T18:54:40.446Z,Touch move,mushroom,Table,{368, 507}
2014-07-01T18:54:40.462Z,Touch move,mushroom,Table,{371, 507}
2014-07-01T18:54:40.479Z,Touch move,mushroom,Table,{374, 507}
2014-07-01T18:54:40.495Z,Touch move,mushroom,Table,{376, 507}
2014-07-01T18:54:40.512Z,Touch move,mushroom,Table,{377, 507}
2014-07-01T18:54:40.530Z,Touch move,mushroom,Table,{378, 508}
2014-07-01T18:54:40.545Z,Touch move,mushroom,Table,{379, 508}
2014-07-01T18:54:40.811Z,Touch end,mushroom,Table,{380, 510}
2014-07-01T18:54:40.814Z,Food swallowed,2.00 like score for mushroom microwaved,Table,
2014-07-01T18:54:44.435Z,Food disliked,2.00 like score for mushroom microwaved,Table,
2014-07-01T18:54:50.610Z,Touch start,sausage,Table,{296, 272}
2014-07-01T18:54:50.669Z,Touch end,sausage,Table,{296, 272}
2014-07-01T18:54:55.352Z,Touch move,static,Table,{155, 957}
2014-07-01T18:54:55.369Z,Touch move,static,Table,{155, 950}
2014-07-01T18:54:55.386Z,Touch move,static,Table,{155, 944}
2014-07-01T18:54:55.402Z,Touch move,static,Table,{155, 938}
2014-07-01T18:54:55.419Z,Touch move,static,Table,{155, 931}
2014-07-01T18:54:55.435Z,Touch move,static,Table,{157, 925}
2014-07-01T18:54:55.452Z,Touch move,static,Table,{158, 917}
2014-07-01T18:54:55.469Z,Touch move,static,Table,{159, 906}
2014-07-01T18:54:55.485Z,Touch move,static,Table,{160, 895}
2014-07-01T18:54:55.502Z,Touch move,static,Table,{161, 878}
2014-07-01T18:54:55.519Z,Touch move,static,Table,{161, 863}
2014-07-01T18:54:55.535Z,Touch move,static,Table,{161, 846}
2014-07-01T18:54:55.551Z,Touch move,static,Table,{161, 827}
2014-07-01T18:54:55.568Z,Touch move,static,Table,{159, 804}
2014-07-01T18:54:55.585Z,Touch move,static,Table,{158, 780}
2014-07-01T18:54:57.740Z,Touch start,sausage,Table,{183, 288}
2014-07-01T18:54:57.883Z,Touch move,sausage,Table,{186, 292}
2014-07-01T18:54:57.899Z,Touch move,sausage,Table,{186, 294}
2014-07-01T18:54:57.918Z,Touch move,sausage,Table,{187, 299}
2014-07-01T18:54:57.929Z,Touch move,sausage,Table,{190, 304}
2014-07-01T18:54:57.950Z,Touch move,sausage,Table,{193, 309}
2014-07-01T18:54:57.963Z,Touch move,sausage,Table,{196, 314}
2014-07-01T18:54:57.984Z,Touch move,sausage,Table,{201, 321}
2014-07-01T18:54:57.997Z,Touch move,sausage,Table,{207, 330}
2014-07-01T18:54:58.013Z,Touch move,sausage,Table,{213, 339}
2014-07-01T18:54:58.029Z,Touch move,sausage,Table,{219, 350}
2014-07-01T18:54:58.048Z,Touch move,sausage,Table,{224, 362}
2014-07-01T18:54:58.062Z,Touch move,sausage,Table,{230, 374}
2014-07-01T18:54:58.079Z,Touch move,sausage,Table,{238, 390}
2014-07-01T18:54:58.096Z,Touch move,sausage,Table,{247, 405}
2014-07-01T18:54:58.112Z,Touch move,sausage,Table,{255, 420}
2014-07-01T18:54:58.130Z,Touch move,sausage,Table,{263, 439}
2014-07-01T18:54:58.146Z,Touch move,sausage,Table,{272, 458}
2014-07-01T18:54:58.162Z,Touch move,sausage,Table,{282, 478}
2014-07-01T18:54:58.179Z,Touch move,sausage,Table,{291, 499}
2014-07-01T18:54:58.195Z,Touch move,sausage,Table,{301, 520}
2014-07-01T18:54:58.213Z,Touch move,sausage,Table,{312, 545}
2014-07-01T18:54:58.229Z,Touch move,sausage,Table,{324, 567}
2014-07-01T18:54:58.246Z,Touch move,sausage,Table,{335, 591}
2014-07-01T18:54:58.262Z,Touch move,sausage,Table,{347, 615}
2014-07-01T18:54:58.280Z,Touch move,sausage,Table,{359, 639}
2014-07-01T18:54:58.295Z,Touch move,sausage,Table,{373, 664}
2014-07-01T18:54:58.312Z,Touch move,sausage,Table,{386, 686}
2014-07-01T18:54:58.328Z,Touch move,sausage,Table,{398, 707}
2014-07-01T18:54:58.345Z,Touch move,sausage,Table,{411, 728}
2014-07-01T18:54:58.363Z,Touch move,sausage,Table,{422, 745}
2014-07-01T18:54:58.378Z,Touch move,sausage,Table,{435, 764}
2014-07-01T18:54:58.395Z,Touch move,sausage,Table,{449, 781}
2014-07-01T18:54:58.412Z,Touch move,sausage,Table,{461, 796}
2014-07-01T18:54:58.428Z,Touch move,sausage,Table,{473, 811}
2014-07-01T18:54:58.445Z,Touch move,sausage,Table,{485, 822}
2014-07-01T18:54:58.462Z,Touch move,sausage,Table,{498, 831}
2014-07-01T18:54:58.478Z,Touch move,sausage,Table,{509, 839}
2014-07-01T18:54:58.494Z,Touch move,sausage,Table,{521, 847}
2014-07-01T18:54:58.513Z,Touch move,sausage,Table,{533, 854}
2014-07-01T18:54:58.528Z,Touch move,sausage,Table,{543, 862}
2014-07-01T18:54:58.545Z,Touch move,sausage,Table,{553, 868}
2014-07-01T18:54:58.561Z,Touch move,sausage,Table,{561, 873}
2014-07-01T18:54:58.578Z,Touch move,sausage,Table,{571, 877}
2014-07-01T18:54:58.594Z,Touch move,sausage,Table,{580, 881}
2014-07-01T18:54:58.611Z,Touch move,sausage,Table,{588, 885}
2014-07-01T18:54:58.628Z,Touch move,sausage,Table,{595, 888}
2014-07-01T18:54:58.644Z,Touch move,sausage,Table,{603, 891}
2014-07-01T18:54:58.661Z,Touch move,sausage,Table,{610, 893}
2014-07-01T18:54:58.677Z,Touch move,sausage,Table,{618, 895}
2014-07-01T18:54:58.694Z,Touch move,sausage,Table,{625, 897}
2014-07-01T18:54:58.711Z,Touch move,sausage,Table,{632, 898}
2014-07-01T18:54:58.728Z,Touch move,sausage,Table,{638, 899}
2014-07-01T18:54:58.744Z,Touch move,sausage,Table,{644, 899}
2014-07-01T18:54:58.760Z,Touch move,sausage,Table,{649, 899}
2014-07-01T18:54:58.777Z,Touch move,sausage,Table,{653, 899}
2014-07-01T18:54:58.793Z,Touch move,sausage,Table,{658, 899}
2014-07-01T18:54:58.811Z,Touch move,sausage,Table,{661, 899}
2014-07-01T18:54:58.827Z,Touch move,sausage,Table,{664, 899}
2014-07-01T18:54:58.844Z,Touch move,sausage,Table,{665, 899}
2014-07-01T18:54:58.860Z,Touch move,sausage,Table,{667, 898}
2014-07-01T18:54:58.878Z,Touch move,sausage,Table,{668, 898}
2014-07-01T18:54:58.894Z,Touch move,sausage,Table,{669, 898}
2014-07-01T18:54:58.910Z,Touch move,sausage,Table,{669, 897}
2014-07-01T18:54:58.944Z,Touch move,sausage,Table,{670, 897}
2014-07-01T18:54:58.977Z,Touch move,sausage,Table,{670, 896}
2014-07-01T18:54:59.076Z,Touch move,sausage,Table,{670, 895}
2014-07-01T18:54:59.093Z,Touch move,sausage,Table,{671, 895}
2014-07-01T18:54:59.111Z,Touch end,sausage,Table,{674, 891}
2014-07-01T18:54:59.112Z,Scene Change,,Mixing,
2014-07-01T18:54:59.112Z,Touch,Blender Button,Mixing,{861.30005, 643}
2014-07-01T18:55:01.660Z,Touch start,Button,Mixing,{132, 432}
2014-07-01T18:55:01.664Z,Blending start,sausage blended,Mixing,
2014-07-01T18:55:01.724Z,Touch end,Button,Mixing,{434, 140}
2014-07-01T18:55:01.724Z,Blending end,sausage blended,Mixing,
2014-07-01T18:55:02.375Z,Touch start,Button,Mixing,{137, 400}
2014-07-01T18:55:02.376Z,Blending start,sausage blended,Mixing,
2014-07-01T18:55:02.958Z,Touch end,Button,Mixing,{434, 140}
2014-07-01T18:55:02.958Z,Blending end,sausage blended,Mixing,
2014-07-01T18:55:03.677Z,Touch start,static,Mixing,{425, 140}
2014-07-01T18:55:03.757Z,Touch end,static,Mixing,{432, 140}
2014-07-01T18:55:04.125Z,Touch start,static,Mixing,{580, 457}
2014-07-01T18:55:04.240Z,Touch end,static,Mixing,{581, 458}
2014-07-01T18:55:04.574Z,Touch start,static,Mixing,{483, 824}
2014-07-01T18:55:04.656Z,Touch move,static,Mixing,{480, 821}
2014-07-01T18:55:04.672Z,Touch end,static,Mixing,{480, 819}
2014-07-01T18:55:05.038Z,Touch start,static,Mixing,{465, 415}
2014-07-01T18:55:05.121Z,Touch end,static,Mixing,{470, 410}
2014-07-01T18:55:19.997Z,Touch start,static,Mixing,{527, 680}
2014-07-01T18:55:20.006Z,Touch move,static,Mixing,{529, 674}
2014-07-01T18:55:20.023Z,Touch move,static,Mixing,{529, 658}
2014-07-01T18:55:20.039Z,Touch move,static,Mixing,{529, 637}
2014-07-01T18:55:20.056Z,Touch move,static,Mixing,{530, 602}
2014-07-01T18:55:20.073Z,Touch move,static,Mixing,{532, 563}
2014-07-01T18:55:20.089Z,Touch move,static,Mixing,{532, 523}
2014-07-01T18:55:20.105Z,Touch move,static,Mixing,{530, 486}
2014-07-01T18:55:20.122Z,Touch move,static,Mixing,{525, 452}
2014-07-01T18:55:20.139Z,Touch move,static,Mixing,{518, 421}
2014-07-01T18:55:20.156Z,Touch move,static,Mixing,{512, 393}
2014-07-01T18:55:20.172Z,Touch move,static,Mixing,{507, 369}
2014-07-01T18:55:20.189Z,Touch move,static,Mixing,{501, 345}
2014-07-01T18:55:20.205Z,Touch move,static,Mixing,{495, 322}
2014-07-01T18:55:20.222Z,Touch move,static,Mixing,{488, 303}
2014-07-01T18:55:20.239Z,Touch move,static,Mixing,{482, 286}
2014-07-01T18:55:20.255Z,Touch move,static,Mixing,{476, 272}
2014-07-01T18:55:20.272Z,Touch move,static,Mixing,{470, 259}
2014-07-01T18:55:20.289Z,Touch move,static,Mixing,{467, 248}
2014-07-01T18:55:20.305Z,Touch end,static,Mixing,{465, 246}
2014-07-01T18:55:34.505Z,Scene Change,,Table,
2014-07-01T18:55:36.036Z,Touch start,sausage,Table,{182, 561}
2014-07-01T18:55:36.168Z,Touch move,sausage,Table,{196, 560}
2014-07-01T18:55:36.184Z,Touch move,sausage,Table,{199, 560}
2014-07-01T18:55:36.201Z,Touch move,sausage,Table,{202, 560}
2014-07-01T18:55:36.217Z,Touch move,sausage,Table,{205, 560}
2014-07-01T18:55:36.234Z,Touch move,sausage,Table,{208, 559}
2014-07-01T18:55:36.251Z,Touch move,sausage,Table,{212, 559}
2014-07-01T18:55:36.267Z,Touch move,sausage,Table,{216, 558}
2014-07-01T18:55:36.284Z,Touch move,sausage,Table,{221, 557}
2014-07-01T18:55:36.299Z,Touch move,sausage,Table,{225, 556}
2014-07-01T18:55:36.318Z,Touch move,sausage,Table,{230, 554}
2014-07-01T18:55:36.334Z,Touch move,sausage,Table,{236, 553}
2014-07-01T18:55:36.351Z,Touch move,sausage,Table,{242, 551}
2014-07-01T18:55:36.368Z,Touch move,sausage,Table,{248, 550}
2014-07-01T18:55:36.384Z,Touch move,sausage,Table,{254, 549}
2014-07-01T18:55:36.401Z,Touch move,sausage,Table,{261, 548}
2014-07-01T18:55:36.418Z,Touch move,sausage,Table,{268, 547}
2014-07-01T18:55:36.434Z,Touch move,sausage,Table,{275, 546}
2014-07-01T18:55:36.449Z,Touch move,sausage,Table,{282, 545}
2014-07-01T18:55:36.468Z,Touch move,sausage,Table,{289, 544}
2014-07-01T18:55:36.485Z,Touch move,sausage,Table,{294, 543}
2014-07-01T18:55:36.501Z,Touch move,sausage,Table,{302, 542}
2014-07-01T18:55:36.517Z,Touch move,sausage,Table,{308, 540}
2014-07-01T18:55:36.534Z,Touch move,sausage,Table,{315, 539}
2014-07-01T18:55:36.551Z,Touch move,sausage,Table,{321, 537}
2014-07-01T18:55:36.567Z,Touch move,sausage,Table,{327, 535}
2014-07-01T18:55:36.584Z,Touch move,sausage,Table,{332, 534}
2014-07-01T18:55:36.599Z,Touch move,sausage,Table,{337, 532}
2014-07-01T18:55:36.618Z,Touch move,sausage,Table,{342, 531}
2014-07-01T18:55:36.634Z,Touch move,sausage,Table,{346, 529}
2014-07-01T18:55:36.650Z,Touch move,sausage,Table,{350, 528}
2014-07-01T18:55:36.667Z,Touch move,sausage,Table,{353, 527}
2014-07-01T18:55:36.683Z,Touch move,sausage,Table,{355, 527}
2014-07-01T18:55:36.700Z,Touch move,sausage,Table,{356, 526}
2014-07-01T18:55:36.717Z,Touch move,sausage,Table,{357, 526}
2014-07-01T18:55:36.734Z,Touch move,sausage,Table,{358, 526}
2014-07-01T18:55:36.750Z,Touch move,sausage,Table,{358, 524}
2014-07-01T18:55:37.013Z,Touch move,sausage,Table,{358, 523}
2014-07-01T18:55:37.047Z,Touch move,sausage,Table,{359, 523}
2014-07-01T18:55:37.064Z,Touch end,sausage,Table,{360, 521}
2014-07-01T18:55:37.065Z,Food swallowed,4.00 like score for sausage blended,Table,
