time,event,object,scene,location
2014-07-22T05:08:24.879Z,App Started,iPad2,5,,
2014-07-22T05:08:24.903Z,Character Selected,monster1,,
2014-07-22T05:08:28.291Z,Touch start,static,Table,{430, 721}
2014-07-22T05:08:28.331Z,Touch end,static,Table,{437, 717}
2014-07-22T05:08:29.284Z,Touch start,static,Table,{442, 565}
2014-07-22T05:08:29.347Z,Touch end,static,Table,{446, 565}
2014-07-22T05:08:29.635Z,Touch start,static,Table,{457, 553}
2014-07-22T05:08:29.696Z,Touch end,static,Table,{457, 555}
2014-07-22T05:08:29.914Z,Touch start,static,Table,{454, 542}
2014-07-22T05:08:29.962Z,Touch end,static,Table,{454, 546}
2014-07-22T05:08:30.478Z,Touch start,fridge,Table,{-180, 384}
2014-07-22T05:08:30.576Z,Touch end,fridge,Table,{-49, 384}
2014-07-22T05:08:32.392Z,Touch start,lemon,Table,{296, 409}
2014-07-22T05:08:32.673Z,Touch start,lemon,Table,{427, 313}
2014-07-22T05:08:32.673Z,Touch move,lemon,Table,{427, 313}
2014-07-22T05:08:32.679Z,Touch move,lemon,Table,{427, 317}
2014-07-22T05:08:32.683Z,Touch move,lemon,Table,{427, 322}
2014-07-22T05:08:32.700Z,Touch move,lemon,Table,{427, 327}
2014-07-22T05:08:32.717Z,Touch move,lemon,Table,{427, 335}
2014-07-22T05:08:32.733Z,Touch move,lemon,Table,{427, 343}
2014-07-22T05:08:32.750Z,Touch move,lemon,Table,{426, 350}
2014-07-22T05:08:32.766Z,Touch move,lemon,Table,{425, 360}
2014-07-22T05:08:32.783Z,Touch move,lemon,Table,{424, 371}
2014-07-22T05:08:32.800Z,Touch move,lemon,Table,{422, 381}
2014-07-22T05:08:32.816Z,Touch move,lemon,Table,{420, 395}
2014-07-22T05:08:32.834Z,Touch move,lemon,Table,{418, 405}
2014-07-22T05:08:32.850Z,Touch move,lemon,Table,{415, 416}
2014-07-22T05:08:32.867Z,Touch move,lemon,Table,{412, 427}
2014-07-22T05:08:32.883Z,Touch move,lemon,Table,{409, 438}
2014-07-22T05:08:32.900Z,Touch move,lemon,Table,{404, 448}
2014-07-22T05:08:32.917Z,Touch move,lemon,Table,{400, 457}
2014-07-22T05:08:32.933Z,Touch move,lemon,Table,{396, 466}
2014-07-22T05:08:32.950Z,Touch move,lemon,Table,{393, 474}
2014-07-22T05:08:32.966Z,Touch move,lemon,Table,{389, 483}
2014-07-22T05:08:32.984Z,Touch move,lemon,Table,{385, 490}
2014-07-22T05:08:32.999Z,Touch move,lemon,Table,{382, 495}
2014-07-22T05:08:33.016Z,Touch move,lemon,Table,{378, 501}
2014-07-22T05:08:33.033Z,Touch move,lemon,Table,{374, 505}
2014-07-22T05:08:33.050Z,Touch move,lemon,Table,{371, 509}
2014-07-22T05:08:33.067Z,Touch move,lemon,Table,{368, 513}
2014-07-22T05:08:33.084Z,Touch move,lemon,Table,{365, 517}
2014-07-22T05:08:33.099Z,Touch move,lemon,Table,{362, 520}
2014-07-22T05:08:33.117Z,Touch move,lemon,Table,{359, 523}
2014-07-22T05:08:33.134Z,Touch move,lemon,Table,{357, 527}
2014-07-22T05:08:33.149Z,Touch move,lemon,Table,{355, 528}
2014-07-22T05:08:33.166Z,Touch move,lemon,Table,{354, 529}
2014-07-22T05:08:33.191Z,Touch move,lemon,Table,{354, 530}
2014-07-22T05:08:33.200Z,Touch move,lemon,Table,{353, 531}
2014-07-22T05:08:33.218Z,Touch move,lemon,Table,{353, 531}
2014-07-22T05:08:33.233Z,Touch move,lemon,Table,{353, 531}
2014-07-22T05:08:33.249Z,Touch move,lemon,Table,{353, 531}
2014-07-22T05:08:33.267Z,Touch move,lemon,Table,{353, 531}
2014-07-22T05:08:33.283Z,Touch move,lemon,Table,{353, 531}
2014-07-22T05:08:33.289Z,Touch end,lemon,Table,{550.81561, 334}
2014-07-22T05:08:33.290Z,Touch end,lemon,Table,{350, 528}
2014-07-22T05:08:33.824Z,Food spitted out,1.00 like score for lemon,Table,
